1,0,2,2,4,8,2,0,0,0,0,2,0,0,6,0,0,0,4,0,0,0,0,0,0,0,0,0,0,0,6,0,0,0,0,0,0,6,2,0,0,0,0,0,2,0,4,0,2,0,2,4,0,0,10,0,2,12,8,0,0,0,0,0,0,0,0,30,2,2,0,4,0,2,2,0,2,6,0,0,2,0,0,0,2,4,0,2,4,8,6,0,0,0,0,0,0,0,0,2,0,0,0,0,0,6,0,0,0,4,0,0,2,0,2,0,8,0,4,2,0,0,6,0,0,2,2,0,14,0,4,2,0,0,0,0,0,2,0,0,8,0,0,2,4,0,0,0,0,14,0,12,2,10,2,0,0,0,0,0,0,0,22,4,6,2,4,2,0,6,0,2,2,0,0,4,4,0,0,6,0,0,0,0,0,0,0,0,0,2,0,2,4,0,0,0,0,0,2,0,0,0,6,2,0,0,0,0,10
1,0,2,2,0,4,2,2,0,0,0,0,0,0,0,0,0,2,6,0,0,0,0,0,0,0,0,0,0,0,0,0,0,0,0,0,0,0,6,0,0,0,0,0,0,0,0,0,2,0,4,4,2,0,8,0,2,4,6,0,0,6,0,8,0,0,0,14,8,0,0,6,0,2,2,0,2,18,0,2,2,0,0,2,6,10,0,0,6,0,0,2,0,2,0,0,0,0,0,0,2,0,0,0,0,0,2,0,2,2,0,0,0,0,4,0,0,2,6,8,2,0,0,0,0,0,10,0,12,8,8,0,0,0,0,0,0,0,0,0,6,0,0,0,0,0,2,0,2,10,0,0,0,10,0,0,0,2,0,2,0,0,24,6,0,2,0,20,0,4,0,2,0,0,0,8,8,0,0,0,2,0,2,0,0,0,0,2,0,0,4,0,4,0,2,0,0,6,0,14,20,0,2,4,0,0,0,0,18
1,0,2,2,0,0,4,0,0,0,2,4,0,4,0,0,0,0,6,0,0,0,0,0,2,0,0,0,0,0,0,0,0,0,0,0,0,8,6,0,10,2,2,2,2,0,0,0,0,0,0,4,0,0,6,0,2,2,10,2,0,0,0,0,0,0,0,18,12,4,0,4,0,0,6,0,0,6,0,4,0,0,0,0,10,6,0,0,0,8,0,0,0,2,0,0,0,0,0,4,2,2,0,0,0,0,4,0,10,2,4,0,2,0,2,6,0,0,4,4,0,0,0,2,0,2,8,2,32,12,8,0,0,0,0,0,0,0,2,0,4,2,4,0,2,0,0,0,0,8,0,6,0,8,0,0,0,2,0,2,0,2,14,0,2,2,0,0,12,14,2,0,0,0,0,10,2,0,0,0,0,0,0,0,0,0,0,0,2,6,10,0,12,0,8,0,0,0,2,2,0,0,0,2,2,0,0,0,10
1,0,6,6,2,0,0,0,0,0,2,2,0,0,0,0,0,0,2,0,0,0,0,4,0,4,0,0,0,0,0,0,0,0,0,2,0,0,6,0,4,4,0,4,8,0,4,0,4,0,0,0,0,0,0,2,4,10,2,0,0,2,4,0,0,2,0,2,2,6,0,8,0,0,0,0,0,10,2,0,0,0,0,2,4,2,0,0,4,2,0,0,0,10,0,0,0,0,0,0,0,4,0,0,2,0,2,0,4,0,0,2,0,0,4,0,4,6,4,6,2,0,2,0,0,0,0,0,26,6,8,0,0,2,0,0,0,0,0,2,2,2,4,4,8,0,0,0,0,8,0,4,0,14,2,0,0,0,0,12,0,0,16,0,0,6,2,0,2,34,0,2,0,0,0,14,8,0,2,0,6,0,2,2,2,6,0,4,2,6,4,0,6,0,2,2,2,0,0,2,0,2,4,0,0,4,0,0,0
1,0,8,8,0,2,2,2,0,0,0,4,0,2,0,0,0,0,0,0,0,0,0,0,0,0,0,0,0,0,0,0,0,0,0,0,0,0,2,0,2,0,0,2,8,0,4,0,0,6,8,2,0,0,10,0,0,2,6,0,0,0,16,10,2,0,0,10,2,6,0,4,2,0,10,0,0,10,0,2,4,0,0,0,6,0,0,0,8,2,4,6,0,4,0,0,0,0,0,0,8,0,2,0,0,6,2,0,14,0,2,2,8,2,2,6,0,0,8,6,0,0,0,2,0,0,8,4,40,16,4,0,0,0,4,0,0,0,0,0,6,0,0,0,0,0,0,0,0,10,0,22,0,14,4,4,2,2,0,2,0,2,8,8,2,2,6,2,10,16,2,2,0,0,0,8,18,0,0,0,0,0,2,2,0,0,0,6,0,2,2,4,16,0,0,0,0,0,0,0,0,0,4,0,0,0,0,2,10
1,0,0,0,0,0,2,0,0,2,0,2,0,2,0,0,0,0,0,0,0,0,0,8,0,0,0,2,0,0,0,0,6,0,0,2,0,4,6,0,2,0,0,0,6,0,2,0,0,10,2,0,2,0,2,0,6,2,2,0,0,0,16,8,0,0,2,2,8,4,0,0,0,0,0,0,2,2,0,0,0,0,0,6,4,4,0,0,0,0,0,0,0,2,0,0,0,0,0,0,4,0,0,0,0,2,2,0,6,0,0,0,0,0,2,4,0,2,10,2,0,0,0,0,2,0,0,0,22,10,12,0,2,0,0,0,0,0,2,2,6,0,2,0,4,0,2,2,0,14,0,10,0,14,2,0,0,0,0,2,0,0,12,0,8,2,2,6,0,0,0,10,0,0,0,8,20,0,0,2,4,0,0,0,0,0,0,10,0,0,8,8,10,0,0,0,0,0,0,4,0,2,4,2,0,0,0,0,10
1,0,4,4,0,4,4,2,0,2,0,2,0,0,0,0,0,0,0,0,0,0,0,0,0,0,0,0,2,0,0,0,0,0,0,4,0,16,4,2,2,0,0,0,6,0,0,0,4,14,0,6,2,0,8,6,2,0,2,0,0,0,0,0,0,0,0,6,2,2,0,0,0,0,2,0,0,2,0,0,0,0,0,0,4,2,0,0,0,0,4,4,0,0,0,0,0,2,0,0,2,2,0,0,0,2,2,4,6,8,0,0,0,2,6,0,4,0,4,2,0,0,2,0,0,0,6,0,12,6,4,8,0,0,0,0,0,0,2,4,2,0,0,2,0,0,2,0,0,14,0,22,4,18,4,0,0,0,0,0,0,0,16,0,0,14,2,12,10,8,0,2,0,0,0,24,10,2,4,0,2,0,0,0,0,0,0,0,0,0,0,0,0,0,0,0,0,0,0,0,0,2,2,0,0,0,0,0,0
1,0,6,6,0,0,0,2,0,2,0,2,0,0,2,0,0,0,0,0,2,0,0,2,0,0,0,0,0,0,0,0,0,0,0,0,0,2,4,2,2,0,0,0,2,0,2,2,0,14,0,4,4,2,6,2,2,2,6,0,0,2,4,6,2,0,0,4,12,8,0,2,2,0,2,0,0,10,0,2,0,2,0,0,0,0,0,0,0,2,2,26,0,0,2,0,0,0,0,2,0,2,2,0,0,0,0,0,6,0,0,2,2,0,0,4,2,0,12,2,0,0,0,2,0,0,0,0,14,12,8,6,0,0,2,0,0,0,2,0,4,8,2,0,2,0,0,0,0,28,0,18,4,16,2,0,0,0,0,0,0,0,12,0,0,2,4,0,2,12,0,2,0,0,0,28,26,0,0,0,0,0,0,0,0,0,0,0,0,0,0,0,0,0,0,0,0,0,0,0,0,0,2,6,0,0,0,0,4
1,0,4,4,0,4,2,4,0,2,0,4,0,4,0,0,0,0,0,0,0,2,0,6,0,0,0,0,0,0,2,0,0,0,0,0,0,2,4,0,0,0,2,0,4,0,4,0,0,8,4,12,4,0,2,2,0,6,6,0,0,4,4,8,0,0,0,2,4,0,0,4,0,0,6,2,0,4,0,0,0,0,0,0,0,0,0,0,4,12,2,0,0,6,0,0,0,0,0,0,0,2,0,0,0,2,2,8,2,2,2,0,2,0,0,2,0,0,6,0,0,0,4,0,0,0,6,0,18,4,8,0,0,0,0,0,0,8,6,0,12,2,0,0,0,0,0,0,0,30,2,26,2,16,2,6,0,0,0,0,0,0,12,0,0,8,2,6,6,24,0,2,0,0,0,10,8,0,2,0,0,0,0,0,0,0,0,0,0,0,0,0,0,0,0,0,0,0,0,0,0,6,4,6,0,0,0,0,0
1,0,2,2,2,0,4,6,0,0,0,2,0,12,0,0,0,0,0,0,0,0,0,6,2,0,0,0,0,0,0,0,0,0,0,6,0,0,10,0,0,0,0,0,4,0,4,0,0,12,0,2,2,0,14,0,2,2,6,0,0,0,8,8,6,0,0,0,0,0,2,0,2,0,6,0,4,12,2,0,2,0,0,2,4,2,0,4,2,0,0,0,0,0,2,0,0,2,0,2,4,0,0,0,0,6,2,2,2,0,0,2,0,0,4,2,10,10,14,0,0,0,0,0,2,2,0,2,20,4,8,0,0,0,0,0,0,0,0,0,8,12,4,2,2,0,2,0,0,20,0,8,2,14,0,0,0,2,0,0,0,0,24,4,0,0,4,0,4,4,0,4,0,0,0,8,16,0,0,0,0,0,0,0,0,0,0,0,0,0,0,0,0,0,0,0,0,0,0,0,0,2,6,12,0,0,0,0,0
1,0,2,2,0,2,6,6,0,0,0,2,0,0,0,0,0,0,0,2,0,0,0,2,2,0,0,0,0,0,0,0,6,0,0,0,0,4,0,0,0,2,0,0,2,0,2,2,2,12,0,0,0,0,2,0,12,0,12,0,0,0,2,2,0,0,0,8,16,0,0,2,0,0,2,0,0,4,0,0,0,0,0,4,6,0,0,0,2,10,2,0,0,2,0,0,0,0,2,0,2,0,0,0,2,0,0,0,0,2,0,6,0,0,0,2,8,4,8,0,0,0,10,2,0,2,18,4,28,10,0,6,4,0,0,0,0,2,0,2,20,12,2,0,10,0,0,0,0,26,0,12,0,12,0,0,0,0,0,0,0,0,16,0,0,6,4,0,2,6,0,0,0,0,0,12,10,0,4,0,0,0,0,0,0,0,0,0,0,0,0,0,0,0,0,0,0,0,0,0,0,2,8,14,0,2,0,0,12
1,0,2,2,2,0,2,0,0,0,0,0,0,0,0,0,0,0,0,2,0,0,0,2,0,2,0,0,2,0,0,0,0,0,0,2,0,4,10,0,0,0,0,0,0,0,6,0,0,16,0,0,2,0,8,0,6,2,2,0,0,0,4,0,2,4,0,2,4,0,0,2,2,2,0,0,0,4,2,2,2,0,0,0,2,0,0,0,2,6,2,2,0,2,0,0,0,0,2,2,2,2,4,0,2,2,0,2,6,4,0,0,0,0,4,8,4,2,0,0,2,0,2,0,0,0,6,0,28,6,6,0,0,0,0,0,0,0,0,0,6,0,0,0,6,0,0,0,0,22,0,2,2,10,2,4,4,0,0,2,0,0,6,0,2,14,4,0,2,14,0,0,0,0,0,18,26,0,2,0,0,0,0,0,0,0,0,0,0,0,0,0,0,0,0,0,0,0,0,0,0,0,0,32,0,2,0,0,0
1,0,0,0,0,0,2,0,0,0,0,0,0,0,0,0,0,0,0,0,0,0,0,0,0,0,0,0,0,0,0,0,0,0,0,0,0,6,4,0,6,2,2,0,0,0,14,0,0,10,0,0,0,4,6,0,4,0,0,0,0,0,4,0,0,0,0,2,10,0,0,0,0,0,2,0,0,2,0,0,8,0,2,2,0,0,0,0,6,2,6,4,0,0,0,0,0,0,0,0,0,0,0,0,0,0,0,0,0,0,0,0,0,0,0,0,26,6,0,0,0,0,18,2,0,2,0,0,0,0,6,0,0,0,0,0,0,0,0,0,2,2,0,0,0,0,2,0,0,0,0,6,0,4,0,0,0,0,0,0,0,0,0,0,0,6,2,0,8,6,0,0,0,2,0,6,0,0,0,0,0,0,0,0,0,0,0,0,0,0,0,0,0,0,0,0,0,0,0,0,0,0,22,8,0,0,0,0,0
1,0,0,0,0,0,4,0,0,0,0,0,0,0,0,0,0,0,0,0,0,0,0,0,0,0,0,0,0,0,0,0,0,0,0,0,0,0,4,2,0,0,0,0,0,0,6,0,0,8,4,4,0,0,10,0,14,0,0,0,0,0,6,32,0,4,0,4,0,0,0,0,0,2,4,2,0,4,0,0,6,0,2,6,4,2,0,0,0,14,0,2,0,0,0,0,0,0,0,0,0,0,0,0,0,0,0,0,0,0,0,0,0,0,0,0,4,2,0,0,0,0,0,0,0,0,0,0,0,0,4,0,0,0,0,0,0,0,0,0,4,0,0,0,0,0,2,0,0,0,0,18,4,26,0,0,0,0,0,0,0,0,0,0,0,4,2,0,4,10,0,0,0,0,0,0,0,0,0,0,0,0,0,0,0,0,0,0,0,0,0,0,0,0,0,0,0,0,0,0,0,0,14,0,0,0,0,0,10
1,0,0,0,0,0,2,12,0,0,0,0,0,0,0,0,0,0,0,0,0,0,0,0,0,0,0,0,0,0,0,0,0,0,0,0,0,0,2,0,4,2,0,0,0,0,0,0,0,14,0,12,0,0,8,0,2,0,0,0,0,0,4,0,2,0,0,6,4,0,0,0,0,0,6,0,2,0,0,0,4,0,0,4,0,4,0,0,4,6,0,0,0,0,0,0,0,0,0,0,0,0,0,0,0,0,0,0,0,0,0,0,0,0,0,0,6,2,0,0,0,0,4,0,2,0,0,0,0,0,2,0,0,0,0,0,0,0,0,0,8,6,6,0,0,0,0,0,0,0,0,10,2,10,4,0,0,0,0,2,0,0,0,0,0,6,2,0,0,6,0,0,0,0,0,2,0,0,0,0,0,0,0,0,0,0,0,0,0,0,0,0,0,0,0,0,0,0,0,0,0,4,4,4,6,10,0,0,0
1,0,0,0,0,0,0,0,0,0,0,0,0,0,0,0,0,0,0,0,0,0,0,0,0,0,0,0,0,0,0,0,0,0,0,0,0,0,6,0,6,2,2,0,0,0,6,0,0,12,0,12,0,0,8,0,6,0,0,0,0,2,2,0,0,4,0,0,0,0,0,0,0,0,6,6,2,0,2,0,4,0,2,0,2,0,2,0,0,4,0,0,0,0,0,0,0,0,0,0,0,0,0,0,0,0,0,0,0,0,0,0,0,0,0,0,8,6,0,0,0,0,8,0,0,0,0,0,0,0,0,0,0,0,0,0,0,0,0,0,6,0,2,0,0,0,2,0,0,0,0,6,0,0,0,0,0,2,0,0,0,0,0,0,0,0,2,0,2,0,0,0,0,4,0,0,0,0,0,0,0,0,0,0,0,0,0,0,0,0,0,0,0,0,0,0,0,0,0,0,0,0,0,0,4,8,0,0,0
1,0,0,0,0,0,2,0,0,0,0,0,0,0,0,0,0,0,0,0,0,0,0,0,0,0,0,0,0,0,0,0,0,0,0,0,0,2,6,0,4,0,0,0,0,0,0,0,0,4,0,2,0,0,4,0,6,0,0,0,0,0,8,0,4,2,2,10,2,0,0,0,0,6,0,2,2,4,0,4,4,0,0,2,4,0,0,0,0,6,2,0,0,0,0,0,0,0,0,0,0,0,0,0,0,0,0,0,0,0,0,0,0,0,0,0,0,0,0,0,0,0,0,0,0,0,0,0,0,0,0,0,0,0,0,0,0,0,0,0,0,0,0,0,0,0,0,0,0,0,0,0,0,0,0,0,0,0,0,0,0,0,0,0,0,0,0,0,0,0,0,0,0,0,0,0,0,0,0,0,0,0,0,0,0,0,0,0,0,0,0,0,0,0,0,0,0,0,0,0,0,0,4,8,0,4,0,4,2
1,0,0,0,0,0,2,0,0,0,0,0,0,0,0,0,0,0,0,0,0,0,0,0,0,0,0,0,0,0,0,0,0,0,0,0,0,2,4,2,8,0,0,0,0,0,0,0,0,8,0,2,0,4,2,0,8,0,0,0,0,0,6,10,2,0,0,2,0,0,0,0,0,6,4,4,0,0,0,0,8,0,0,0,6,0,0,0,0,2,0,0,0,0,0,0,0,2,0,0,0,0,0,0,0,0,0,0,0,0,0,0,0,0,0,0,0,0,0,0,0,0,0,0,0,0,0,0,0,0,0,0,0,0,0,0,0,0,0,0,0,0,0,0,0,0,0,0,0,0,0,0,0,0,0,0,0,0,0,0,0,0,0,0,0,0,0,0,0,0,0,0,0,0,0,0,0,0,0,0,0,0,0,0,0,0,0,0,0,0,0,0,0,0,0,0,0,0,0,0,0,0,16,6,2,6,0,0,8
1,0,0,0,0,0,2,10,0,0,0,0,0,0,0,0,0,0,0,0,0,0,0,0,0,0,0,0,0,0,0,0,0,0,0,0,0,0,6,0,8,0,0,0,0,0,2,0,0,6,0,8,0,2,2,0,2,0,0,0,0,0,6,0,0,0,0,0,4,0,0,0,0,6,0,4,0,0,0,0,2,0,2,0,2,0,0,0,4,0,2,4,0,0,0,0,0,0,0,0,0,0,0,0,0,0,0,0,0,0,0,0,0,0,0,0,0,0,0,0,0,0,0,0,0,0,0,0,0,0,0,0,0,0,0,0,0,0,0,0,0,0,0,0,0,0,0,0,0,0,0,0,0,0,0,0,0,0,0,0,0,0,0,0,0,0,0,0,0,0,0,0,0,2,0,0,0,0,0,0,0,0,0,0,0,0,0,0,0,0,0,0,0,0,0,0,0,0,0,0,0,6,0,2,0,2,0,0,0
1,0,0,0,0,0,0,2,0,0,0,0,0,0,0,0,0,0,0,0,0,0,0,0,0,0,0,0,0,0,0,0,0,0,0,0,0,0,2,0,0,6,0,0,0,0,16,0,0,12,0,0,0,2,0,0,2,0,0,0,0,0,0,0,0,2,0,2,0,0,0,0,0,10,0,0,6,0,0,0,8,0,0,0,0,0,0,0,12,0,0,4,0,0,0,0,0,2,0,0,0,0,0,0,0,0,0,0,0,0,0,0,0,0,0,0,0,0,0,0,0,0,0,0,0,0,0,0,0,0,0,0,0,0,0,0,0,0,0,0,0,0,0,0,0,0,0,0,0,0,0,0,0,0,0,0,0,0,0,0,0,0,0,0,0,0,0,0,0,0,0,0,0,0,0,0,0,0,0,0,0,0,0,0,0,0,0,0,0,0,0,0,0,0,0,0,0,0,0,0,0,12,0,2,0,2,0,0,4
2,4,2,2,8,0,0,0,0,0,0,0,0,0,0,0,0,0,0,0,0,0,0,0,6,0,0,0,0,0,0,0,0,0,0,0,0,0,4,0,2,0,0,0,2,0,0,0,0,0,0,8,0,0,0,4,4,4,10,0,0,0,2,0,2,0,0,16,0,0,0,2,0,2,0,2,0,10,0,0,2,0,2,0,4,0,0,0,8,0,0,0,0,0,0,0,0,0,0,4,2,4,0,0,0,2,8,4,0,2,0,2,0,0,0,4,8,2,2,0,4,0,4,2,0,2,0,0,18,8,6,6,0,0,0,0,0,2,0,2,2,2,2,0,6,0,0,0,0,4,0,16,2,16,0,0,0,4,0,2,0,0,6,8,2,8,6,0,0,22,0,12,0,0,0,4,2,0,0,0,16,2,0,0,4,2,2,0,0,0,0,0,6,0,0,0,0,2,8,0,0,4,10,2,0,2,0,0,14
2,2,2,2,8,0,0,2,0,0,2,2,0,0,2,0,0,0,8,0,0,0,0,2,0,0,0,0,0,0,0,0,0,0,0,2,0,0,0,0,2,0,0,2,0,0,0,0,0,0,2,8,2,0,0,2,12,2,10,0,0,0,0,0,4,0,0,26,0,0,0,2,2,0,0,2,0,6,0,0,0,0,0,0,2,0,0,0,4,6,0,8,0,4,0,0,0,2,0,0,0,0,2,0,0,0,0,0,8,4,0,2,2,0,4,8,6,2,0,6,2,0,0,0,0,2,0,0,12,10,18,0,0,0,0,0,0,0,0,0,6,8,4,0,0,0,0,0,0,12,2,10,0,2,0,0,0,0,0,0,0,0,4,0,0,2,2,2,4,16,0,4,0,0,0,18,2,0,0,0,2,4,0,0,0,2,0,0,0,2,4,0,0,0,0,0,0,2,2,0,0,0,12,2,0,0,0,0,12
2,0,0,0,0,0,0,0,0,0,2,10,0,0,0,0,0,0,10,0,2,0,0,2,0,2,0,2,2,0,0,0,0,0,0,2,0,0,8,0,0,2,2,0,0,0,0,0,0,0,4,0,0,0,2,4,10,2,8,0,0,0,0,6,0,2,0,16,0,0,0,4,0,4,10,0,0,14,2,0,8,0,4,2,0,0,0,0,0,2,4,10,0,4,0,0,0,0,0,4,0,0,0,0,2,0,2,2,6,0,0,0,2,4,2,6,4,0,4,0,0,0,2,0,2,0,6,0,34,10,8,0,2,0,0,0,0,2,6,0,8,2,0,0,8,0,0,0,0,18,2,14,2,12,2,0,0,0,2,4,0,0,20,6,0,6,2,0,2,0,0,8,0,0,0,8,0,0,0,0,0,6,0,0,0,6,2,2,0,0,4,0,10,0,0,0,0,2,4,0,0,4,22,2,0,0,0,0,10
2,0,0,0,0,8,2,0,0,0,2,2,0,4,0,0,2,0,0,0,0,0,0,2,0,0,0,0,0,0,0,0,0,2,0,2,0,2,4,0,2,0,2,0,2,0,2,0,2,6,2,6,0,0,2,0,4,8,4,0,0,0,2,30,4,4,0,10,2,4,0,2,0,2,6,0,8,18,0,2,8,2,0,0,0,0,0,0,0,4,0,0,0,0,2,0,0,0,0,2,2,0,2,0,0,6,4,6,4,0,0,0,0,0,4,6,12,2,4,2,0,0,4,0,2,2,0,0,14,16,0,0,0,0,0,0,0,2,0,0,2,0,0,0,0,0,2,0,0,6,2,6,0,2,0,0,0,4,0,0,0,2,6,0,0,2,0,0,0,6,4,8,0,0,0,6,0,0,2,4,6,0,0,2,0,8,0,4,0,0,8,0,4,0,4,0,0,0,0,2,0,0,2,0,0,0,0,0,14
2,0,0,0,6,2,0,0,0,4,0,2,0,0,0,0,0,0,2,0,0,0,0,6,0,0,0,0,0,0,0,0,0,0,0,0,0,0,0,0,2,0,0,0,6,0,2,2,0,10,0,0,2,0,8,0,4,12,6,2,0,0,2,0,0,4,0,4,0,6,0,6,0,6,4,0,2,8,0,2,0,0,2,4,0,0,0,2,0,2,2,0,0,6,0,0,0,0,0,4,6,0,0,0,0,0,2,6,2,0,2,0,0,0,2,0,8,2,0,6,2,0,2,0,0,0,4,2,22,8,10,0,6,0,0,0,0,0,2,0,14,18,8,0,4,0,0,0,0,6,0,24,2,10,4,0,0,0,0,0,0,0,8,2,0,2,2,2,10,18,0,2,0,0,0,14,4,0,2,0,6,0,0,0,0,4,0,2,0,4,6,2,12,0,14,0,0,0,2,4,6,0,4,4,0,2,2,0,4
2,0,0,0,0,2,6,0,0,0,0,2,2,0,0,0,0,0,0,0,0,0,2,2,0,2,0,0,0,0,0,0,0,0,0,0,0,0,0,0,2,8,2,0,2,0,2,0,0,14,0,4,0,0,4,0,6,6,8,0,0,0,0,0,0,2,0,6,6,8,0,0,8,0,2,0,6,14,0,0,6,0,0,2,2,6,0,0,0,0,4,14,0,0,0,0,0,0,0,0,0,0,0,0,0,2,4,2,8,0,0,0,2,0,4,8,0,4,8,12,0,0,10,0,0,0,2,0,18,0,6,0,0,0,2,0,0,2,0,2,8,4,0,0,0,0,0,0,0,8,0,8,0,4,0,0,2,2,0,0,0,2,10,0,0,4,8,2,2,6,0,2,0,0,0,22,6,0,0,0,8,0,0,8,2,12,0,4,0,0,2,8,18,0,2,0,2,0,0,4,0,0,2,2,0,0,0,2,8
2,0,8,8,2,10,0,0,0,4,0,8,0,4,4,0,0,0,0,0,0,0,0,6,0,2,0,0,0,0,0,0,0,0,0,2,0,2,4,0,2,0,0,0,8,0,0,0,0,14,2,6,0,0,14,4,14,2,8,0,0,0,0,24,4,10,2,6,2,8,0,0,2,0,2,0,2,2,0,0,6,6,2,2,2,0,0,0,0,0,0,4,0,0,0,0,0,2,0,0,2,0,0,0,0,0,4,2,12,0,2,0,0,0,2,4,10,10,4,0,4,0,0,0,0,0,4,0,32,12,4,0,0,0,0,0,0,0,0,0,2,2,2,0,0,0,2,0,0,22,0,6,0,4,2,0,0,14,0,2,0,0,8,6,0,4,6,6,10,24,0,0,0,0,0,6,10,0,0,0,8,0,0,6,0,6,4,8,0,2,4,0,4,0,14,0,0,0,0,2,0,6,8,2,0,0,0,0,10
2,0,2,2,6,8,0,16,0,0,0,2,2,0,6,0,0,0,0,0,2,0,0,2,0,2,0,0,0,0,0,0,0,0,0,4,0,0,6,0,2,0,0,2,0,0,0,2,0,2,0,14,2,0,2,0,10,8,10,0,0,0,2,0,2,6,0,2,6,12,0,0,0,4,0,2,0,2,0,2,6,0,0,0,2,0,0,0,0,0,2,0,0,0,0,0,0,0,2,0,0,0,0,0,0,2,0,0,6,0,0,2,6,2,0,4,14,0,8,6,0,0,2,2,0,0,0,0,14,18,2,0,0,0,0,2,0,2,2,2,6,2,4,0,2,0,0,0,0,22,0,14,2,10,0,0,0,0,0,4,0,0,10,0,0,0,2,0,6,14,0,0,2,0,0,14,6,0,0,0,0,0,2,4,0,0,0,0,0,8,12,0,4,2,6,0,2,2,0,0,0,0,0,4,0,0,0,0,14
2,2,4,4,2,0,2,0,0,2,0,2,0,0,0,0,0,0,0,0,0,0,0,0,0,0,0,0,0,0,0,0,2,0,0,2,0,2,4,0,0,0,0,0,0,0,8,0,0,10,2,4,0,10,4,4,6,12,12,0,0,0,8,8,2,0,0,16,4,4,8,12,6,0,2,0,0,8,0,0,4,0,0,0,0,0,0,2,0,8,2,0,0,4,0,0,0,0,0,0,2,0,0,0,0,2,0,0,0,2,2,6,2,0,4,2,14,8,0,0,0,0,2,0,0,0,2,0,22,6,2,0,0,0,0,0,0,0,0,2,2,6,0,0,2,0,0,0,0,22,0,6,0,0,0,0,0,0,0,0,0,0,10,0,0,6,4,0,4,6,0,2,0,2,0,10,20,0,6,0,0,0,2,2,0,0,0,0,0,8,4,0,10,0,0,0,0,2,0,0,0,2,0,10,0,2,0,0,2
2,0,10,10,8,2,0,8,0,0,0,0,0,0,8,0,0,0,0,0,0,0,0,4,0,0,0,0,0,0,0,0,0,0,0,4,0,4,2,4,2,6,0,0,6,0,0,0,0,8,0,18,0,0,2,0,8,10,6,0,0,0,0,2,0,2,0,2,2,0,0,10,2,20,2,0,0,6,0,0,2,2,0,2,0,0,0,0,2,0,2,4,0,6,0,0,0,0,0,0,0,0,2,0,2,0,0,2,2,0,0,2,4,0,0,2,10,0,22,0,0,0,2,4,0,2,2,2,24,0,4,0,2,0,2,0,2,10,0,0,6,2,0,0,0,0,2,0,0,40,0,4,0,8,2,0,0,2,0,2,0,0,8,0,0,0,2,0,2,20,0,2,0,0,0,12,8,0,0,0,0,0,0,0,0,0,0,2,0,0,0,2,10,0,0,0,0,0,0,0,0,0,8,20,0,2,0,0,2
2,0,4,4,4,0,4,2,0,2,0,2,0,0,0,0,0,0,0,0,0,0,0,8,4,0,0,2,0,0,0,0,0,0,0,2,0,0,10,0,0,0,0,0,2,0,0,2,2,16,0,0,0,2,16,0,0,0,4,0,0,0,2,10,0,0,0,0,4,0,0,0,4,10,2,0,0,2,0,0,4,0,0,2,2,0,0,2,4,10,0,0,0,0,0,0,0,2,0,0,2,2,0,0,0,4,2,2,0,2,2,0,0,0,2,2,4,4,6,0,0,0,0,2,0,2,10,0,36,16,2,0,2,0,0,0,0,0,0,2,14,4,2,0,8,0,2,0,0,14,2,4,0,10,0,0,0,0,0,0,0,2,18,0,0,6,0,6,2,12,0,0,0,0,0,8,6,0,2,0,0,0,0,0,0,0,0,6,0,0,0,0,6,0,0,0,0,0,0,0,0,0,6,10,0,2,0,0,2
2,0,2,2,0,0,0,4,0,0,0,0,0,4,0,0,0,0,0,0,2,0,0,4,0,2,0,0,0,0,2,0,8,0,0,2,0,4,4,0,0,0,0,0,8,0,0,0,0,0,0,2,0,0,6,0,14,0,6,0,0,0,6,4,4,4,0,6,0,0,0,2,0,2,2,2,0,6,0,0,6,0,0,2,2,0,0,0,0,10,0,0,0,4,0,0,0,0,0,0,0,2,2,0,4,0,0,0,12,0,4,2,0,0,2,2,4,16,10,0,4,0,2,0,0,0,18,2,40,6,0,0,2,0,0,0,2,4,0,2,8,2,0,0,10,0,0,0,0,10,0,8,2,14,2,0,0,0,0,4,0,0,14,2,0,4,2,2,0,14,2,0,2,2,0,6,10,0,2,0,0,0,0,0,0,0,0,8,0,4,8,0,18,0,0,0,0,0,0,0,0,0,2,18,4,0,0,0,2
2,0,0,0,0,0,6,0,0,0,0,0,0,0,0,0,0,0,0,0,0,0,0,0,0,0,0,0,0,0,0,0,0,0,0,0,0,0,4,0,4,0,0,0,0,0,2,0,2,14,4,6,0,0,12,0,4,0,0,0,0,0,2,2,6,6,0,0,2,0,0,0,0,2,6,0,0,4,0,0,12,0,0,0,0,0,0,0,0,8,8,8,0,0,0,0,0,0,0,0,0,0,0,0,0,0,0,0,0,0,0,0,0,0,0,0,6,4,0,0,0,0,6,0,0,2,0,0,0,0,4,0,0,0,0,0,0,0,0,0,4,0,0,0,0,0,2,0,0,0,0,8,2,8,0,0,0,0,0,0,0,0,0,0,0,8,2,0,4,22,2,0,0,0,0,2,0,0,0,0,0,0,0,0,0,0,0,0,0,0,0,0,0,0,0,0,0,0,0,0,0,0,8,4,4,16,2,0,6
2,0,0,0,0,0,0,10,0,0,0,0,0,0,0,0,0,0,0,0,0,0,0,0,0,0,0,0,0,0,0,0,0,0,0,0,0,4,2,0,0,0,0,0,0,0,0,0,2,14,6,2,0,0,6,0,6,0,0,0,0,0,2,0,0,12,0,2,4,0,0,0,0,2,0,2,2,0,2,2,8,0,0,0,2,2,0,2,0,14,0,0,0,0,0,0,0,0,0,0,0,0,0,0,0,0,0,0,0,0,0,0,0,0,0,0,4,0,0,0,0,0,6,0,0,0,0,0,0,0,0,0,0,0,0,0,0,0,0,0,10,2,0,0,0,0,0,2,2,0,0,10,0,12,4,0,0,0,0,0,0,0,0,0,0,8,2,0,2,4,0,0,0,2,0,2,0,0,0,0,0,0,0,0,0,0,0,0,0,0,0,0,0,0,0,0,0,0,0,0,0,0,4,0,6,8,0,0,0
2,0,0,0,0,0,0,0,0,0,0,0,0,0,0,0,0,0,0,0,0,0,0,0,0,0,0,0,0,0,0,0,0,0,0,0,0,0,0,0,2,0,0,0,0,0,0,0,0,8,0,2,0,0,8,0,6,0,0,0,0,0,2,6,0,0,0,8,0,0,2,0,0,0,0,0,2,6,4,4,8,0,0,2,0,0,0,0,0,4,2,22,0,0,0,0,0,0,0,0,0,0,0,0,0,0,0,0,0,0,0,0,0,0,0,0,4,0,0,0,4,0,8,2,2,4,0,0,0,0,2,0,0,0,0,0,0,0,0,0,4,0,0,0,0,0,4,0,0,0,0,2,0,6,0,0,0,0,0,6,0,0,0,0,2,6,2,0,0,14,0,0,0,0,0,0,0,0,0,0,0,0,0,0,0,0,0,0,0,0,0,0,0,0,0,0,0,0,0,0,0,0,8,0,2,0,0,0,0
2,0,0,0,0,0,0,0,0,0,0,0,0,0,0,0,0,0,0,0,0,0,0,0,0,0,0,0,0,0,0,0,0,0,0,0,0,2,2,2,0,0,0,0,0,0,0,0,0,16,0,0,0,0,4,0,6,0,0,0,0,0,0,10,4,6,0,8,0,0,0,0,0,0,6,0,0,2,0,6,2,0,0,0,0,0,0,0,4,20,4,0,0,0,0,0,0,2,0,0,0,0,0,0,0,0,0,0,0,0,0,0,0,0,0,0,4,2,0,0,0,0,8,0,2,0,0,0,0,0,6,0,0,0,0,0,0,0,0,0,0,0,0,0,0,0,0,0,0,0,0,8,0,6,0,0,2,0,0,4,0,0,0,0,0,10,2,0,2,8,0,0,0,0,0,0,0,0,0,0,0,0,0,0,0,0,0,0,0,0,0,0,0,0,0,0,0,0,0,0,0,0,14,6,0,6,0,0,0
2,0,0,0,0,0,4,0,0,0,0,0,0,0,0,0,0,0,0,0,0,0,0,0,0,0,0,0,0,0,0,0,0,0,0,0,0,4,0,0,8,2,0,0,0,0,2,0,0,2,0,2,0,4,8,0,8,0,0,0,0,0,0,8,0,2,0,2,0,0,0,0,0,2,8,0,4,2,2,6,8,0,0,0,2,0,0,2,0,10,4,4,0,0,0,0,0,2,0,0,0,0,0,0,0,0,0,0,0,0,0,0,0,0,0,0,0,0,0,0,0,0,0,0,0,0,0,0,0,0,0,0,0,0,0,0,0,0,0,0,0,0,0,0,0,0,0,0,0,0,0,0,0,0,0,0,0,0,0,0,0,0,0,0,0,0,0,0,0,0,0,0,0,2,0,0,0,0,0,0,0,0,0,0,0,0,0,0,0,0,0,0,0,0,0,0,0,0,0,0,0,0,12,4,0,8,2,2,2
2,0,0,0,0,0,2,0,0,0,0,0,0,0,0,0,0,0,0,0,0,0,0,0,0,0,0,0,0,0,0,0,0,0,0,0,0,2,4,0,6,2,0,0,0,0,8,0,0,8,0,4,0,0,4,0,2,0,0,0,0,0,4,2,0,8,0,2,4,0,0,0,0,8,6,2,2,2,0,12,4,0,4,8,4,2,0,8,0,6,0,6,0,0,0,0,0,0,0,0,0,0,0,0,0,0,0,0,0,0,0,0,0,0,0,0,0,0,0,0,0,0,0,0,0,0,0,0,0,0,0,0,0,0,0,0,0,0,0,0,0,0,0,0,0,0,0,0,0,0,0,0,0,0,0,0,0,0,0,0,0,0,0,0,0,0,0,0,0,0,0,0,0,0,0,0,0,0,0,0,0,0,0,0,0,0,0,0,0,0,0,0,0,0,0,0,0,0,0,0,0,2,0,12,0,8,0,0,0
2,0,0,0,0,0,0,2,0,0,0,0,0,0,0,0,0,0,0,0,0,0,0,0,0,0,0,0,0,0,0,0,0,0,0,0,0,8,0,2,4,2,2,0,0,0,0,0,0,4,0,4,0,4,2,0,6,0,0,0,0,2,2,20,2,8,0,4,0,0,0,0,0,4,2,4,0,4,0,4,8,0,0,0,4,2,0,0,2,8,4,0,0,0,0,0,0,0,0,0,0,0,0,0,0,0,0,0,0,0,0,0,0,0,0,0,0,0,0,0,0,0,0,0,0,0,0,0,0,0,0,0,0,0,0,0,0,0,0,0,0,0,0,0,0,0,0,0,0,0,0,0,0,0,0,0,0,0,0,0,0,0,0,0,0,0,0,0,0,0,0,0,0,2,0,0,0,0,0,0,0,0,0,0,0,0,0,0,0,0,0,0,0,0,0,0,0,0,0,0,0,0,10,0,12,6,0,4,0
2,0,0,0,0,0,0,0,0,0,0,0,0,0,0,0,0,0,0,0,0,0,0,0,0,0,0,0,0,0,0,0,0,0,0,0,0,0,4,0,2,0,2,0,0,0,8,0,0,12,0,0,0,0,2,0,0,0,0,0,0,0,0,2,0,4,0,0,0,0,0,0,0,0,4,0,0,0,2,2,12,0,0,2,6,0,0,4,4,0,0,0,0,0,0,0,0,0,0,0,0,0,0,0,0,0,0,0,0,0,0,0,0,0,0,0,0,0,0,0,0,0,0,0,0,0,0,0,0,0,0,0,0,0,0,0,0,0,0,0,0,0,0,0,0,0,0,0,0,0,0,0,0,0,0,0,0,0,0,0,0,0,0,0,0,0,0,0,0,0,0,0,0,0,0,0,0,0,0,0,0,0,0,0,0,0,0,0,0,0,0,0,0,0,0,0,0,0,0,0,0,6,20,0,0,6,0,10,2
3,0,0,0,0,6,2,0,0,0,0,0,0,0,8,0,0,0,0,0,0,0,0,4,0,0,0,0,0,0,0,0,0,0,0,0,0,2,2,0,0,2,0,0,0,0,0,0,0,0,6,2,0,0,0,2,0,4,8,0,0,0,0,2,2,0,0,10,0,0,0,6,0,0,4,2,0,8,0,0,0,0,0,0,2,0,0,0,0,12,0,2,0,6,0,2,0,2,6,4,0,4,0,2,0,2,2,4,4,0,2,2,4,2,2,0,4,2,2,4,8,0,0,2,0,2,4,0,10,0,4,0,0,0,0,0,4,12,10,0,4,0,0,0,0,0,2,0,0,8,0,18,0,10,0,2,4,0,0,0,0,0,10,4,2,4,2,0,0,14,0,2,0,0,0,0,0,0,0,0,4,4,0,0,0,10,0,0,0,0,0,0,0,0,8,2,2,6,4,2,0,2,12,0,0,0,0,0,8
3,0,4,4,0,4,0,0,0,0,0,4,0,0,2,0,0,2,8,0,0,0,2,0,0,0,0,0,0,0,0,0,0,0,0,0,0,2,2,0,4,0,2,0,0,0,4,0,0,0,4,2,0,0,6,4,0,2,4,0,0,0,8,0,0,0,0,14,6,0,0,6,0,0,4,0,2,4,0,0,0,2,0,0,6,0,0,0,0,2,0,0,0,6,0,0,0,0,0,8,0,0,0,0,2,0,0,12,2,4,0,0,0,0,8,2,8,2,4,2,0,0,0,2,2,0,4,0,4,16,14,0,0,0,4,0,0,0,0,0,4,0,2,2,0,0,0,0,0,10,0,10,0,4,4,0,2,4,0,0,2,0,24,0,2,6,2,0,0,30,0,4,0,0,0,4,0,0,0,0,12,2,0,0,0,0,0,0,0,0,4,0,2,0,2,4,2,2,2,0,0,0,12,0,0,0,0,0,4
3,4,0,0,8,2,0,2,2,0,2,2,0,4,0,0,0,0,6,0,0,0,2,0,22,0,0,0,0,0,0,0,0,2,0,2,0,2,0,0,0,2,0,0,0,0,0,0,0,6,4,0,2,0,2,0,0,4,4,0,0,0,8,4,0,0,0,4,0,2,0,2,0,0,4,0,4,12,0,2,0,0,0,0,0,0,0,0,0,2,2,0,0,0,0,0,0,2,0,4,2,0,0,0,0,2,4,6,0,0,0,0,2,2,4,4,2,4,2,4,0,0,2,0,0,0,6,0,20,4,8,0,0,0,0,0,0,0,6,0,2,2,0,0,0,0,0,0,0,4,0,10,0,4,4,0,0,10,0,2,0,0,14,10,0,2,4,4,2,8,0,10,0,0,0,4,6,0,0,0,6,0,0,2,4,0,0,0,0,0,0,0,0,0,8,2,2,0,8,0,0,0,16,2,2,0,0,0,8
3,0,4,4,2,4,0,6,0,0,0,2,0,0,0,0,0,2,6,0,0,0,2,0,2,0,0,0,0,0,0,0,0,0,0,2,0,2,2,0,0,0,0,0,6,0,0,0,0,4,0,4,0,0,2,0,6,4,16,0,0,0,0,0,0,0,0,6,0,2,0,6,0,2,10,0,4,4,0,2,0,0,0,0,4,0,0,2,0,12,0,20,0,8,0,0,0,0,0,4,6,0,0,0,0,0,2,4,0,2,2,0,0,6,2,0,8,10,8,8,0,0,2,2,0,0,6,4,28,6,8,0,0,0,0,0,0,0,0,0,0,0,2,0,0,0,0,0,0,12,0,10,2,12,2,0,0,0,0,0,0,0,6,0,0,2,0,8,8,4,0,4,0,0,0,4,2,0,2,0,4,2,0,2,0,2,0,0,0,0,4,0,2,0,0,0,0,2,2,4,2,0,16,0,0,0,0,0,12
3,0,4,4,0,0,0,0,0,0,2,6,0,4,6,2,0,0,6,0,0,0,6,2,0,0,0,0,0,0,0,0,0,0,0,2,0,6,4,0,2,0,0,0,12,0,0,0,4,20,2,4,2,0,2,0,0,2,6,0,0,0,0,2,2,0,0,10,0,2,0,0,0,0,0,0,0,8,2,0,2,0,0,0,0,0,0,0,0,4,0,8,0,0,0,0,0,0,0,4,2,0,0,0,0,0,2,4,6,2,0,0,0,0,2,6,6,2,18,16,0,0,4,4,0,2,0,0,28,18,0,0,0,0,2,0,0,0,0,0,2,0,6,0,0,0,0,0,0,16,0,16,4,8,4,0,0,4,0,2,0,2,4,12,0,6,2,0,0,16,0,0,0,0,0,2,8,0,0,2,0,0,2,2,0,0,0,0,0,0,2,0,16,0,0,0,0,2,6,14,24,0,4,14,0,2,0,0,22
3,0,2,2,0,0,2,2,0,2,0,2,0,0,2,0,0,0,4,0,0,0,0,10,0,0,0,2,2,0,0,0,0,0,0,0,0,10,6,0,0,2,0,0,4,0,2,2,0,10,0,6,0,0,0,0,2,14,12,0,0,0,10,0,2,0,0,6,4,4,0,0,0,2,0,0,2,2,0,0,2,0,0,0,6,0,0,0,0,6,2,16,2,4,0,0,0,0,0,8,0,2,6,0,0,2,0,10,6,0,0,0,0,0,4,2,4,4,8,8,0,0,6,0,0,2,0,0,22,8,6,0,0,0,0,0,0,0,0,0,2,0,0,2,0,0,0,0,0,8,2,14,0,4,6,0,0,0,0,2,0,0,12,4,0,6,6,0,6,8,2,4,0,0,0,8,6,0,0,0,6,0,2,2,0,0,0,4,0,4,2,4,6,0,2,0,0,0,10,8,6,0,10,4,0,0,2,0,0
3,0,0,0,2,6,0,2,0,0,0,2,6,4,0,0,0,0,8,0,0,0,0,0,0,0,0,0,2,0,0,0,0,0,0,8,0,8,4,0,0,0,0,0,6,0,0,4,6,18,0,6,2,6,4,0,2,6,12,0,0,0,0,16,6,2,0,4,0,4,0,0,0,0,2,2,0,0,0,2,0,0,0,0,2,0,0,0,0,4,4,4,0,6,2,0,0,0,0,8,0,0,2,0,0,2,2,4,4,2,2,0,0,4,0,0,8,8,8,14,0,0,8,0,0,2,2,0,8,12,0,0,2,0,0,0,0,2,0,0,0,0,2,0,0,0,0,0,0,14,0,16,2,14,4,0,0,6,0,0,0,0,12,2,0,2,0,0,8,32,0,2,0,0,0,14,2,0,0,0,0,0,0,4,0,2,0,2,0,0,0,4,20,0,12,0,0,0,0,0,0,0,2,2,0,0,0,4,0
3,0,4,4,0,16,8,2,0,0,0,2,2,0,0,0,0,0,0,0,0,0,0,6,0,0,0,0,0,0,0,0,0,0,0,0,0,6,2,0,0,0,0,0,2,0,4,0,0,8,0,4,2,0,2,2,0,4,6,0,0,0,4,4,2,2,0,0,0,6,2,0,0,2,2,0,0,2,0,2,6,0,0,0,2,0,0,0,0,16,4,0,0,2,0,0,0,0,0,0,2,0,0,0,0,0,2,2,10,0,0,0,2,0,2,4,0,4,10,4,4,0,0,0,0,0,2,0,26,16,2,0,2,0,0,0,0,0,0,0,8,6,0,2,0,0,2,0,0,10,0,10,2,20,2,0,0,2,0,0,0,0,4,4,0,4,4,6,6,22,0,2,0,0,0,12,8,0,0,0,0,0,0,0,0,0,0,0,0,2,0,0,10,0,6,0,0,0,0,0,0,4,6,10,0,0,0,0,8
3,0,6,6,0,2,6,2,0,2,2,2,0,2,0,0,0,0,0,0,2,0,0,0,0,0,0,0,0,0,0,0,2,0,0,0,0,2,0,0,0,0,0,4,0,0,0,4,0,4,2,6,6,8,2,0,6,0,8,0,0,0,4,0,0,2,2,2,6,0,6,6,0,0,6,0,0,0,2,0,8,2,2,0,12,0,0,0,0,4,2,8,0,8,0,0,0,0,2,0,0,2,0,0,0,2,0,4,0,4,0,0,4,0,4,2,2,2,8,0,0,0,0,0,0,0,4,2,6,4,4,0,0,0,0,0,0,0,0,0,12,0,0,0,0,0,0,0,0,14,0,14,0,18,4,0,0,0,0,0,0,2,8,0,0,10,4,10,6,6,2,0,0,0,0,12,4,0,2,0,0,0,0,0,4,4,2,2,0,0,2,0,8,0,0,0,0,0,0,0,0,2,8,10,0,2,0,0,0
3,0,6,6,0,0,8,0,0,0,2,2,0,0,0,0,0,0,0,0,0,0,0,4,4,0,0,0,2,0,0,2,0,0,0,0,0,0,2,0,4,2,0,0,2,0,2,4,0,38,4,12,0,2,20,0,6,20,8,0,0,0,0,14,4,0,0,0,8,0,2,6,2,2,12,2,2,4,0,0,6,2,0,0,2,0,0,0,0,4,0,0,0,8,0,0,0,0,0,0,8,2,0,0,2,0,2,10,0,2,0,6,0,0,10,4,6,2,0,0,0,0,6,0,0,0,0,0,16,4,0,0,0,0,0,0,0,0,0,0,4,10,0,0,0,0,0,0,0,14,0,8,0,2,4,0,0,0,0,2,0,0,8,0,0,10,0,0,12,30,2,4,0,0,0,6,2,0,0,0,0,10,0,0,0,0,0,12,0,2,4,0,16,0,8,2,0,0,0,0,0,0,6,24,6,4,0,0,2
3,0,6,6,0,0,0,0,0,0,2,4,0,10,0,0,0,0,0,0,0,0,0,0,0,2,0,0,0,0,0,0,0,0,0,0,0,2,4,0,0,0,2,2,0,0,2,2,2,10,0,2,0,10,8,0,2,6,8,0,0,0,2,0,0,2,0,10,4,0,0,2,4,0,6,0,2,0,0,0,0,2,0,0,4,0,0,0,2,16,2,6,0,0,8,0,0,0,0,2,2,0,2,0,0,0,0,4,6,0,0,2,0,2,10,6,8,2,0,0,0,0,8,2,0,0,0,0,18,2,2,0,2,0,0,0,0,2,0,0,0,0,0,0,0,0,0,2,0,14,0,4,0,4,2,0,2,8,0,2,0,0,14,0,0,8,2,8,2,4,0,0,0,4,0,2,8,0,4,0,0,0,0,0,0,0,0,4,0,0,2,0,10,2,6,2,0,4,0,0,0,0,6,30,4,4,0,0,0
3,0,6,6,2,0,2,0,0,0,0,2,0,2,0,0,0,0,0,0,0,0,2,2,0,0,0,0,0,0,0,0,0,0,0,4,0,0,0,2,0,0,0,0,0,0,8,0,2,16,4,0,0,4,10,0,2,2,4,0,0,0,14,4,8,14,0,2,0,0,0,0,10,4,8,0,2,0,0,0,2,0,0,0,2,0,0,2,0,2,4,6,0,2,0,0,0,0,0,4,4,2,0,0,0,6,0,14,2,8,10,0,0,2,2,2,6,0,0,0,0,0,10,0,4,2,8,0,16,2,0,0,2,0,0,0,0,0,0,0,2,0,0,0,4,2,2,0,0,12,0,6,0,10,4,0,0,0,0,10,0,2,12,4,0,4,4,0,2,0,0,0,0,0,0,4,4,0,4,0,0,0,0,0,0,0,0,0,0,0,0,0,0,0,0,0,0,0,0,0,0,2,12,26,4,6,0,0,2
3,0,0,0,0,0,4,0,0,0,0,0,0,0,0,0,0,0,0,0,0,0,0,0,0,0,0,0,0,0,0,0,0,0,0,0,0,6,0,0,0,0,0,0,0,0,4,0,0,12,0,0,0,0,4,0,0,0,0,0,0,0,4,2,0,2,0,4,4,0,0,0,0,0,4,0,0,2,0,2,6,0,0,0,6,0,0,0,4,8,2,12,0,0,0,0,0,0,0,0,0,0,0,0,0,0,0,0,0,0,0,0,0,0,0,0,0,4,0,0,0,0,6,0,2,0,0,0,0,0,2,0,0,0,0,0,0,0,0,0,8,0,0,0,0,0,0,0,0,0,0,22,2,22,0,0,0,0,0,0,0,0,0,0,0,6,0,0,8,6,0,0,0,0,2,2,0,0,0,0,0,0,0,0,0,0,0,0,0,0,0,0,0,0,0,0,0,0,0,0,0,0,6,2,0,10,0,0,0
3,0,0,0,0,0,2,4,0,0,0,0,0,0,0,0,0,0,0,0,0,0,0,0,0,0,0,0,0,0,0,0,0,0,0,0,0,0,0,0,8,0,0,0,0,0,2,0,0,20,2,4,0,2,8,0,8,0,0,0,0,0,26,36,2,0,0,14,4,0,0,0,0,4,0,0,0,2,2,2,2,0,0,0,2,0,0,0,0,12,2,2,0,0,0,0,0,0,0,0,0,0,0,0,0,0,0,0,0,0,0,0,0,0,0,0,10,0,0,0,8,0,10,0,2,2,0,0,0,0,6,0,0,0,0,0,0,0,0,0,18,0,0,0,0,0,0,0,0,0,0,4,0,18,2,6,0,10,0,6,0,0,0,0,0,8,2,0,6,8,0,0,0,0,0,2,0,0,0,0,0,0,0,0,0,0,0,0,0,0,0,0,0,0,0,0,0,0,0,0,0,4,6,0,0,6,0,0,4
3,0,0,0,0,0,0,2,0,0,0,0,0,0,0,0,0,0,0,0,0,0,0,0,0,0,0,0,0,0,0,0,0,0,0,0,0,4,8,0,4,0,2,0,0,0,0,0,0,6,0,8,0,4,4,0,10,0,0,0,0,0,6,2,0,0,0,2,0,0,0,0,0,0,4,0,0,0,2,0,6,2,0,4,4,0,0,0,0,14,6,10,0,0,0,0,0,0,0,0,0,0,0,0,0,0,0,0,0,0,0,0,0,0,0,0,8,4,0,0,2,0,4,0,0,0,0,0,0,0,0,0,0,0,0,0,0,0,0,0,4,0,0,0,0,0,2,0,0,0,0,12,0,16,4,0,0,0,0,2,0,0,0,0,0,6,0,0,4,4,0,0,0,0,0,4,0,0,0,0,0,0,0,0,0,0,0,0,0,0,0,0,0,0,0,0,0,0,0,0,0,0,8,8,0,4,0,0,2
3,0,0,0,0,0,0,0,0,0,0,0,0,0,0,0,0,0,0,0,0,0,0,0,0,0,0,0,0,0,0,0,0,0,0,0,0,6,2,0,2,0,0,0,0,0,0,0,0,28,0,0,0,8,14,0,4,0,0,0,0,0,0,0,0,6,0,0,8,0,0,0,0,0,2,4,0,0,0,0,6,0,0,0,6,0,0,0,6,8,0,2,0,0,0,0,0,0,0,0,0,0,0,0,0,0,0,0,0,0,0,0,0,0,0,0,2,6,0,0,2,0,0,2,2,0,0,0,0,0,0,0,0,0,0,0,0,0,0,0,8,0,0,0,0,0,4,0,0,0,0,22,2,14,2,2,0,0,0,0,0,0,0,0,0,4,0,0,0,2,0,0,0,0,0,2,0,0,0,0,0,0,0,0,0,0,0,0,0,0,0,0,0,0,0,0,0,0,0,0,0,12,6,4,0,4,0,0,0
3,0,0,0,0,0,2,0,0,0,0,0,0,0,0,0,0,0,0,0,0,0,0,0,0,0,0,0,0,0,0,0,0,0,0,0,0,2,6,0,2,4,2,0,0,0,2,0,0,14,0,4,0,8,18,0,4,0,0,0,0,0,0,2,0,0,0,2,0,2,0,0,0,0,0,0,0,0,0,4,0,0,2,2,0,0,0,0,0,14,0,18,0,0,0,0,0,0,0,0,0,0,0,0,0,0,0,0,0,0,0,0,0,0,0,0,0,0,0,0,0,0,0,0,0,0,0,0,0,0,0,0,0,0,0,0,0,0,0,0,0,0,0,0,0,0,0,0,0,0,0,0,0,0,0,0,0,0,0,0,0,0,0,0,0,0,0,0,0,0,0,0,0,4,0,0,0,0,0,0,0,0,0,0,0,0,0,0,0,0,0,0,0,0,0,0,0,0,0,0,0,0,10,6,0,8,0,2,0
3,0,0,0,0,0,0,2,0,0,0,0,0,0,0,0,0,0,0,0,0,0,0,0,0,0,0,0,0,0,0,0,0,0,0,0,0,4,4,2,12,0,0,0,0,0,2,0,0,14,0,0,0,4,10,0,4,0,0,0,0,4,2,0,2,0,2,4,2,0,0,0,0,0,2,2,0,0,2,4,6,0,0,2,4,0,0,2,2,6,0,8,0,0,0,0,0,2,0,0,0,0,0,0,0,0,0,0,0,0,0,0,0,0,0,0,0,0,0,0,0,0,0,0,0,0,0,0,0,0,0,0,0,0,0,0,0,0,0,0,0,0,0,0,0,0,0,0,0,0,0,0,0,0,0,0,0,0,0,0,0,0,0,0,0,0,0,0,0,0,0,0,0,0,0,0,0,0,0,0,0,0,0,0,0,0,0,0,0,0,0,0,0,0,0,0,0,0,0,0,0,0,18,0,2,12,0,2,0
3,0,0,0,0,0,8,0,0,0,0,0,0,0,0,0,0,0,0,0,0,0,0,0,0,0,0,0,0,0,0,0,0,0,0,0,0,0,0,0,10,2,0,0,0,0,6,0,0,22,2,6,0,6,2,0,6,0,0,0,0,2,0,34,4,2,0,12,0,0,0,0,0,2,4,6,0,0,0,0,14,2,0,2,0,0,0,4,0,8,0,0,0,0,0,0,0,4,0,0,0,0,0,0,0,0,0,0,0,0,0,0,0,0,0,0,0,0,0,0,0,0,0,0,0,0,0,0,0,0,0,0,0,0,0,0,0,0,0,0,0,0,0,0,0,0,0,0,0,0,0,0,0,0,0,0,0,0,0,0,0,0,0,0,0,0,0,0,0,0,0,0,0,0,0,0,0,0,0,0,0,0,0,0,0,0,0,0,0,0,0,0,0,0,0,0,0,0,0,0,0,0,18,0,8,4,0,10,0
3,0,0,0,0,0,2,2,0,0,0,0,0,0,0,0,0,0,0,0,0,0,0,0,0,0,0,0,0,0,0,0,0,0,0,0,0,0,4,0,0,4,0,0,0,2,8,0,0,12,0,0,0,12,4,0,4,0,0,0,0,0,0,0,0,0,0,6,0,0,0,0,0,8,4,0,0,0,0,0,2,0,8,2,0,0,0,0,0,2,4,0,0,0,0,0,0,0,0,0,0,0,0,0,0,0,0,0,0,0,0,0,0,0,0,0,0,0,0,0,0,0,0,0,0,0,0,0,0,0,0,0,0,0,0,0,0,0,0,0,0,0,0,0,0,0,0,0,0,0,0,0,0,0,0,0,0,0,0,0,0,0,0,0,0,0,0,0,0,0,0,0,0,0,0,0,0,0,0,0,0,0,0,0,0,0,0,0,0,0,0,0,0,0,0,0,0,0,0,0,0,4,10,2,2,0,0,2,2
4,2,2,2,0,0,6,0,0,0,0,0,0,10,0,0,0,0,2,0,2,0,4,8,0,4,2,0,0,0,0,0,0,0,0,2,0,0,2,0,2,4,4,0,4,0,0,0,0,0,2,8,2,0,0,4,0,4,2,0,0,4,10,10,6,0,0,8,4,0,0,0,0,2,4,0,0,0,2,2,0,0,0,0,2,4,0,0,2,10,0,4,0,4,0,0,0,0,0,2,4,0,0,0,0,0,2,12,0,2,2,0,2,0,14,4,4,0,8,6,4,0,0,0,0,0,0,0,4,10,6,2,0,0,2,0,0,2,4,6,10,4,6,2,4,0,0,0,0,12,0,10,0,12,2,0,0,2,0,0,0,0,12,2,2,2,2,2,0,8,0,8,0,0,0,6,0,0,0,0,2,0,0,0,0,4,0,0,0,0,2,0,2,0,0,2,0,0,0,0,0,0,6,0,0,0,0,0,20
4,0,2,2,0,12,0,8,0,0,2,2,0,2,0,0,0,0,2,0,0,0,0,6,2,0,0,0,2,0,0,0,0,0,0,0,0,6,8,0,2,0,0,0,2,0,2,0,0,0,4,2,0,0,0,0,0,4,4,0,0,0,0,2,0,0,0,12,4,0,0,2,0,4,0,0,2,4,2,0,0,0,0,0,2,0,0,0,2,6,0,0,0,2,0,0,0,0,0,2,2,2,0,0,0,4,2,2,2,4,0,0,4,0,2,0,2,0,2,2,6,0,2,0,2,0,2,0,10,6,8,0,2,0,2,0,0,0,0,0,2,0,2,0,4,0,2,0,0,16,6,6,0,4,0,0,0,8,0,2,0,0,6,6,0,6,2,2,6,18,0,6,0,0,0,4,0,0,6,0,4,2,0,0,0,0,0,4,0,2,2,0,6,0,0,0,0,0,0,0,2,0,8,4,0,0,2,2,6
4,0,2,2,0,0,0,0,0,2,0,4,0,0,0,0,0,2,6,0,2,0,4,2,0,2,0,2,0,0,0,0,0,0,0,0,0,12,2,0,8,0,2,0,2,0,0,0,0,0,4,4,0,0,0,2,4,4,10,0,0,0,0,22,0,0,0,10,0,2,0,0,0,0,0,0,0,0,6,2,0,2,0,0,6,0,0,2,0,6,0,2,0,0,0,0,0,0,0,8,0,0,0,0,0,2,2,4,8,2,0,0,0,0,4,6,2,0,0,4,0,0,0,0,0,0,0,0,28,8,4,0,0,0,0,0,2,2,0,0,4,2,2,0,0,0,0,0,0,14,0,4,0,0,2,0,2,0,0,0,0,0,6,4,0,10,0,8,8,2,2,4,2,0,0,8,0,0,2,0,4,0,0,0,2,0,0,2,0,2,2,2,8,0,10,0,0,0,2,0,0,0,16,0,0,0,0,0,2
4,0,2,2,4,0,0,2,2,0,0,0,0,6,0,0,2,0,6,0,8,0,0,0,0,0,0,2,0,0,0,0,2,0,0,0,0,4,6,0,0,2,4,0,10,0,0,0,0,10,6,6,0,0,6,0,0,2,8,0,0,2,0,12,4,0,0,0,0,2,0,0,4,2,2,0,0,0,0,0,0,0,0,0,0,0,0,0,0,8,0,2,0,4,0,0,0,2,0,12,2,4,0,0,0,0,0,2,0,4,0,0,4,0,10,4,6,0,6,2,0,0,4,0,0,2,0,0,28,16,4,0,0,0,0,0,0,2,2,0,0,0,2,0,4,0,0,0,0,22,2,6,0,10,0,0,0,8,0,0,0,0,4,6,0,4,2,2,2,14,0,0,2,0,0,2,8,0,2,0,10,2,0,0,0,4,0,0,0,2,2,4,14,0,28,0,4,2,2,2,0,0,4,4,0,4,0,0,4
4,2,2,2,0,0,0,0,0,0,0,2,6,0,2,0,2,0,8,0,2,0,0,2,0,0,0,0,0,0,0,0,0,0,0,0,0,0,4,4,2,0,0,0,4,2,2,0,0,2,2,0,0,0,2,4,0,6,16,0,0,0,2,0,2,0,0,18,4,2,0,2,0,10,0,0,0,4,0,0,4,0,2,0,2,0,0,0,0,12,0,4,0,6,0,0,0,0,2,8,10,0,0,0,0,2,2,8,4,0,2,0,0,0,8,2,4,0,4,8,0,0,10,0,0,0,4,0,20,12,2,0,4,0,0,0,0,0,0,0,2,4,2,0,4,0,4,0,2,24,0,2,0,6,4,0,0,10,0,2,0,0,2,6,0,6,0,4,2,12,2,4,0,0,0,8,0,0,0,0,0,6,0,0,2,0,0,0,0,4,6,2,8,0,8,0,0,4,0,2,0,0,6,2,0,0,0,0,2
4,0,4,4,4,14,0,6,0,0,0,2,0,4,2,0,0,0,4,0,0,0,0,2,0,2,0,0,0,0,0,0,0,0,0,0,2,12,10,0,0,0,0,0,6,0,2,2,6,6,2,8,0,0,6,0,6,6,6,0,0,0,0,22,4,0,0,6,8,2,0,0,2,4,0,0,0,4,0,0,12,0,0,0,0,0,0,0,0,10,0,0,0,0,0,0,0,0,0,2,2,2,0,0,0,2,6,4,2,0,0,0,0,0,6,2,6,2,2,4,0,0,8,0,0,0,6,0,26,16,6,0,0,0,0,0,0,0,4,2,2,6,2,0,0,2,0,0,0,36,2,14,2,6,0,0,0,6,0,4,0,0,12,8,0,4,4,4,14,20,0,2,0,0,0,4,0,0,0,0,0,0,0,2,4,16,2,2,0,0,4,0,14,0,10,0,0,8,0,0,0,0,8,8,0,0,0,0,0
4,0,0,0,0,0,0,2,0,12,0,0,0,2,2,0,0,0,0,0,0,4,0,2,0,0,0,0,0,0,0,0,2,2,0,0,0,2,0,0,0,0,0,0,10,0,0,0,2,10,10,6,0,0,16,0,6,4,10,0,0,0,0,0,0,4,0,4,12,6,0,0,0,4,0,2,0,12,0,0,2,0,0,0,2,0,0,0,2,10,0,14,4,2,0,0,0,4,0,6,4,0,0,0,0,6,0,10,6,2,2,0,2,0,18,2,6,4,8,10,0,0,4,0,0,0,2,0,24,6,8,2,4,0,0,0,0,0,2,2,4,0,0,4,4,0,0,0,0,20,0,18,0,16,4,0,0,4,0,2,0,0,14,0,0,4,0,10,6,10,0,4,0,2,0,6,4,0,0,0,0,0,0,14,4,6,0,4,0,0,0,2,12,0,2,2,0,4,2,12,12,2,10,12,0,0,0,0,18
4,0,4,4,0,10,2,0,0,0,2,4,6,0,8,0,0,0,0,0,2,0,0,0,0,0,2,0,0,0,0,0,0,0,0,0,4,12,4,0,2,0,0,0,4,0,2,0,0,18,0,4,0,0,16,0,2,0,12,0,0,0,2,4,2,0,2,0,2,4,2,4,2,0,0,0,0,4,4,0,2,0,0,0,4,0,0,2,0,16,2,14,0,6,0,0,0,2,0,4,6,0,0,0,0,2,4,10,10,0,0,0,2,0,12,6,8,8,6,4,0,0,2,2,2,0,2,0,26,12,6,0,0,0,0,0,0,2,0,2,4,2,0,0,2,0,0,0,0,18,2,8,2,12,2,6,2,2,0,6,0,0,16,0,0,8,10,8,8,22,0,6,0,0,0,12,10,0,0,0,0,0,0,0,2,4,0,0,0,0,0,0,0,0,24,2,2,0,0,2,4,0,6,8,0,0,0,0,0
4,0,2,2,10,0,0,14,0,0,0,4,0,0,0,0,0,0,0,0,0,0,0,0,2,0,0,0,0,0,0,0,2,0,0,2,0,2,4,0,0,0,0,0,4,0,0,0,0,4,4,2,2,2,0,4,0,2,6,0,0,0,6,4,0,2,0,6,6,2,0,6,0,2,0,0,2,2,0,0,0,0,0,0,0,0,0,2,2,14,2,0,0,4,0,2,0,0,0,2,6,0,0,0,0,0,6,6,4,6,0,2,0,0,4,8,6,6,12,0,0,0,0,0,0,0,6,0,26,10,0,0,0,0,0,0,0,0,0,0,2,6,0,0,2,0,0,0,0,24,2,2,0,4,0,0,4,4,0,4,0,0,2,4,0,4,4,10,4,4,0,6,0,6,0,10,6,0,4,0,0,0,0,0,0,0,0,0,0,0,0,0,0,0,0,0,0,0,0,2,2,0,8,14,0,2,0,0,0
4,2,0,0,0,18,2,2,0,2,4,0,0,0,0,0,0,0,0,2,0,0,0,4,0,0,0,0,0,0,0,0,0,0,0,2,2,0,0,0,0,6,2,0,4,0,6,0,0,4,0,2,2,4,6,2,2,0,4,0,0,0,0,10,0,0,0,2,8,4,4,14,0,0,6,0,2,4,0,0,2,4,0,2,2,0,0,2,2,4,2,4,0,4,0,0,0,0,0,6,4,0,2,0,0,0,0,4,0,4,0,0,2,0,4,6,0,4,8,0,0,0,10,4,0,0,4,0,38,20,4,0,2,0,0,0,0,0,0,0,6,4,0,0,6,0,0,0,0,36,2,14,0,16,2,0,0,0,0,0,0,0,14,2,0,6,2,12,2,8,0,2,0,0,0,10,10,0,6,0,0,0,0,0,0,0,0,0,0,0,0,0,0,0,0,0,0,0,0,0,0,6,10,10,0,4,0,0,2
4,0,2,2,0,8,6,0,0,0,0,0,0,0,0,0,0,0,0,2,0,0,2,6,0,0,0,0,0,0,0,0,0,0,0,2,0,2,12,0,0,0,0,0,0,2,0,2,0,0,2,2,0,10,12,0,2,0,8,0,0,0,12,4,0,2,0,10,0,0,0,4,2,2,10,0,0,0,2,0,6,2,0,0,0,0,0,4,0,4,0,0,0,2,4,0,0,0,2,6,4,4,0,0,0,2,0,6,2,2,2,0,0,2,10,2,6,2,20,0,0,0,0,0,0,0,8,2,40,12,0,0,0,0,0,0,2,2,0,0,2,2,0,0,0,0,0,0,0,20,0,4,0,8,2,0,0,2,0,0,0,2,8,4,0,6,2,2,10,20,0,2,0,0,0,12,8,2,0,0,0,0,0,0,0,0,0,0,0,0,0,0,0,0,0,0,0,0,0,0,0,0,4,16,0,2,0,0,0
4,0,2,2,0,0,2,0,0,0,0,4,0,0,0,0,0,0,0,2,0,0,2,0,0,0,0,0,0,0,4,0,0,0,0,2,0,2,0,0,0,0,0,0,0,0,0,0,2,2,0,4,2,4,8,0,2,4,6,0,0,0,2,6,8,0,0,2,0,0,2,0,0,2,10,0,2,0,0,0,0,0,0,0,0,0,0,0,0,12,2,16,0,0,4,0,4,0,6,2,8,0,0,2,2,4,4,2,2,0,2,2,2,0,10,6,14,0,0,0,2,0,4,2,0,2,8,0,28,8,2,2,0,0,0,0,0,2,0,4,6,2,0,0,2,0,0,0,2,26,0,4,0,0,2,0,0,0,0,0,0,0,18,4,0,12,6,0,0,2,0,0,0,0,0,10,6,0,4,0,0,0,0,0,0,0,0,0,0,0,0,0,0,0,0,0,0,0,0,0,0,0,10,28,0,2,0,0,2
4,0,0,0,0,0,0,2,0,0,0,0,0,0,0,0,0,0,0,0,0,0,0,0,0,0,0,0,0,0,0,0,0,0,0,0,0,6,4,0,2,2,0,0,0,0,10,0,2,12,4,4,0,0,0,0,2,0,0,0,0,0,0,44,4,0,0,4,0,0,0,0,0,4,0,0,0,0,0,0,4,0,8,0,0,0,0,0,0,10,2,10,0,0,0,0,0,0,0,0,0,0,0,0,0,0,0,0,0,0,0,0,0,0,0,0,2,4,0,0,0,0,6,0,0,0,0,0,0,0,0,0,0,0,0,0,0,0,0,0,10,0,0,0,0,0,0,0,0,0,0,16,0,14,2,0,0,0,0,2,0,0,0,0,0,10,4,0,2,8,0,0,0,0,0,2,0,0,0,0,0,0,0,0,0,0,0,0,0,0,0,0,0,0,0,0,0,0,0,0,0,0,6,6,0,2,2,2,4
4,0,0,0,0,0,0,0,0,0,0,0,0,0,0,0,0,0,0,0,0,0,0,0,0,0,0,0,0,0,0,0,0,0,0,0,0,4,2,0,0,2,2,0,0,0,0,0,0,4,0,4,0,0,4,0,0,0,0,0,0,4,2,0,0,0,0,2,2,0,0,0,0,0,0,0,0,0,0,4,2,0,0,0,0,0,0,0,0,16,0,4,0,0,0,0,0,0,0,0,0,0,0,0,0,0,0,0,0,0,0,0,0,0,0,0,2,0,0,0,6,0,4,0,4,2,0,0,0,0,2,0,0,0,0,0,0,0,0,0,8,2,4,0,0,0,0,4,0,0,0,22,2,6,0,0,0,2,0,4,0,0,0,0,0,8,2,0,8,10,0,0,0,4,0,4,0,0,0,0,0,0,0,0,0,0,0,0,0,0,0,0,0,0,0,0,0,0,0,0,0,0,10,4,2,2,0,0,4
4,0,0,0,0,0,0,0,0,0,0,0,0,0,0,0,0,0,0,0,0,0,0,0,0,0,0,0,0,0,0,0,0,0,0,0,0,2,2,0,4,2,0,0,0,0,10,0,0,8,0,2,0,10,14,0,8,0,0,0,0,0,6,6,0,4,0,12,0,0,0,0,0,0,0,0,0,0,6,0,10,2,0,0,2,0,0,0,10,28,4,20,0,0,0,0,0,0,0,0,0,0,0,0,0,0,0,0,0,0,0,0,0,0,0,0,4,2,0,0,4,0,14,6,2,2,0,0,0,0,0,0,0,0,0,0,0,0,0,0,8,0,2,0,0,0,2,0,0,0,0,12,4,20,6,0,0,0,0,0,0,0,0,0,0,12,2,0,8,30,0,0,0,2,0,4,0,0,0,0,0,0,0,0,0,0,0,0,0,0,0,0,0,0,0,0,0,0,0,0,0,0,8,4,0,0,0,0,0
4,0,0,0,0,0,2,0,0,0,0,0,0,0,0,0,0,0,0,0,0,0,0,0,0,0,0,0,0,0,0,0,0,0,0,0,0,4,0,2,2,0,0,0,0,2,0,0,0,6,0,0,0,4,0,0,2,0,0,0,0,0,0,14,0,2,0,0,0,0,0,0,0,4,0,4,0,0,0,4,4,0,0,0,2,0,0,0,0,12,2,2,0,0,0,0,0,0,0,0,0,0,0,0,0,0,0,0,0,0,0,0,0,0,0,0,4,6,0,0,0,0,0,0,0,2,0,0,0,0,0,0,0,0,0,0,0,0,0,0,2,0,0,0,0,0,2,0,0,0,0,28,0,24,6,0,0,2,0,0,0,0,0,0,0,6,2,0,2,6,0,0,0,0,0,2,0,0,0,0,0,0,0,0,0,0,0,0,0,0,0,0,0,0,0,0,0,0,0,0,0,0,8,2,14,14,0,0,4
4,0,0,0,0,0,0,0,0,0,0,0,0,0,0,0,0,0,0,0,0,0,0,0,0,0,0,0,0,0,0,0,0,0,0,0,0,0,4,2,0,0,0,0,0,0,0,0,0,6,0,4,0,0,0,0,6,0,0,0,0,0,6,4,0,12,0,2,0,0,0,0,0,4,4,2,0,2,0,0,4,0,0,2,0,0,0,4,0,14,6,0,0,0,0,0,0,0,0,0,0,0,0,0,0,0,0,0,0,0,0,0,0,0,0,0,0,0,0,0,0,0,0,0,0,0,0,0,0,0,0,0,0,0,0,0,0,0,0,0,0,0,0,0,0,0,0,0,0,0,0,0,0,0,0,0,0,0,0,0,0,0,0,0,0,0,0,0,0,0,0,0,0,0,0,0,0,0,0,0,0,0,0,0,0,0,0,0,0,0,0,0,0,0,0,0,0,0,0,0,0,0,0,6,4,4,0,0,2
4,0,0,0,0,0,0,0,0,0,0,0,0,0,0,0,0,0,0,0,0,0,0,0,0,0,0,0,0,0,0,0,0,0,0,0,0,4,4,0,6,0,0,0,0,2,12,2,0,6,0,0,0,2,10,0,8,0,0,0,0,0,2,4,0,0,0,0,2,0,0,0,0,0,0,0,4,2,0,4,10,0,4,2,0,0,0,0,0,20,0,8,0,0,0,0,0,2,0,0,0,0,0,0,0,0,0,0,0,0,0,0,0,0,0,0,0,0,0,0,0,0,0,0,0,0,0,0,0,0,0,0,0,0,0,0,0,0,0,0,0,0,0,0,0,0,0,0,0,0,0,0,0,0,0,0,0,0,0,0,0,0,0,0,0,0,0,0,0,0,0,0,0,4,0,0,0,0,0,0,0,0,0,0,0,0,0,0,0,0,0,0,0,0,0,0,0,0,0,0,0,0,6,6,0,8,0,0,2
4,0,0,0,0,0,2,2,0,0,0,0,0,0,0,0,0,0,0,0,0,0,0,0,0,0,0,0,0,0,0,0,0,0,0,0,0,0,4,0,10,2,0,0,0,0,4,2,2,2,0,6,0,0,2,0,8,0,0,0,0,4,12,22,2,2,0,4,0,0,0,6,0,0,4,4,2,0,0,0,0,0,0,0,0,0,0,0,4,12,2,0,0,0,0,0,0,0,0,0,0,0,0,0,0,0,0,0,0,0,0,0,0,0,0,0,0,0,0,0,0,0,0,0,0,0,0,0,0,0,0,0,0,0,0,0,0,0,0,0,0,0,0,0,0,0,0,0,0,0,0,0,0,0,0,0,0,0,0,0,0,0,0,0,0,0,0,0,0,0,0,0,0,0,0,0,0,0,0,0,0,0,0,0,0,0,0,0,0,0,0,0,0,0,0,0,0,0,0,0,0,4,12,8,2,10,0,4,0
4,0,0,0,0,0,2,0,0,0,0,0,0,0,0,0,0,0,0,0,0,0,0,0,0,0,0,0,0,0,0,0,0,0,0,0,0,2,0,0,0,6,0,0,0,0,2,0,0,10,0,2,0,0,2,0,2,0,0,0,0,4,0,4,0,0,0,4,0,0,0,0,0,6,0,6,0,0,0,0,4,0,0,0,4,0,0,0,2,10,0,6,0,0,0,0,0,0,0,0,0,0,0,0,0,0,0,0,0,0,0,0,0,0,0,0,0,0,0,0,0,0,0,0,0,0,0,0,0,0,0,0,0,0,0,0,0,0,0,0,0,0,0,0,0,0,0,0,0,0,0,0,0,0,0,0,0,0,0,0,0,0,0,0,0,0,0,0,0,0,0,0,0,2,0,0,0,0,0,0,0,0,0,0,0,0,0,0,0,0,0,0,0,0,0,0,0,0,0,0,0,0,6,8,2,0,0,6,0
5,0,2,2,0,6,4,0,0,0,0,2,0,2,4,0,0,0,4,0,0,0,0,0,0,0,0,2,0,0,0,0,0,0,0,6,0,6,2,0,0,2,2,0,2,8,2,0,6,0,2,2,0,0,0,0,2,4,2,0,0,2,0,0,0,0,0,14,0,0,0,2,2,0,2,0,0,2,0,8,0,0,0,0,0,0,0,0,0,14,2,8,0,2,0,0,0,0,2,6,4,0,4,0,2,2,2,8,4,6,0,0,8,2,8,2,0,0,6,10,2,0,0,0,2,0,6,0,22,10,6,0,2,0,2,0,0,0,0,0,10,4,4,0,0,0,0,0,0,22,0,8,0,24,0,2,0,2,2,4,0,2,4,14,4,6,4,16,6,12,0,4,0,0,0,12,0,0,0,2,0,0,0,0,0,0,0,2,0,0,0,0,0,0,0,0,0,0,2,0,0,2,18,0,0,0,0,0,24
5,0,2,2,2,0,0,2,0,0,0,4,0,0,2,0,0,0,6,0,0,0,0,2,0,0,0,0,0,0,0,0,2,0,0,0,0,0,4,0,4,0,0,4,8,4,0,0,2,0,0,0,0,0,6,4,2,2,4,0,0,0,0,2,0,2,0,8,6,0,0,4,0,8,2,0,0,2,0,0,0,0,0,0,0,0,0,2,0,14,0,2,0,18,0,0,0,4,2,4,2,0,4,0,0,2,0,2,6,4,0,2,4,2,6,4,2,0,4,8,2,0,0,4,2,0,8,0,48,24,4,0,0,0,2,0,0,0,2,0,8,0,0,2,2,0,2,0,0,30,2,12,0,6,0,2,0,0,0,0,0,4,2,18,0,8,4,0,0,6,2,6,0,0,0,18,2,0,0,0,2,0,0,0,2,0,0,0,0,0,4,0,12,0,4,0,0,0,0,0,0,0,16,0,0,0,0,0,6
5,0,0,0,2,0,4,0,0,2,4,0,2,0,0,0,0,0,4,0,0,0,0,0,0,4,0,0,0,0,0,0,0,0,0,2,0,4,10,2,2,0,0,0,0,0,0,0,0,0,6,2,0,0,6,2,14,4,6,0,2,0,0,0,0,0,0,0,4,0,0,10,0,2,0,0,0,6,0,0,2,2,0,0,0,0,0,0,0,8,0,10,0,6,0,0,0,0,0,6,4,2,0,0,0,4,2,4,0,6,0,0,2,8,10,2,6,2,8,12,0,0,0,0,0,2,2,0,26,14,4,0,2,0,0,0,2,2,0,0,6,0,4,0,0,0,2,0,0,24,0,4,0,10,4,0,0,0,0,4,0,0,12,14,0,2,2,0,0,4,0,4,0,0,0,14,0,0,0,0,6,0,0,0,0,0,0,0,0,0,0,2,12,0,4,0,0,0,2,0,0,0,8,2,0,0,0,0,14
5,0,4,4,12,0,0,6,0,0,0,0,0,0,0,2,0,0,4,0,0,0,0,2,0,0,0,0,0,0,0,0,0,0,0,2,0,8,4,0,2,0,0,0,6,0,0,0,2,4,0,2,0,0,0,0,4,0,0,0,0,0,2,0,0,0,0,26,10,0,0,2,2,2,0,4,2,8,0,0,0,0,0,2,0,0,0,0,0,18,0,2,0,2,0,0,0,2,0,0,6,0,0,0,0,4,2,8,4,0,16,0,10,4,4,0,0,0,2,16,4,0,2,0,0,0,2,0,18,8,2,0,0,0,0,0,0,0,2,2,2,0,0,0,0,2,0,2,0,32,0,6,0,18,2,0,0,2,0,6,0,0,10,4,0,2,2,4,2,20,0,2,0,0,0,18,10,2,6,0,0,8,0,0,0,2,0,0,0,2,10,0,10,0,8,0,2,0,0,0,0,2,10,8,0,0,0,0,2
5,0,2,2,14,0,2,0,0,0,0,0,6,2,0,0,0,0,2,0,2,0,0,0,0,0,0,0,0,0,0,0,0,0,0,0,0,4,6,0,0,2,0,2,20,4,2,0,0,0,4,18,0,2,4,0,2,6,2,2,0,2,32,0,0,0,0,8,0,8,0,0,0,0,2,2,0,6,0,0,0,0,0,0,2,0,0,0,0,8,0,0,0,4,0,0,0,2,0,0,2,0,0,2,2,4,2,4,2,0,0,0,2,0,6,0,6,6,10,8,0,0,0,0,4,0,2,0,10,6,0,0,0,0,2,0,0,0,0,0,4,2,2,0,12,0,0,0,0,42,0,16,2,12,8,2,0,0,0,2,0,0,4,0,0,0,2,6,10,4,0,8,0,0,0,16,6,0,0,2,0,0,0,0,0,8,0,6,0,0,2,0,6,0,6,0,2,0,4,2,0,2,6,2,0,8,0,0,10
5,0,8,8,0,4,0,8,0,0,0,0,6,4,0,0,0,0,0,0,0,0,0,0,4,0,2,0,0,0,0,0,0,0,0,4,0,4,2,0,0,0,0,0,4,0,0,0,0,0,10,8,2,0,20,0,6,4,10,0,0,2,0,6,0,0,0,2,24,0,0,0,0,0,0,0,0,4,0,0,4,2,0,0,0,0,0,2,0,14,0,4,0,6,0,0,0,0,0,2,2,4,2,0,0,2,2,2,4,0,0,0,8,8,4,4,4,6,6,4,0,0,0,0,0,0,4,0,30,0,0,0,0,0,0,0,0,4,2,2,10,8,6,4,2,0,0,2,0,30,2,6,0,18,4,4,0,0,0,0,0,2,16,8,2,10,4,2,2,14,6,2,0,0,0,10,10,0,0,6,0,4,4,4,0,2,0,0,0,4,2,0,4,0,0,0,0,0,0,0,0,6,8,8,2,0,0,0,0
5,0,0,0,2,6,2,2,0,4,0,0,0,2,2,0,0,0,0,0,0,0,2,6,0,0,0,0,0,0,2,0,0,0,0,2,0,2,4,0,0,0,0,0,2,0,2,0,0,6,6,20,2,0,0,0,6,0,8,0,0,0,0,0,0,2,0,2,0,8,0,0,0,2,14,2,0,8,4,4,0,0,0,0,4,0,0,0,0,20,2,16,0,0,0,0,0,0,0,2,4,2,0,0,2,0,0,4,4,0,2,0,4,6,8,6,2,0,22,14,0,0,4,0,2,0,2,0,28,8,6,0,0,0,0,0,0,0,0,0,0,0,2,4,0,0,4,0,2,26,34,8,0,14,0,0,4,2,0,0,0,4,6,4,0,12,0,0,16,6,0,2,0,0,0,10,10,0,0,2,10,0,12,12,2,6,2,0,0,0,0,0,0,0,0,0,0,0,0,4,2,0,14,14,0,0,2,0,6
5,0,6,6,0,0,0,0,0,4,0,0,0,0,0,0,0,0,0,0,0,0,0,6,0,2,0,0,4,2,0,0,0,0,0,4,0,0,4,0,0,4,2,0,4,2,0,2,6,8,4,4,0,0,8,2,0,2,4,0,0,0,0,8,2,0,0,6,0,2,0,0,0,14,6,0,0,2,2,0,4,0,2,2,4,0,0,0,2,6,0,0,0,0,0,0,0,0,2,2,0,2,0,0,0,6,2,10,10,2,0,4,0,4,8,2,12,0,14,8,2,0,0,0,0,0,4,0,26,18,2,0,4,0,0,0,0,2,0,0,8,2,2,0,0,2,0,0,0,38,0,14,0,30,6,0,0,0,0,0,0,0,6,0,0,12,2,12,2,16,0,2,0,0,0,14,6,0,4,0,0,0,0,0,0,0,0,0,0,0,0,0,0,0,0,0,0,0,0,0,0,0,2,2,0,0,0,0,4
5,0,0,0,0,2,0,2,0,2,0,2,0,4,0,0,0,0,0,0,0,0,0,0,0,0,0,0,0,2,0,0,0,0,0,4,4,2,6,0,0,0,0,0,4,2,0,0,0,2,0,4,0,8,20,0,0,6,6,0,0,0,18,10,0,0,0,12,2,2,4,0,0,0,0,0,0,4,0,2,6,0,0,0,0,0,0,0,2,14,0,36,0,6,0,0,0,0,0,2,0,0,0,0,0,0,2,2,4,6,0,2,4,4,10,4,2,0,6,0,0,0,4,0,0,2,6,0,26,10,6,0,4,0,0,0,0,2,0,4,6,0,2,0,2,0,2,0,0,58,2,12,4,6,4,0,0,4,0,2,0,0,6,2,0,10,2,0,8,34,0,0,0,0,0,16,8,0,0,0,0,0,0,0,4,8,0,0,0,0,0,0,0,0,0,0,0,0,0,6,4,0,6,32,4,2,0,0,0
5,0,2,2,0,0,2,8,0,0,4,4,0,0,2,0,0,0,0,0,2,0,0,4,2,2,0,0,4,0,0,0,0,0,0,2,0,2,0,0,0,0,0,0,2,0,0,0,0,4,0,8,2,2,8,0,2,4,8,0,0,0,12,2,0,0,0,0,0,2,0,10,12,0,2,0,0,2,0,0,10,0,2,0,0,0,0,0,4,14,0,0,0,4,0,2,0,0,0,4,4,4,2,2,0,8,2,6,4,4,2,2,10,0,14,2,4,0,18,0,0,0,4,0,0,0,12,0,18,4,8,0,2,0,2,0,0,0,0,0,16,2,0,2,0,0,0,0,0,36,0,10,0,18,2,2,0,0,0,0,0,2,16,16,0,8,2,0,2,26,0,0,0,0,0,26,16,0,0,0,0,0,0,0,2,0,0,0,0,0,0,0,0,0,0,0,0,0,0,0,4,0,4,24,0,0,0,0,0
5,0,4,4,4,2,2,8,0,4,0,0,0,0,4,0,0,0,0,0,0,0,0,4,0,2,0,0,2,4,0,0,0,0,0,0,0,8,2,0,0,0,0,0,4,0,2,0,0,0,0,6,0,0,6,0,0,14,8,0,0,0,10,0,4,0,0,12,0,0,2,12,0,4,0,2,0,0,0,8,0,0,0,0,4,2,0,0,0,26,0,8,0,12,6,0,0,0,0,2,6,2,2,0,0,0,2,6,4,2,0,0,0,4,10,2,8,4,20,0,2,0,0,0,0,0,6,2,26,10,2,0,2,0,6,0,0,2,2,0,16,12,4,0,2,0,0,0,0,38,4,22,0,14,0,0,0,4,0,0,0,0,18,6,0,6,4,0,4,20,0,0,0,2,0,18,18,0,0,0,0,0,0,0,0,0,0,0,0,0,0,0,0,0,0,0,0,0,0,0,0,0,4,40,0,8,0,0,0
5,0,2,2,0,0,0,0,0,2,0,0,0,0,0,0,0,0,0,4,0,0,0,2,0,0,0,0,0,0,0,0,6,0,0,4,0,6,6,0,0,0,0,0,2,0,0,0,0,6,2,6,0,0,2,0,12,0,10,0,0,0,2,2,0,2,0,4,2,0,2,2,2,2,0,0,2,6,0,2,6,0,0,0,4,0,0,0,0,12,0,0,0,2,10,0,0,0,2,2,0,0,2,0,2,2,0,2,2,2,8,2,2,0,16,4,4,0,24,0,2,0,4,2,2,2,8,6,20,0,6,0,0,0,0,0,0,2,0,0,6,2,0,0,0,0,4,0,0,46,4,8,0,16,0,0,2,4,0,2,0,0,10,4,0,8,2,0,4,26,0,0,0,2,0,14,26,0,0,0,0,0,0,0,0,0,0,0,0,0,0,0,0,0,0,0,0,0,0,2,0,0,10,10,8,2,2,0,4
5,0,0,0,0,0,2,0,0,0,0,0,0,0,0,0,0,0,0,0,0,0,0,0,0,0,0,0,0,0,0,0,0,0,0,0,0,2,0,2,0,0,0,0,0,4,2,0,0,2,0,6,0,0,4,0,2,0,0,0,0,0,2,4,2,0,0,10,0,0,0,0,0,16,0,0,0,4,0,2,8,0,0,0,2,0,0,2,0,16,0,2,0,0,0,0,0,2,0,0,0,0,0,0,0,0,0,0,0,0,0,0,0,0,0,0,2,2,0,0,0,0,12,2,0,0,0,0,0,0,2,0,0,0,0,0,0,0,0,0,8,0,0,0,0,0,6,0,0,0,0,20,0,10,4,4,0,0,0,0,0,0,0,0,0,14,4,0,6,10,0,0,0,0,2,4,24,0,0,0,0,0,0,0,0,0,0,0,0,0,0,0,0,0,0,0,0,0,0,0,2,16,8,12,2,2,0,0,0
5,0,0,0,0,0,0,12,0,0,0,0,0,0,0,0,0,0,0,0,0,0,0,0,0,0,0,0,0,0,0,0,0,0,0,0,0,0,10,0,0,0,0,0,0,0,0,0,0,6,0,6,0,4,8,0,4,0,0,0,0,0,2,24,0,0,0,6,2,0,4,0,0,0,0,0,2,0,0,2,12,2,0,0,8,0,0,0,4,16,0,0,0,0,0,0,0,0,0,0,0,0,0,0,0,0,0,0,0,0,0,0,0,0,0,0,4,2,0,0,4,0,4,2,2,0,0,0,0,0,2,0,0,0,0,0,0,0,0,0,4,0,0,0,0,0,2,0,0,0,0,6,0,14,0,0,0,0,0,2,0,0,0,0,0,4,4,0,0,4,0,0,0,0,0,2,0,0,0,0,0,0,0,0,0,0,0,0,0,0,0,0,0,0,0,0,0,0,0,0,0,14,14,22,4,0,0,0,2
5,0,0,0,0,0,0,2,0,0,0,0,0,0,0,0,0,0,0,0,0,0,0,0,0,0,0,0,0,0,0,0,0,0,0,0,0,0,4,0,0,0,0,0,0,0,4,0,2,10,6,12,0,0,10,0,8,0,0,0,0,0,8,0,0,0,2,0,6,0,0,0,0,0,4,2,2,6,0,0,14,2,0,0,0,0,2,0,0,12,4,6,0,0,0,0,0,0,0,0,0,0,0,0,0,0,0,0,0,0,0,0,0,0,0,0,6,0,0,0,0,0,10,0,0,0,0,0,0,0,0,0,0,0,0,0,0,0,0,0,2,0,0,0,0,0,2,0,0,0,0,2,0,10,2,0,0,0,0,0,0,0,0,0,2,8,4,0,0,14,0,0,0,0,0,0,0,0,0,0,0,0,0,0,0,0,0,0,0,0,0,0,0,0,0,0,0,0,0,0,0,0,4,0,0,0,0,0,12
5,0,0,0,0,0,0,12,0,0,0,0,0,0,0,0,0,0,0,0,0,0,0,0,0,0,0,0,0,0,0,0,0,0,0,0,0,0,4,0,4,0,0,0,0,0,4,0,0,12,0,6,0,6,12,0,10,0,0,0,0,2,0,0,0,0,2,0,0,0,0,0,0,2,0,0,0,0,0,0,2,0,0,2,2,0,0,2,2,18,0,10,0,0,0,0,0,4,0,0,0,0,0,0,0,0,0,0,0,0,0,0,0,0,0,0,4,6,0,0,0,0,10,2,2,0,0,0,0,0,0,0,0,0,0,0,0,0,0,0,0,0,0,0,0,0,0,0,0,0,0,8,0,12,2,0,2,0,0,2,0,0,0,0,0,12,2,0,2,0,0,0,0,2,0,0,0,0,0,0,0,0,0,0,0,0,0,0,0,0,0,0,0,0,0,0,0,0,0,0,0,2,10,2,0,10,0,0,2
5,0,0,0,0,0,0,0,0,0,0,0,0,0,0,0,0,0,0,0,0,0,0,0,0,0,0,0,0,0,0,0,0,0,0,0,0,0,6,2,2,0,0,0,0,0,0,2,0,2,0,4,0,0,4,0,6,0,0,0,0,2,0,0,0,0,0,2,0,0,0,0,0,8,4,2,0,2,2,0,2,0,0,0,6,0,0,4,0,16,0,2,0,0,0,0,0,0,0,0,0,0,0,0,0,0,0,0,0,0,0,0,0,0,0,0,0,0,0,0,0,0,0,0,0,0,0,0,0,0,0,0,0,0,0,0,0,0,0,0,0,0,0,0,0,0,0,0,0,0,0,0,0,0,0,0,0,0,0,0,0,0,0,0,0,0,0,0,0,0,0,0,0,0,0,0,0,0,0,0,0,0,0,0,0,0,0,0,0,0,0,0,0,0,0,0,0,0,0,0,0,0,24,12,2,10,0,0,2
5,0,0,0,0,0,6,0,0,0,0,0,0,0,0,0,0,0,0,0,0,0,0,0,0,0,0,0,0,0,0,0,0,0,0,0,0,4,6,0,2,0,0,0,0,0,0,2,0,36,0,4,0,10,8,0,0,0,0,0,0,0,4,8,2,0,0,0,4,0,0,0,0,12,2,2,0,2,0,0,0,0,0,0,0,0,0,2,2,4,0,10,0,0,0,0,0,0,0,0,0,0,0,0,0,0,0,0,0,0,0,0,0,0,0,0,0,0,0,0,0,0,0,0,0,0,0,0,0,0,0,0,0,0,0,0,0,0,0,0,0,0,0,0,0,0,0,0,0,0,0,0,0,0,0,0,0,0,0,0,0,0,0,0,0,0,0,0,0,0,0,0,0,2,0,0,0,0,0,0,0,0,0,0,0,0,0,0,0,0,0,0,0,0,0,0,0,0,0,0,0,18,22,22,10,6,0,0,0
5,0,0,0,0,0,2,0,0,0,0,0,0,0,0,0,0,0,0,0,0,0,0,0,0,0,0,0,0,0,0,0,0,0,0,0,0,2,2,0,14,2,0,0,0,4,0,0,0,2,0,4,0,0,4,0,6,0,0,0,0,0,0,0,0,0,0,6,0,0,0,0,0,0,2,0,2,0,0,0,0,0,0,0,0,0,0,0,0,18,0,0,0,0,0,0,0,2,0,0,0,0,0,0,0,0,0,0,0,0,0,0,0,0,0,0,0,0,0,0,0,0,0,0,0,0,0,0,0,0,0,0,0,0,0,0,0,0,0,0,0,0,0,0,0,0,0,0,0,0,0,0,0,0,0,0,0,0,0,0,0,0,0,0,0,0,0,0,0,0,0,0,0,4,0,0,0,0,0,0,0,0,0,0,0,0,0,0,0,0,0,0,0,0,0,0,0,0,0,0,0,0,12,22,0,0,0,2,0
5,0,0,0,0,0,2,0,0,0,0,0,0,0,0,0,0,0,0,0,0,0,0,0,0,0,0,0,0,0,0,0,0,0,0,0,0,0,2,0,8,0,0,0,0,4,0,0,0,6,0,0,0,0,8,0,4,0,0,0,0,0,0,4,2,2,0,4,0,0,0,0,0,0,0,0,0,0,0,0,2,0,0,0,0,0,0,0,0,26,0,0,0,0,0,0,0,0,0,0,0,0,0,0,0,0,0,0,0,0,0,0,0,0,0,0,0,0,0,0,0,0,0,0,0,0,0,0,0,0,0,0,0,0,0,0,0,0,0,0,0,0,0,0,0,0,0,0,0,0,0,0,0,0,0,0,0,0,0,0,0,0,0,0,0,0,0,0,0,0,0,0,0,0,0,0,0,0,0,0,0,0,0,0,0,0,0,0,0,0,0,0,0,0,0,0,0,0,0,0,0,0,8,4,0,0,0,0,0
6,2,0,0,0,0,12,0,0,0,0,4,0,0,2,0,0,0,4,0,0,0,0,0,2,0,4,0,0,0,0,0,0,0,0,0,0,0,4,0,2,4,0,0,6,8,2,0,0,0,0,2,0,0,0,0,0,4,8,0,0,0,16,0,6,0,0,16,0,0,2,0,0,0,2,0,2,4,0,2,2,0,0,0,2,0,0,0,2,8,2,6,0,0,0,0,0,4,0,4,0,0,0,0,0,2,4,6,2,6,6,0,0,14,0,0,6,0,8,2,0,0,0,0,0,2,4,0,20,12,18,0,0,0,0,0,0,0,0,0,16,8,2,0,0,0,0,0,0,18,0,2,0,2,2,2,0,0,0,0,0,0,6,4,0,8,2,18,2,8,0,14,2,0,0,10,2,0,4,0,8,4,0,0,0,0,2,0,0,2,2,0,16,0,12,0,0,8,10,0,0,0,16,0,0,0,0,0,8
6,0,2,2,12,26,4,2,0,0,0,0,0,0,0,0,2,0,6,0,0,0,0,0,0,2,0,0,0,0,0,0,0,0,0,0,0,6,2,2,4,0,6,0,0,14,2,0,2,0,0,2,2,0,0,0,0,2,10,0,0,0,0,0,0,0,0,22,4,0,0,2,2,0,4,0,0,2,0,2,0,0,0,0,0,0,0,0,0,6,0,4,0,0,0,0,0,0,0,0,2,8,0,0,0,4,4,2,4,0,2,0,0,10,2,0,2,0,10,8,0,0,2,0,2,0,0,0,6,6,4,0,0,0,2,0,0,0,4,0,18,10,8,2,0,0,0,0,0,10,0,2,0,22,0,0,0,8,0,0,0,0,6,8,2,4,6,0,2,0,0,6,0,0,0,18,2,0,0,2,10,4,0,0,0,0,0,0,0,0,0,0,10,0,0,0,0,4,6,4,0,6,2,0,0,0,2,0,8
6,0,4,4,0,2,0,0,0,0,0,6,0,0,8,0,0,2,2,0,0,2,2,4,0,0,0,0,0,0,0,0,0,0,0,0,0,4,2,0,0,0,2,0,4,6,2,2,0,0,0,4,2,0,6,0,0,2,8,0,0,0,6,0,2,0,0,2,0,2,0,6,0,4,4,0,2,2,0,0,0,0,0,0,0,0,0,0,0,16,0,4,0,0,0,0,0,0,0,0,2,0,0,0,0,2,0,2,2,0,0,0,0,2,2,2,4,6,10,2,0,0,0,0,0,0,2,0,22,4,0,0,0,0,0,0,0,0,0,0,8,2,2,0,2,0,0,0,0,22,0,8,0,2,2,6,0,2,0,0,0,0,10,0,0,4,2,0,6,10,0,4,0,0,0,6,4,0,0,0,4,2,0,2,0,2,0,0,0,2,6,0,4,0,4,2,2,0,8,2,0,0,16,0,0,0,0,0,14
6,0,0,0,0,4,2,0,0,0,2,0,0,0,0,0,0,0,8,0,2,0,2,8,2,2,0,2,0,0,0,0,0,2,0,6,0,4,2,0,0,2,0,2,0,4,2,4,4,2,2,2,2,0,6,0,2,0,14,2,0,0,2,0,0,0,0,10,0,0,0,6,2,8,0,0,0,12,0,4,2,2,0,0,2,0,0,2,2,6,2,2,2,2,0,0,0,0,0,4,2,0,0,0,0,2,8,2,12,2,0,0,6,4,0,0,2,0,12,18,4,0,2,0,0,2,0,0,12,4,8,0,0,0,0,0,2,0,6,4,2,0,0,0,10,0,0,0,0,28,0,4,0,12,4,2,0,0,0,0,0,0,14,2,0,6,2,6,0,12,0,2,0,0,0,2,2,0,0,0,8,0,2,0,0,2,0,0,0,0,0,4,12,0,0,0,0,0,2,2,2,2,24,0,2,0,0,0,4
6,0,2,2,14,0,8,4,0,0,0,2,0,2,0,0,0,2,4,0,0,0,0,4,0,0,0,8,2,2,0,0,0,0,0,2,2,2,4,0,6,0,2,2,8,12,4,2,6,8,0,2,0,0,0,2,10,8,6,0,0,0,8,2,2,0,2,14,0,6,0,0,0,2,0,0,0,4,0,4,0,0,0,0,0,0,0,0,0,8,0,10,0,2,0,0,0,6,0,0,2,2,0,0,0,2,0,0,2,2,0,0,8,4,8,2,8,2,14,22,0,0,4,0,0,0,6,0,24,4,6,0,4,0,0,0,0,0,2,2,10,0,0,0,2,0,0,0,0,12,0,10,2,18,2,0,0,2,0,0,0,0,8,4,0,10,2,0,0,14,4,18,0,0,0,8,6,0,0,0,6,0,2,10,0,0,0,0,0,0,2,0,2,0,2,2,0,0,0,2,12,4,0,4,0,0,0,20,8
6,0,8,8,0,0,2,2,0,6,0,2,2,2,2,0,0,0,0,0,2,0,0,0,0,0,0,0,2,0,0,0,0,0,0,0,0,2,8,0,0,2,0,0,2,0,0,0,4,0,0,4,2,0,2,0,12,2,12,0,0,0,2,16,2,2,0,6,0,2,0,2,0,6,0,2,0,4,0,0,0,0,0,0,0,0,0,0,0,14,0,6,0,2,0,0,0,0,0,2,0,0,0,0,2,2,6,4,2,4,0,0,6,6,2,6,2,4,8,4,2,0,6,0,0,0,4,2,24,16,6,0,0,2,2,0,2,0,2,2,4,14,6,0,0,0,0,0,0,18,0,18,2,14,0,0,0,0,0,0,0,2,12,0,0,6,6,10,14,4,0,2,0,0,0,8,6,0,0,0,0,0,0,0,4,2,0,4,0,0,0,2,6,0,0,0,0,0,10,6,4,2,10,8,0,0,0,0,4
6,0,4,4,0,12,4,4,0,8,2,4,0,8,0,0,0,0,0,0,0,0,0,0,0,2,4,0,6,0,0,0,0,0,0,0,0,2,0,0,0,0,0,0,4,0,0,2,0,0,0,2,4,2,12,0,8,8,6,0,0,0,0,12,4,2,0,0,2,8,0,0,2,2,12,0,0,12,0,0,2,0,0,0,0,0,0,0,2,10,4,0,0,10,0,0,0,2,2,2,2,4,0,0,2,2,0,2,6,4,0,0,0,6,2,2,8,4,26,14,0,0,10,0,0,0,4,0,16,6,8,0,2,0,0,0,0,0,0,0,0,6,0,0,0,0,2,0,0,30,0,2,0,8,2,0,0,0,0,0,0,0,14,2,0,10,2,0,12,4,0,4,0,2,0,8,0,0,0,0,0,0,4,4,4,0,0,2,0,0,2,0,6,0,8,0,0,0,2,0,0,2,14,6,0,0,0,0,0
6,0,2,2,0,4,0,0,0,0,0,2,2,0,2,0,0,0,0,0,2,2,0,2,4,0,4,2,0,0,0,0,4,0,0,0,0,0,0,0,0,0,0,0,0,0,4,0,0,16,0,8,4,2,6,0,12,2,6,0,0,0,0,0,4,2,2,0,2,8,0,0,4,6,0,0,0,4,0,4,0,0,0,0,0,0,0,0,2,10,0,10,0,4,8,0,0,0,2,0,0,0,0,0,2,2,2,4,2,2,4,0,6,8,8,0,0,4,18,8,0,0,8,0,2,0,12,0,10,6,2,2,0,0,0,0,0,0,0,0,4,8,0,0,2,0,4,0,2,22,0,10,0,18,4,0,0,0,0,0,0,0,10,4,0,6,2,0,0,18,0,2,0,0,0,22,6,0,6,0,0,0,6,28,0,6,0,4,2,6,8,4,28,0,4,0,0,0,0,0,0,0,2,4,2,0,0,0,10
6,0,2,2,0,0,4,0,0,2,0,2,4,0,2,0,0,0,0,0,0,0,0,4,0,0,0,0,2,0,2,0,0,0,0,0,0,4,0,0,2,0,0,0,4,10,0,0,0,4,2,8,2,0,6,0,2,6,16,0,0,0,6,10,4,0,2,12,6,0,2,12,0,4,2,0,0,0,0,0,0,0,0,0,2,0,0,0,0,14,0,0,0,2,0,0,0,0,0,6,0,0,0,0,0,2,0,6,2,4,14,0,0,6,8,2,4,0,20,0,0,0,4,0,0,2,18,2,8,8,6,0,4,0,2,0,0,2,2,0,4,0,0,0,0,0,2,0,0,34,2,10,2,26,2,0,0,0,0,0,2,0,12,0,0,6,4,0,2,8,4,8,0,2,0,6,8,0,8,0,0,0,0,0,0,0,0,0,0,2,6,0,10,0,8,0,0,0,0,0,0,0,6,22,0,2,0,0,0
6,0,0,0,0,8,0,0,0,0,0,4,0,0,2,0,0,0,0,0,0,0,0,2,0,4,0,0,4,0,0,0,0,0,0,4,0,0,4,0,0,0,0,4,8,0,2,2,2,4,0,4,0,16,14,0,4,6,6,0,0,0,6,14,2,0,0,10,4,2,8,12,6,0,6,0,0,0,0,0,0,0,0,0,0,0,0,2,2,10,0,4,0,0,0,0,0,0,0,0,2,0,0,0,0,4,0,10,2,0,2,0,2,8,8,4,0,0,24,0,0,0,2,2,0,2,4,2,6,8,4,2,0,0,2,0,0,2,0,4,4,4,0,0,0,0,0,0,0,28,0,10,0,12,2,2,0,2,0,0,0,2,14,6,0,8,0,2,0,2,0,0,0,4,0,6,14,0,2,0,0,0,0,0,0,6,2,0,0,0,2,0,6,0,2,0,0,0,2,0,0,0,6,12,0,10,2,0,2
6,0,2,2,0,0,0,2,0,2,0,2,0,2,0,0,0,0,0,0,0,2,0,6,0,2,0,0,2,0,0,0,0,0,0,2,0,4,4,0,2,2,0,0,4,2,4,4,8,22,0,4,0,0,0,0,2,8,6,0,0,0,10,4,2,0,0,10,6,0,0,10,0,6,2,0,0,0,0,0,0,0,0,0,4,0,0,2,0,12,2,4,0,2,2,0,0,0,0,0,0,2,0,0,0,2,2,0,4,0,2,0,0,2,6,6,0,8,18,0,0,0,14,2,0,0,2,0,22,2,4,0,0,2,2,0,0,2,0,2,10,2,4,0,0,0,0,0,0,24,0,8,0,32,2,0,4,6,0,2,0,2,2,0,0,8,6,2,2,18,0,0,0,2,0,4,8,0,8,0,0,0,0,0,0,0,0,10,0,6,6,2,14,0,18,0,0,0,4,0,0,0,4,16,2,2,0,0,4
6,2,4,4,0,0,4,0,0,0,0,2,0,0,6,0,0,0,0,0,0,0,0,4,0,0,0,0,0,0,0,0,0,0,0,10,0,4,0,0,2,0,0,4,2,0,2,0,0,6,0,2,0,0,6,4,6,2,4,0,0,0,0,0,2,6,0,4,12,0,26,0,0,2,4,2,0,2,0,0,0,0,0,0,0,0,0,0,0,18,0,0,0,2,0,0,0,0,0,4,2,4,0,0,0,2,0,4,0,0,16,0,0,14,2,6,4,0,32,0,0,0,8,4,0,0,0,0,34,12,8,0,0,0,2,0,0,2,0,2,2,0,0,2,0,0,0,0,0,42,0,8,0,12,2,0,0,2,0,6,0,0,12,0,0,10,6,4,12,0,0,0,0,0,0,8,22,0,0,0,0,0,0,0,0,0,0,8,0,0,0,2,6,0,14,0,0,0,2,0,0,0,18,32,0,4,0,0,2
6,0,0,0,0,0,2,0,2,0,0,0,0,0,0,0,0,0,0,0,0,0,0,0,0,0,0,0,0,0,0,0,0,0,0,0,0,2,6,0,2,0,2,4,0,10,0,0,0,4,4,2,0,0,4,0,2,0,0,0,0,0,4,30,4,0,0,8,0,0,0,0,0,4,0,0,0,6,0,0,2,0,0,0,4,0,0,0,0,10,0,0,0,0,0,0,0,0,0,0,0,0,0,0,0,0,0,0,0,0,0,0,0,0,0,0,2,2,0,0,0,0,8,2,0,0,0,0,0,0,4,0,0,0,0,0,0,0,0,0,0,0,0,0,0,0,4,2,0,0,0,14,0,10,0,0,0,4,0,2,0,0,0,0,0,6,4,0,0,2,2,0,0,0,0,6,0,0,0,0,0,0,0,0,0,0,0,8,0,0,6,0,10,4,14,0,0,4,0,0,0,4,4,24,2,4,0,0,0
6,0,0,0,0,0,2,8,0,0,0,0,0,0,0,0,0,0,0,0,0,0,0,0,0,0,0,0,0,0,0,0,0,0,0,0,0,4,4,2,0,6,0,0,0,0,2,0,0,2,0,6,0,0,4,0,2,0,0,0,0,0,0,6,6,0,0,0,4,0,0,0,0,2,0,2,4,0,0,0,2,0,0,0,0,0,0,0,0,12,4,0,0,0,0,0,0,2,0,0,0,0,0,0,0,0,0,0,0,0,0,0,0,0,0,0,4,6,0,0,0,0,8,2,2,2,0,0,0,0,4,0,0,0,0,0,0,0,0,0,2,2,0,0,0,0,0,0,0,0,0,6,0,16,2,0,2,0,0,2,0,0,0,0,0,2,6,0,6,20,0,0,0,4,0,4,0,0,0,0,0,0,0,0,0,0,0,22,0,12,26,2,16,0,0,0,0,0,0,0,0,0,10,0,4,0,0,0,0
6,0,0,0,0,0,2,2,0,0,0,0,0,0,0,0,0,0,0,0,0,0,0,0,0,0,0,0,0,0,0,0,0,0,0,0,0,2,4,0,4,0,0,0,0,2,0,0,0,2,0,0,0,0,4,0,2,0,0,0,0,0,0,4,2,0,0,4,0,0,0,0,0,0,0,2,0,0,0,0,2,0,0,4,0,0,0,0,0,12,0,2,0,0,0,0,0,0,0,0,0,0,0,0,0,0,0,0,0,0,0,0,0,0,0,0,4,4,0,0,0,0,2,0,0,0,0,0,0,0,0,0,0,0,0,0,0,0,0,0,6,0,0,0,0,0,0,0,0,0,0,12,0,12,2,2,0,2,0,0,0,0,0,0,0,8,0,0,8,20,0,0,0,0,0,6,0,0,0,0,0,0,0,0,0,0,0,8,0,8,10,2,10,0,0,0,0,0,0,0,0,2,4,2,2,2,0,0,18
6,0,0,0,0,0,8,0,0,0,0,0,0,0,0,0,0,0,0,0,0,0,0,0,0,0,0,0,0,0,0,0,0,0,0,0,0,0,8,2,0,2,0,0,0,0,2,0,0,28,2,0,0,0,10,0,0,0,0,0,0,0,2,30,2,0,0,12,2,0,0,0,0,4,2,0,0,4,2,2,2,0,8,2,2,0,0,0,2,10,2,0,0,0,0,0,0,0,0,0,0,0,0,0,0,0,0,0,0,0,0,0,0,0,0,0,6,2,0,0,0,0,22,0,0,0,0,0,0,0,0,0,0,0,0,0,0,0,0,0,0,0,0,0,0,0,0,0,0,0,0,2,0,14,0,2,0,0,0,2,0,0,0,0,0,10,2,0,0,0,0,0,0,2,0,0,0,0,0,0,0,0,0,0,0,0,0,0,0,0,0,0,0,0,0,0,0,0,0,0,0,2,6,0,2,2,0,0,4
6,0,0,0,0,0,2,0,0,0,0,0,0,0,0,0,0,0,0,0,0,0,0,0,0,0,0,0,0,0,0,0,0,0,0,0,0,0,2,0,0,0,0,0,0,8,4,2,0,4,4,4,0,0,12,0,10,0,0,0,0,0,0,2,0,0,0,8,0,0,0,0,0,2,2,0,0,0,0,6,0,0,0,0,4,0,0,2,2,8,2,0,0,0,0,0,0,0,0,0,0,0,0,0,0,0,0,0,0,0,0,0,0,0,0,0,0,0,0,0,0,0,0,0,0,0,0,0,0,0,0,0,0,0,0,0,0,0,0,0,0,0,0,0,0,0,0,0,0,0,0,0,0,0,0,0,0,0,0,0,0,0,0,0,0,0,0,0,0,0,0,0,0,2,0,0,0,0,0,0,0,0,0,0,0,0,0,0,0,0,0,0,0,0,0,0,0,0,0,0,0,4,16,4,0,12,0,0,0
6,0,0,0,0,0,0,0,0,0,0,0,0,0,0,0,0,0,0,0,0,0,0,0,0,0,0,0,0,0,0,0,0,0,0,0,0,0,0,0,2,0,0,0,0,4,2,0,0,4,4,6,0,0,2,0,0,0,0,0,0,2,0,2,0,0,0,10,0,0,0,0,0,2,0,4,0,2,0,2,6,0,0,0,2,0,0,2,4,10,0,0,0,0,0,0,0,2,0,0,0,0,0,0,0,0,0,0,0,0,0,0,0,0,0,0,0,0,0,0,0,0,0,0,0,0,0,0,0,0,0,0,0,0,0,0,0,0,0,0,0,0,0,0,0,0,0,0,0,0,0,0,0,0,0,0,0,0,0,0,0,0,0,0,0,0,0,0,0,0,0,0,0,2,0,0,0,0,0,0,0,0,0,0,0,0,0,0,0,0,0,0,0,0,0,0,0,0,0,0,0,4,10,0,0,10,0,0,0
6,0,0,0,0,0,0,2,0,0,0,0,0,0,0,0,0,0,0,0,0,0,0,0,0,0,0,0,0,0,0,0,0,0,0,0,0,0,0,2,12,0,0,0,0,4,0,2,4,0,0,4,0,0,0,0,4,0,0,0,0,0,20,6,0,4,0,8,2,0,0,0,0,4,6,0,0,0,0,8,14,0,0,0,2,0,2,0,0,12,2,0,0,0,0,0,0,2,0,0,0,0,0,0,0,0,0,0,0,0,0,0,0,0,0,0,0,0,0,0,0,0,0,0,0,0,0,0,0,0,0,0,0,0,0,0,0,0,0,0,0,0,0,0,0,0,0,0,0,0,0,0,0,0,0,0,0,0,0,0,0,0,0,0,0,0,0,0,0,0,0,0,0,4,0,0,0,0,0,0,0,0,0,0,0,0,0,0,0,0,0,0,0,0,0,0,0,0,0,0,0,6,14,8,0,8,0,4,4
6,0,0,0,0,0,8,2,0,0,0,0,0,0,0,0,0,0,0,0,0,0,0,0,0,0,0,0,0,0,0,0,0,0,0,0,0,0,0,0,12,4,2,0,0,2,0,4,0,14,0,0,0,0,2,0,10,0,0,0,0,6,0,0,0,2,0,2,0,0,0,0,0,2,0,0,0,2,2,4,2,0,6,2,4,0,0,4,0,0,0,8,0,0,0,0,0,0,0,0,0,0,0,0,0,0,0,0,0,0,0,0,0,0,0,0,0,0,0,0,0,0,0,0,0,0,0,0,0,0,0,0,0,0,0,0,0,0,0,0,0,0,0,0,0,0,0,0,0,0,0,0,0,0,0,0,0,0,0,0,0,0,0,0,0,0,0,0,0,0,0,0,0,0,0,0,0,0,0,0,0,0,0,0,0,0,0,0,0,0,0,0,0,0,0,0,0,0,0,0,0,0,12,0,0,6,0,0,6
7,0,0,0,0,2,0,0,0,2,0,0,0,4,0,0,0,0,2,0,0,2,4,0,0,2,0,0,0,0,0,0,0,0,0,0,0,0,2,0,6,2,4,0,2,0,4,4,2,0,6,4,12,0,6,8,4,2,2,0,0,0,0,2,0,0,0,24,0,0,0,0,0,2,2,0,0,4,0,0,0,0,0,0,2,0,0,0,0,12,0,4,0,0,0,0,0,0,0,0,0,0,0,0,0,4,2,4,6,4,8,0,0,0,0,2,4,4,4,8,8,0,2,2,0,2,8,0,32,28,4,2,0,0,2,0,2,2,2,4,0,2,0,2,2,0,2,0,0,10,0,0,0,10,0,0,0,0,0,0,0,0,4,2,0,2,2,0,0,20,2,12,0,0,2,2,0,0,0,0,6,0,0,0,0,2,0,2,0,0,2,0,8,0,8,0,10,2,2,2,2,0,8,0,0,0,0,2,6
7,2,6,6,2,4,0,0,0,0,0,0,0,4,2,0,0,0,6,0,0,0,0,4,0,0,0,0,0,0,0,0,0,0,0,0,4,0,0,0,2,0,0,0,2,0,0,0,2,0,2,6,4,0,0,0,0,0,0,0,0,0,0,0,0,0,0,4,0,0,0,2,0,4,8,2,2,4,0,0,2,0,0,0,6,0,0,0,0,16,2,2,0,4,0,0,0,0,0,6,0,0,0,0,2,2,2,4,4,6,0,0,0,0,8,2,4,0,10,4,0,0,2,0,0,0,2,0,26,12,6,2,4,0,0,0,2,0,2,2,4,2,2,0,0,0,0,0,0,8,0,0,0,4,0,0,0,0,0,0,0,2,4,0,0,6,2,0,2,20,4,12,0,0,0,2,2,0,0,0,12,0,0,0,0,0,0,0,0,0,2,2,2,0,0,2,2,2,12,0,0,2,16,0,0,0,0,2,10
7,0,2,2,0,0,0,0,0,0,0,6,0,0,2,0,2,0,0,0,0,0,0,4,0,0,0,0,0,0,0,0,0,0,0,2,2,6,4,2,0,0,0,0,8,0,0,0,10,0,0,2,2,0,4,0,8,8,6,0,0,2,4,0,0,0,0,10,0,4,0,2,0,4,2,0,0,6,6,0,0,0,0,0,0,0,0,0,0,4,0,6,0,4,0,0,0,0,2,0,4,2,0,0,0,0,0,0,12,2,4,0,0,2,2,2,2,4,0,4,2,0,4,0,0,0,0,0,16,30,0,0,0,0,0,0,2,0,6,0,6,8,4,0,2,0,0,0,0,10,0,4,0,10,0,0,0,0,0,4,2,0,6,0,0,8,2,12,12,8,0,4,0,0,0,4,0,0,0,4,2,0,0,0,0,10,0,0,0,0,0,0,8,0,12,0,6,0,4,0,0,0,4,2,0,0,0,0,16
7,0,2,2,2,0,0,2,0,0,0,2,4,0,0,0,0,2,2,0,0,0,2,0,2,4,4,0,0,0,0,0,0,2,0,0,0,2,4,0,2,0,0,0,2,0,0,2,18,0,0,4,6,0,4,2,0,2,4,0,0,0,10,0,0,0,0,2,0,2,0,2,2,0,4,0,0,0,0,0,0,0,0,0,4,0,0,0,0,8,0,0,0,2,0,0,0,0,2,0,0,0,0,0,0,6,4,0,6,2,6,0,0,2,2,6,2,4,6,8,0,0,0,0,2,2,2,0,28,10,0,0,0,0,0,0,0,0,4,0,10,2,6,0,2,0,2,0,0,16,0,8,0,18,0,0,0,12,0,0,0,0,2,6,0,6,2,0,12,10,0,6,0,0,0,10,0,0,4,0,8,2,0,0,0,0,0,0,0,0,4,2,10,0,12,2,0,0,0,0,2,0,16,0,0,0,0,0,8
7,0,2,2,0,12,0,0,0,8,0,2,2,0,0,0,0,0,6,0,2,0,0,6,0,0,0,0,2,0,0,0,0,0,0,0,0,2,0,2,2,0,0,0,2,0,4,6,6,0,6,6,4,0,0,0,0,4,12,0,0,0,0,2,2,0,0,4,0,2,0,0,2,0,6,0,2,2,0,2,4,0,0,0,6,0,0,0,0,2,0,4,0,6,0,0,0,0,0,0,0,0,0,0,0,4,0,2,12,2,0,0,2,0,2,0,2,6,6,18,2,0,0,0,4,0,0,0,34,22,2,0,0,0,2,0,0,0,0,0,2,0,0,0,2,0,4,2,0,10,2,4,0,10,0,0,0,0,0,6,0,0,12,0,0,4,2,2,10,14,0,4,0,0,0,22,0,0,0,0,8,2,0,12,6,6,2,0,0,10,2,0,18,0,14,0,0,0,0,4,2,0,4,8,0,2,4,0,16
7,0,0,0,0,2,4,0,0,0,0,2,8,0,0,0,0,0,0,0,2,0,0,2,2,0,0,0,0,0,0,0,2,0,0,4,0,0,0,0,0,0,2,4,0,0,2,4,4,0,0,4,6,0,0,2,0,2,0,0,0,0,2,10,2,0,0,6,2,10,0,0,0,2,8,0,0,0,0,0,0,0,0,4,0,0,0,0,0,12,4,2,0,2,0,0,0,0,0,4,2,2,0,0,2,0,2,4,2,0,0,0,0,0,10,2,0,2,10,18,0,0,2,0,2,0,4,0,20,4,2,0,0,0,0,0,0,0,2,0,2,0,0,0,2,0,0,0,0,26,2,6,0,2,0,0,0,0,0,0,0,0,4,0,0,6,2,0,12,6,0,2,0,0,0,16,12,0,0,0,4,2,0,2,0,0,0,8,0,2,10,0,28,0,2,0,0,0,2,6,8,12,4,2,0,0,0,0,2
7,0,2,2,2,2,4,12,0,0,0,0,10,2,0,0,0,0,0,0,0,0,0,2,0,4,0,0,0,0,0,0,4,0,0,4,0,6,2,2,2,0,2,0,0,0,0,2,6,4,0,2,2,0,2,4,4,0,8,0,0,2,2,2,2,0,0,8,0,4,0,0,0,0,6,0,0,0,0,0,0,0,0,2,0,0,0,2,2,2,0,18,0,6,0,0,0,0,0,0,0,0,0,0,0,0,4,0,10,0,0,0,4,0,0,4,2,6,12,6,0,0,0,0,0,2,2,0,48,8,0,0,0,0,0,0,0,2,2,2,2,4,10,0,0,0,4,0,0,24,4,2,0,18,0,0,0,0,0,2,0,0,8,0,0,4,0,2,8,28,0,6,0,0,0,0,8,0,0,2,4,0,0,0,0,0,0,4,0,10,8,2,14,2,2,0,0,0,0,12,12,0,4,24,0,0,0,0,4
7,0,2,2,2,0,0,2,0,2,0,0,2,0,2,0,0,0,0,0,4,0,0,0,0,0,2,0,0,0,0,0,0,0,0,2,0,0,4,0,0,0,0,0,12,0,0,2,4,0,4,2,10,0,0,2,2,2,6,0,0,0,0,4,0,0,0,6,0,26,4,2,2,8,8,0,0,4,0,0,2,0,0,0,0,0,0,2,0,10,0,28,0,2,0,0,0,0,0,0,0,0,0,0,0,0,0,2,8,4,4,0,4,0,6,0,6,6,10,6,0,0,0,2,2,2,0,0,12,8,12,0,6,0,0,0,2,2,4,2,4,4,2,0,0,0,0,0,0,6,0,14,2,18,0,0,2,0,0,0,0,0,4,2,0,4,0,0,6,10,0,2,0,0,0,0,8,0,4,0,0,0,2,10,0,0,0,8,0,0,2,0,8,0,10,0,0,4,0,0,0,0,10,10,4,0,0,0,4
7,0,2,2,0,12,0,0,0,14,0,2,0,0,2,0,0,0,0,0,0,2,2,0,0,0,0,0,0,0,0,0,0,0,0,0,0,0,8,0,0,0,0,0,2,0,0,0,2,2,0,2,14,0,6,0,4,6,10,0,0,0,0,10,0,0,0,2,0,4,8,12,0,0,6,0,0,6,2,0,6,0,0,0,4,2,0,0,0,16,0,2,0,2,0,0,0,0,0,4,0,0,0,0,0,0,2,2,12,0,8,0,2,0,0,4,8,2,12,0,0,2,0,0,0,0,6,0,28,4,8,0,4,0,4,0,0,8,0,0,8,4,0,0,2,2,2,0,0,14,0,10,0,16,2,0,0,0,0,4,0,2,8,0,0,16,6,12,6,4,0,4,0,0,0,6,10,0,0,0,0,0,0,0,0,0,0,0,0,0,0,0,0,0,0,0,0,0,0,0,0,4,4,10,0,0,0,0,0
7,0,2,2,0,4,2,0,0,2,0,0,0,6,0,0,0,0,0,0,0,0,0,2,2,0,0,0,2,2,0,0,6,0,0,2,0,0,4,0,0,2,0,0,6,0,0,6,2,0,0,0,10,0,0,0,2,0,2,0,0,0,6,10,0,0,0,6,0,4,8,20,0,2,4,0,0,2,2,2,0,0,0,0,0,0,0,0,0,14,0,0,0,2,0,0,0,0,0,0,0,0,0,0,2,0,0,6,6,0,18,2,2,0,4,2,16,10,14,0,0,0,6,2,0,2,10,2,30,12,4,0,2,0,2,0,0,18,10,0,10,8,0,0,2,0,2,0,0,18,0,12,0,22,0,0,0,0,0,0,0,0,6,0,0,4,4,0,0,4,2,2,0,6,0,0,12,0,0,0,0,0,0,0,0,0,0,0,0,0,0,0,0,0,0,0,0,0,0,0,0,0,6,14,0,4,0,0,0
7,0,4,4,0,4,0,0,2,0,2,2,0,0,0,0,0,0,0,2,0,0,2,2,0,0,0,0,0,0,0,0,0,0,0,0,0,6,6,0,0,0,2,0,6,0,2,8,0,22,2,4,12,8,0,2,6,2,8,0,0,0,2,10,6,0,0,2,0,0,0,4,0,2,0,0,4,4,2,0,2,0,0,0,0,0,0,0,0,2,0,0,0,0,0,0,2,0,0,0,4,0,0,0,0,4,0,0,2,2,0,0,2,0,2,0,24,2,22,0,0,0,8,0,0,0,20,2,26,2,0,0,0,0,0,0,0,0,0,0,8,4,0,0,0,0,0,0,0,20,0,20,0,20,0,2,0,6,0,0,0,0,4,0,0,14,4,4,18,6,0,0,0,0,0,14,2,0,2,0,0,0,0,0,0,0,0,0,0,0,0,0,0,0,0,0,0,0,0,0,0,0,10,18,0,4,0,0,2
7,0,4,4,0,12,0,2,0,2,2,0,0,2,2,0,0,0,0,0,4,4,0,10,4,2,0,0,0,10,0,0,0,0,0,0,0,0,8,0,0,2,0,0,0,0,0,4,0,0,4,0,18,2,14,0,2,8,14,0,0,0,4,0,0,0,0,0,4,0,0,0,0,0,0,0,0,0,0,0,2,0,0,0,0,2,0,0,0,14,0,0,0,0,0,0,0,0,6,2,0,0,0,0,0,0,2,6,6,0,0,0,0,0,0,2,14,0,16,0,0,0,8,0,0,2,4,0,10,6,0,0,0,0,0,2,0,14,0,0,2,2,0,0,0,0,2,0,0,12,0,26,0,22,4,0,0,0,0,2,0,0,6,0,0,4,6,4,6,4,2,4,0,4,0,6,12,0,6,0,0,0,0,0,0,0,0,0,0,0,0,0,0,0,0,0,0,0,0,0,0,0,8,24,0,2,0,0,2
7,0,0,0,0,0,2,0,0,0,0,0,0,0,0,0,0,0,0,0,0,0,0,0,0,0,0,0,0,0,0,0,0,0,0,0,0,0,10,0,0,0,0,0,0,0,12,0,0,4,0,0,0,0,14,0,10,0,0,0,0,0,8,0,0,0,0,4,0,0,0,2,0,0,10,0,0,2,0,0,4,0,0,0,2,0,0,0,0,8,0,0,0,0,0,0,0,0,0,0,0,0,0,0,0,0,0,0,0,0,0,0,0,0,0,0,4,8,0,0,2,0,2,0,0,0,0,0,0,0,2,0,0,0,0,0,0,0,0,0,6,0,0,0,0,0,0,0,0,0,0,16,0,10,0,0,0,4,0,2,0,0,0,0,0,6,2,0,0,12,0,0,0,6,0,12,0,0,0,0,0,0,0,0,0,0,0,0,0,0,0,0,0,0,0,0,0,0,0,0,0,0,8,20,2,4,0,0,2
7,0,0,0,0,0,4,2,2,0,0,0,0,0,0,0,0,0,0,0,0,0,0,0,0,0,0,0,0,0,0,0,0,0,0,0,2,0,4,2,2,0,0,0,0,0,0,2,4,10,2,2,0,4,2,0,0,0,0,0,0,0,0,2,0,0,0,0,4,0,0,0,0,0,0,2,0,2,0,0,2,0,0,0,4,0,0,2,4,16,0,0,0,0,0,0,0,0,0,0,0,0,0,0,0,0,0,0,0,0,0,0,0,0,0,0,6,14,0,0,2,0,8,0,2,0,0,0,0,0,4,0,0,0,0,0,0,0,0,0,4,0,0,0,0,0,2,2,0,0,0,10,0,14,4,0,0,2,0,2,0,0,0,0,0,8,0,0,2,6,0,0,0,0,0,12,0,0,0,0,0,0,0,0,0,0,0,0,0,0,0,0,0,0,0,0,0,0,0,0,0,0,6,2,0,2,0,0,2
7,0,0,0,0,0,0,2,0,0,0,0,0,0,0,0,0,0,0,0,0,0,0,0,0,0,0,0,0,0,0,0,0,0,0,0,0,0,6,2,2,0,0,0,0,0,0,2,0,16,2,8,0,8,16,0,8,0,0,0,0,0,4,0,0,0,0,4,0,0,0,0,0,8,0,0,0,2,0,8,6,0,0,0,2,0,0,2,0,6,0,0,0,0,0,0,0,0,0,0,0,0,0,0,0,0,0,0,0,0,0,0,0,0,0,0,4,2,0,0,0,0,6,0,0,2,0,0,0,0,0,0,0,0,0,0,0,0,0,0,2,0,0,0,0,0,0,0,0,0,0,28,0,16,2,0,0,0,0,0,0,0,0,0,0,4,4,0,0,10,0,0,0,0,0,0,0,0,0,0,0,0,0,0,0,0,0,0,0,0,0,0,0,0,0,0,0,0,0,0,0,0,8,10,0,6,0,6,2
7,0,0,0,0,0,0,0,0,0,0,0,0,0,0,0,0,0,0,0,0,0,0,0,0,0,0,0,0,0,0,0,0,0,0,0,0,0,2,2,2,0,0,0,0,0,4,2,2,6,0,2,0,0,4,0,12,0,0,0,0,0,4,6,4,14,0,0,10,0,0,0,0,2,0,2,2,2,0,0,2,0,0,0,2,0,0,0,0,22,4,0,0,0,0,0,0,0,0,0,0,0,0,0,0,0,0,0,0,0,0,0,0,0,0,0,8,4,0,0,0,0,6,0,2,0,0,0,0,0,0,0,0,0,0,0,0,0,0,0,8,0,0,0,0,0,2,0,0,0,0,24,0,16,0,4,0,0,2,6,0,0,0,0,0,2,0,0,0,2,0,0,0,2,0,2,0,0,0,0,0,0,0,0,0,0,0,0,0,0,0,0,0,0,0,0,0,0,0,0,0,4,6,0,10,8,0,0,0
7,0,0,0,0,0,6,2,0,0,0,0,0,0,0,0,0,0,0,0,0,0,0,0,0,0,0,0,0,0,0,0,0,0,0,0,0,4,2,2,4,2,2,0,0,0,0,0,0,0,0,2,0,0,14,0,0,0,0,0,0,0,10,2,0,2,0,6,2,0,0,0,0,0,2,0,0,2,2,2,4,0,0,2,0,0,0,2,0,14,0,0,0,0,0,0,0,0,0,0,0,0,0,0,0,0,0,0,0,0,0,0,0,0,0,0,0,0,0,0,0,0,0,0,0,0,0,0,0,0,0,0,0,0,0,0,0,0,0,0,0,0,0,0,0,0,0,0,0,0,0,0,0,0,0,0,0,0,0,0,0,0,0,0,0,0,0,0,0,0,0,0,0,2,0,0,0,0,0,0,0,0,0,0,0,0,0,0,0,0,0,0,0,0,0,0,0,0,0,0,0,0,12,2,0,18,0,0,0
7,0,0,0,0,0,4,2,0,0,0,0,0,0,0,0,0,0,0,0,0,0,0,0,0,0,0,0,0,0,0,0,0,0,0,0,0,2,2,0,6,0,0,0,0,0,4,2,0,12,0,0,0,6,8,0,6,0,0,0,0,0,0,0,0,2,0,0,2,0,0,0,0,0,2,2,0,0,0,0,0,0,2,0,0,2,0,0,0,14,0,8,0,0,0,0,0,2,0,0,0,0,0,0,0,0,0,0,0,0,0,0,0,0,0,0,0,0,0,0,0,0,0,0,0,0,0,0,0,0,0,0,0,0,0,0,0,0,0,0,0,0,0,0,0,0,0,0,0,0,0,0,0,0,0,0,0,0,0,0,0,0,0,0,0,0,0,0,0,0,0,0,0,4,0,0,0,0,0,0,0,0,0,0,0,0,0,0,0,0,0,0,0,0,0,0,0,0,0,0,0,0,2,2,2,8,0,2,0
7,0,0,0,0,0,0,0,0,0,0,0,0,0,0,0,0,0,0,0,0,0,0,0,0,0,0,0,0,0,0,0,0,0,0,0,0,2,2,0,4,0,0,0,0,0,12,0,0,6,0,4,0,0,4,0,0,0,0,0,0,0,0,10,0,0,0,2,12,0,0,0,0,4,2,2,0,2,0,0,4,0,0,2,0,0,0,0,0,14,0,12,0,0,0,0,0,0,0,0,0,0,0,0,0,0,0,0,0,0,0,0,0,0,0,0,0,0,0,0,0,0,0,0,0,0,0,0,0,0,0,0,0,0,0,0,0,0,0,0,0,0,0,0,0,0,0,0,0,0,0,0,0,0,0,0,0,0,0,0,0,0,0,0,0,0,0,0,0,0,0,0,0,4,0,0,0,0,0,0,0,0,0,0,0,0,0,0,0,0,0,0,0,0,0,0,0,0,0,0,0,18,0,10,0,10,0,0,0
7,0,0,0,0,0,0,4,0,0,0,0,0,0,0,0,0,0,0,0,0,0,0,0,0,0,0,0,0,0,0,0,0,0,0,0,0,0,0,0,4,0,0,0,0,0,24,2,0,6,0,0,0,0,14,0,2,0,0,0,0,0,0,0,0,0,0,2,0,0,0,0,0,0,2,2,0,0,0,0,4,0,0,0,0,0,0,0,4,0,2,0,0,0,0,0,0,2,0,0,0,0,0,0,0,0,0,0,0,0,0,0,0,0,0,0,0,0,0,0,0,0,0,0,0,0,0,0,0,0,0,0,0,0,0,0,0,0,0,0,0,0,0,0,0,0,0,0,0,0,0,0,0,0,0,0,0,0,0,0,0,0,0,0,0,0,0,0,0,0,0,0,0,2,0,0,0,0,0,0,0,0,0,0,0,0,0,0,0,0,0,0,0,0,0,0,0,0,0,0,0,2,18,0,0,4,0,0,0
8,0,2,2,4,0,0,0,0,0,0,0,0,2,0,0,0,0,10,0,2,0,4,4,2,0,0,0,0,0,0,0,0,0,0,2,0,0,0,2,0,0,4,0,12,0,6,0,0,0,0,0,4,0,10,2,4,0,10,0,0,0,0,2,2,0,0,8,0,0,0,4,0,2,2,0,2,20,8,2,2,0,2,0,4,0,0,0,0,2,4,2,0,4,0,0,0,0,0,12,0,2,2,0,0,4,4,6,12,12,0,0,6,0,0,0,10,0,2,0,0,0,0,0,0,0,0,0,8,4,0,0,0,0,2,0,2,0,4,0,2,2,6,0,2,0,0,0,0,4,0,10,0,6,0,0,0,0,0,2,0,0,12,0,0,4,2,0,2,10,0,6,2,0,0,4,4,0,0,0,0,2,0,0,2,2,0,0,0,6,0,0,0,0,0,0,2,0,4,0,0,0,12,0,0,0,8,0,20
8,0,2,2,2,0,0,0,0,0,0,2,4,0,0,0,0,0,8,0,0,0,0,6,2,2,0,0,0,0,0,0,0,0,0,0,0,0,0,0,4,4,4,0,4,2,0,0,6,0,2,2,2,0,2,2,6,2,10,0,0,0,0,12,0,0,0,0,0,0,0,4,0,0,0,0,2,2,0,2,4,0,2,4,0,0,0,0,0,0,0,0,0,0,0,0,0,0,0,0,0,0,2,0,0,6,2,0,8,0,0,0,0,0,0,2,4,4,10,0,0,0,2,0,2,0,0,0,22,22,8,0,2,0,0,0,0,4,0,0,6,2,4,0,0,0,2,0,0,6,2,10,0,10,0,0,0,10,0,0,0,0,4,2,0,2,2,0,2,4,0,6,0,0,0,6,0,0,0,0,20,2,0,0,0,0,0,2,0,2,2,0,6,0,2,0,0,2,2,0,2,0,2,0,2,0,0,0,20
8,0,2,2,2,0,0,0,0,0,0,0,0,0,4,0,0,0,10,0,0,0,2,2,4,0,0,6,2,0,0,0,0,0,0,0,2,0,2,0,2,0,0,0,4,0,0,0,2,0,0,4,0,0,0,0,2,2,6,0,0,0,8,14,2,0,0,14,2,0,0,0,2,4,0,0,0,6,0,0,0,0,0,0,2,0,0,0,6,0,0,0,0,0,0,0,0,4,0,0,2,0,0,0,0,2,2,2,2,0,0,0,0,0,2,0,4,2,6,2,0,0,6,2,0,2,2,0,18,6,10,0,2,0,2,0,0,2,16,0,6,2,12,2,8,0,0,0,0,12,2,4,0,26,0,0,0,0,0,0,0,0,8,2,0,8,0,0,0,6,0,8,0,0,0,16,0,0,0,0,2,0,0,0,0,4,2,0,0,0,4,0,4,0,6,0,2,0,0,0,0,0,6,0,0,0,0,0,24
8,0,2,2,4,2,2,0,0,2,4,2,0,4,2,0,0,0,2,0,0,0,0,2,0,0,0,0,0,0,0,0,0,0,0,0,0,0,4,0,0,0,2,0,4,0,0,0,0,12,2,2,2,0,4,0,0,2,2,0,0,0,0,12,2,0,0,10,0,0,0,0,0,2,4,0,0,4,0,0,0,0,2,0,0,0,0,0,0,0,0,0,0,2,0,0,0,0,0,2,2,0,0,0,0,4,0,0,2,0,0,0,0,0,0,0,4,2,4,2,0,0,4,0,0,0,4,0,18,8,2,0,0,0,0,0,0,0,0,4,0,0,0,0,0,0,2,0,0,2,0,14,0,12,0,0,0,0,0,6,0,0,8,2,0,2,2,0,18,2,0,2,0,0,0,6,4,0,4,0,0,0,0,0,0,2,2,4,0,2,2,2,16,0,10,0,6,0,0,6,0,0,0,4,0,0,0,0,2
8,0,0,0,2,4,0,0,0,0,0,2,8,0,0,0,0,0,2,0,0,0,0,2,2,2,0,0,0,0,0,0,2,0,0,0,4,4,2,0,0,0,0,0,4,0,2,0,10,0,6,12,2,0,0,0,10,14,4,0,0,0,4,16,0,8,0,16,0,6,0,2,0,8,2,4,0,0,0,0,4,0,0,0,0,0,0,0,4,2,0,26,0,2,0,0,0,0,0,2,2,0,0,0,0,0,2,0,2,0,0,2,8,0,4,0,0,0,16,12,2,0,4,0,0,0,0,0,16,6,6,0,0,0,0,0,0,2,10,2,2,0,8,0,8,0,0,0,0,16,0,4,0,6,2,0,0,0,0,4,0,0,4,6,0,8,4,0,6,6,0,6,0,0,0,10,2,0,0,0,0,0,2,6,4,8,0,6,0,0,0,0,12,0,12,0,0,0,0,8,12,0,4,8,0,0,0,0,18
8,0,2,2,0,8,0,6,0,2,0,2,0,0,0,0,0,0,0,0,2,0,0,4,0,0,0,0,0,0,0,0,0,0,0,0,0,10,10,2,0,0,0,4,2,0,0,0,4,2,6,0,4,0,0,0,6,4,14,0,0,0,14,0,0,0,0,10,2,8,0,0,0,0,12,0,2,0,0,0,2,0,2,0,2,2,0,0,4,0,2,0,0,4,0,0,0,0,0,2,2,0,0,0,0,6,4,2,0,0,2,0,0,0,2,0,24,0,8,6,0,0,6,0,2,0,2,0,16,14,2,2,0,0,0,0,0,0,0,0,10,2,6,0,0,0,6,0,0,14,2,8,0,16,0,4,2,0,0,2,0,0,2,0,0,6,4,0,2,8,0,2,0,0,0,6,8,0,0,0,0,0,0,6,0,0,0,0,0,2,6,0,12,0,2,0,0,0,0,2,0,0,4,4,0,0,0,0,0
8,0,0,0,4,0,2,0,0,4,0,0,18,2,4,0,0,0,0,0,0,0,0,4,0,0,2,0,0,0,0,0,0,0,0,0,0,0,4,0,0,4,0,0,6,0,0,0,0,14,8,8,0,0,0,4,12,2,4,0,0,0,16,4,0,0,0,10,0,30,0,0,0,0,4,0,0,6,2,0,12,0,0,0,0,0,0,0,0,14,0,14,0,2,0,0,0,2,0,0,0,2,0,0,2,2,0,4,2,2,4,2,0,0,6,0,8,2,20,6,2,0,2,4,0,0,10,0,36,6,2,2,0,0,2,0,0,0,0,0,8,14,2,0,0,0,2,0,0,8,0,22,0,6,4,0,0,0,0,2,0,0,12,0,0,6,4,0,6,16,0,4,0,2,0,8,10,0,0,0,0,0,0,2,0,0,0,14,0,0,2,0,8,0,4,0,2,0,2,4,0,2,2,18,0,0,0,0,0
8,0,8,8,0,4,0,0,2,0,2,2,0,0,0,0,0,0,0,0,0,0,0,2,0,0,0,0,0,0,0,0,0,0,0,0,0,0,8,0,0,0,2,0,2,0,0,2,4,10,0,6,2,0,2,4,6,4,6,0,0,0,4,18,4,0,0,2,2,4,0,0,6,0,0,0,0,0,4,0,0,0,0,0,0,0,0,0,0,2,0,4,0,8,0,0,0,0,0,0,2,0,0,0,0,0,0,4,4,4,0,0,0,2,0,2,16,0,8,4,0,0,6,0,2,2,0,0,30,8,2,0,2,2,0,0,0,4,2,0,2,4,0,2,0,0,2,0,0,16,0,16,2,6,0,2,0,0,0,6,0,0,8,2,0,2,2,0,2,18,0,0,2,0,0,10,10,0,2,0,0,0,0,0,0,0,0,2,0,4,12,0,22,0,0,0,0,0,0,0,0,0,6,12,4,2,0,0,4
8,0,0,0,0,4,0,0,0,0,0,6,0,0,2,0,0,0,0,0,0,0,0,4,0,2,0,0,0,0,0,0,0,0,0,2,0,2,6,0,0,0,2,2,2,0,2,2,0,2,2,4,2,0,0,0,4,14,10,0,0,0,12,8,0,0,0,12,2,0,2,10,2,0,0,0,2,4,2,0,0,0,0,0,2,0,0,0,0,4,0,0,0,4,0,0,0,0,0,0,6,2,2,0,0,0,2,0,0,4,0,0,6,0,0,2,2,0,8,0,0,2,4,2,0,0,12,0,34,8,6,2,0,0,0,0,0,2,0,0,8,20,0,4,2,0,2,0,0,24,0,8,0,24,0,0,0,2,0,2,0,2,8,2,0,4,2,0,6,8,0,2,0,0,0,2,12,0,4,0,0,0,0,0,0,0,0,0,0,0,0,0,0,0,0,0,0,0,0,0,0,0,8,20,0,2,0,0,12
8,0,0,0,0,0,4,0,0,0,0,6,0,0,2,0,0,0,0,0,0,0,0,2,2,0,0,0,0,0,2,0,2,0,0,4,0,0,2,2,4,0,0,0,12,0,6,8,2,6,2,0,4,0,0,4,4,8,8,0,0,4,8,0,0,0,0,8,4,0,0,6,2,10,6,2,0,2,0,4,6,2,0,2,4,0,0,0,2,2,0,0,0,2,2,0,0,0,0,0,0,2,0,0,0,2,2,0,8,0,0,0,0,0,0,2,8,2,8,0,0,0,2,0,0,0,2,4,26,8,0,0,0,0,0,0,0,6,2,0,2,2,0,0,0,0,4,0,0,8,0,22,0,10,2,0,0,0,0,0,0,2,12,0,0,0,2,0,6,18,0,2,0,0,0,8,4,0,2,0,0,0,0,0,0,0,0,0,0,0,0,0,0,0,0,0,0,0,0,0,0,0,10,16,2,6,0,0,12
8,0,4,4,0,16,0,0,0,0,0,2,0,2,2,0,0,0,0,0,0,0,0,4,2,0,0,0,0,0,4,0,8,0,0,2,4,4,6,0,0,0,0,0,2,0,2,0,2,2,4,4,2,0,4,2,6,2,2,0,0,0,4,2,6,0,0,0,2,0,0,0,0,0,4,0,0,0,0,0,0,0,0,0,2,0,0,0,2,12,0,4,2,4,0,2,0,0,0,2,0,0,0,0,0,2,4,2,8,0,0,0,0,0,2,2,4,6,22,0,0,0,2,4,0,2,4,2,26,6,10,0,0,0,0,0,2,2,0,4,2,2,2,0,0,0,2,0,0,12,0,4,2,4,0,0,2,0,0,2,0,0,6,0,0,0,6,8,0,10,0,0,0,4,0,2,12,0,2,0,0,0,0,0,0,0,0,0,0,0,0,0,0,0,0,0,0,0,0,0,0,0,12,16,4,6,0,0,0
8,0,2,2,8,4,0,8,0,0,0,0,0,0,0,0,0,0,0,2,0,0,2,6,2,0,0,0,0,0,0,0,0,0,0,4,0,2,8,2,0,0,0,0,0,0,2,4,6,14,0,2,4,0,2,4,2,6,4,0,0,2,26,0,0,8,0,6,4,0,0,0,4,4,12,0,0,2,4,0,0,0,2,4,0,0,0,0,0,4,0,0,0,6,0,0,0,0,0,2,0,0,0,0,0,2,2,0,4,0,4,0,0,2,0,0,0,2,0,0,0,0,6,0,0,0,10,0,52,8,0,2,0,0,0,0,0,0,0,4,8,2,0,0,0,0,4,0,0,14,0,8,4,18,0,0,0,0,0,0,0,2,12,0,0,4,2,0,2,8,0,0,0,0,0,10,26,0,0,0,0,0,0,0,0,0,0,0,0,0,0,0,0,0,0,0,0,0,0,0,0,0,6,44,0,4,0,0,2
8,0,0,0,0,0,2,0,0,0,0,0,0,0,0,0,0,0,0,0,0,0,0,0,0,0,0,0,0,0,0,0,0,0,0,0,0,0,0,0,0,0,2,0,0,0,2,0,2,18,2,2,0,0,2,0,4,0,0,0,0,0,6,4,2,0,0,2,0,0,0,0,0,2,8,0,0,6,8,2,0,2,0,0,0,0,0,0,8,2,2,0,0,0,0,0,0,0,0,0,0,0,0,0,0,0,0,0,0,0,0,0,0,0,0,0,0,2,0,0,0,0,2,0,0,0,0,0,0,0,2,0,0,0,0,0,0,0,0,0,4,4,2,0,0,0,0,0,0,0,0,10,0,10,0,0,0,0,6,2,0,0,0,0,0,10,2,0,2,10,0,0,0,0,0,12,0,0,0,0,0,0,0,0,0,0,0,0,0,0,0,0,0,0,0,0,0,0,0,0,0,0,6,0,2,4,0,2,6
8,0,0,0,0,0,0,2,2,0,0,0,0,0,0,0,0,0,0,0,0,0,0,0,0,0,0,0,0,0,0,0,0,0,0,0,0,2,8,2,2,2,0,0,0,2,2,0,2,2,0,0,0,0,4,0,10,0,0,0,0,0,12,2,0,4,0,2,0,0,0,0,0,0,2,0,4,2,0,0,0,0,0,0,0,0,0,0,0,0,2,0,0,0,0,0,0,0,0,0,0,0,0,0,0,0,0,0,0,0,0,0,0,0,0,0,10,4,0,0,2,0,6,0,0,2,0,0,0,0,2,0,0,0,0,0,0,0,0,0,6,0,0,0,0,0,0,0,0,0,0,10,0,16,2,0,0,0,0,4,0,0,0,0,0,8,0,0,2,6,0,0,0,0,0,2,0,0,0,0,0,0,0,0,0,0,0,0,0,0,0,0,0,0,0,0,0,0,0,0,0,0,8,0,0,0,0,0,0
8,0,0,0,0,0,0,0,0,0,0,0,0,0,0,0,0,0,0,0,0,0,0,0,0,0,0,0,0,0,0,0,0,0,0,0,0,2,0,0,2,0,0,0,0,0,2,0,2,2,6,4,0,0,0,0,0,0,0,0,0,2,0,4,2,0,0,2,0,0,0,0,0,0,4,0,0,0,0,0,4,0,0,0,2,0,0,0,8,4,0,4,0,0,0,0,0,2,0,0,0,0,0,0,0,0,0,0,0,0,0,0,0,0,0,0,10,4,0,0,2,0,2,4,0,0,0,0,0,0,2,0,0,0,0,0,0,0,0,0,2,0,0,0,0,0,0,0,0,0,0,8,0,14,2,0,2,4,0,2,0,0,0,0,0,0,0,0,6,14,0,0,0,0,0,6,0,0,0,0,0,0,0,0,0,0,0,0,0,0,0,0,0,0,0,0,0,0,0,0,0,0,16,2,2,2,0,0,0
8,0,0,0,0,0,0,2,0,0,0,0,0,0,0,0,0,0,0,0,0,0,0,0,0,0,0,0,0,0,0,0,0,0,0,0,0,0,4,0,4,0,2,0,0,0,2,0,0,2,0,0,0,0,0,0,2,0,0,0,0,0,8,4,0,2,0,0,0,0,0,0,0,4,6,4,0,2,0,2,2,0,0,0,8,0,0,2,0,0,0,4,0,0,0,0,0,2,0,0,0,0,0,0,0,0,0,0,0,0,0,0,0,0,0,0,8,0,0,0,0,0,4,2,2,4,0,0,0,0,0,0,0,0,0,0,0,0,0,0,2,0,0,0,0,0,2,0,0,0,0,18,0,6,0,0,0,0,0,0,0,0,0,0,0,0,4,0,4,10,0,0,0,0,0,0,0,4,0,0,0,0,0,0,0,0,0,0,0,0,0,0,0,0,0,0,0,0,0,0,0,0,2,0,0,0,0,0,0
8,0,0,0,0,0,0,0,0,0,0,0,0,0,0,0,0,0,0,0,0,0,0,0,0,0,0,0,0,0,0,0,0,0,0,0,0,4,2,0,12,2,2,0,0,0,8,0,0,8,0,2,0,0,0,0,2,0,0,0,0,0,10,0,2,0,0,0,0,0,0,0,0,2,10,0,2,0,4,0,2,2,0,0,6,0,0,0,0,2,0,0,0,0,0,0,0,0,0,0,0,0,0,0,0,0,0,0,0,0,0,0,0,0,0,0,0,0,0,0,0,0,0,0,0,0,0,0,0,0,0,0,0,0,0,0,0,0,0,0,0,0,0,0,0,0,0,0,0,0,0,0,0,0,0,0,0,0,0,0,0,0,0,0,0,0,0,0,0,0,0,0,0,0,0,0,0,0,0,0,0,0,0,0,0,0,0,0,0,0,0,0,0,0,0,0,0,0,0,0,0,0,8,12,0,4,0,2,2
8,0,0,0,0,0,2,0,0,0,0,0,0,0,0,0,0,0,0,0,0,0,0,0,0,0,0,0,0,0,0,0,0,0,0,0,0,6,8,2,18,0,0,0,0,0,0,0,0,14,4,2,0,0,2,0,8,0,0,0,0,2,12,0,0,0,0,4,4,0,0,0,0,4,2,0,2,0,2,0,4,0,0,0,2,0,0,0,4,0,0,0,0,0,0,0,0,0,0,0,0,0,0,0,0,0,0,0,0,0,0,0,0,0,0,0,0,0,0,0,0,0,0,0,0,0,0,0,0,0,0,0,0,0,0,0,0,0,0,0,0,0,0,0,0,0,0,0,0,0,0,0,0,0,0,0,0,0,0,0,0,0,0,0,0,0,0,0,0,0,0,0,0,4,0,0,0,0,0,0,0,0,0,0,0,0,0,0,0,0,0,0,0,0,0,0,0,0,0,0,0,6,6,6,2,12,0,2,0
8,0,0,0,0,0,2,4,0,0,0,0,0,0,0,0,0,0,0,0,0,0,0,0,0,0,0,0,0,0,0,0,0,0,0,0,0,0,2,2,10,0,2,0,0,0,0,0,0,4,0,0,0,4,4,0,10,0,0,0,0,0,2,0,0,0,0,2,10,0,0,0,0,0,6,6,0,2,0,2,6,0,0,0,2,0,0,0,4,6,2,0,0,0,0,0,0,2,0,0,0,0,0,0,0,0,0,0,0,0,0,0,0,0,0,0,0,0,0,0,0,0,0,0,0,0,0,0,0,0,0,0,0,0,0,0,0,0,0,0,0,0,0,0,0,0,0,0,0,0,0,0,0,0,0,0,0,0,0,0,0,0,0,0,0,0,0,0,0,0,0,0,0,0,0,0,0,0,0,0,0,0,0,0,0,0,0,0,0,0,0,0,0,0,0,0,0,0,0,0,0,0,16,4,0,0,2,2,0
8,0,0,0,0,0,4,4,0,0,0,0,0,0,0,0,0,0,0,0,0,0,0,0,0,0,0,0,0,0,0,0,0,0,0,0,0,10,2,2,12,0,2,0,0,2,2,0,0,0,0,2,0,0,2,0,0,0,0,0,0,0,0,2,4,0,0,2,2,0,0,0,0,0,4,0,0,0,0,0,4,0,2,4,0,0,0,0,4,0,0,0,0,0,0,0,0,0,0,0,0,0,0,0,0,0,0,0,0,0,0,0,0,0,0,0,0,0,0,0,0,0,0,0,0,0,0,0,0,0,0,0,0,0,0,0,0,0,0,0,0,0,0,0,0,0,0,0,0,0,0,0,0,0,0,0,0,0,0,0,0,0,0,0,0,0,0,0,0,0,0,0,0,0,0,0,0,0,0,0,0,0,0,0,0,0,0,0,0,0,0,0,0,0,0,0,0,0,0,0,0,6,8,14,0,10,0,0,6
9,2,10,10,0,4,0,0,0,0,0,4,0,0,2,0,0,0,8,0,2,0,0,4,4,0,0,0,0,2,4,0,0,0,0,0,0,0,8,0,2,2,2,0,6,0,0,0,12,0,4,2,0,0,0,4,4,6,6,0,0,0,4,2,0,0,0,32,0,0,0,0,0,2,2,0,0,8,0,2,2,2,0,0,2,0,0,0,0,0,4,10,0,4,0,0,0,0,0,8,0,0,0,0,0,6,0,6,0,6,0,0,4,0,4,0,4,2,8,8,8,0,2,0,0,2,10,0,6,12,12,2,0,0,6,0,0,0,2,0,2,2,0,0,6,0,0,0,0,16,0,18,0,26,0,0,0,14,0,2,0,0,16,2,0,4,2,0,4,18,0,8,0,0,0,16,2,0,0,0,0,0,2,0,0,2,0,4,0,0,0,0,2,0,2,0,2,0,2,2,0,0,10,0,0,0,0,0,18
9,0,2,2,2,0,4,0,2,0,4,2,0,2,2,0,0,0,2,0,0,0,0,2,0,2,0,0,0,0,0,0,0,0,0,0,4,2,0,0,0,0,4,0,0,0,0,0,8,0,4,2,2,0,0,0,0,10,14,0,0,0,0,0,0,0,0,24,0,0,0,0,2,0,14,0,2,8,2,6,0,0,0,0,6,0,0,0,0,0,2,2,0,0,0,0,0,0,0,2,0,2,0,0,0,0,2,4,4,0,0,0,2,0,4,2,4,0,8,8,6,0,6,0,0,0,6,4,28,32,2,0,0,0,0,0,0,0,0,2,0,8,2,4,10,0,0,0,0,12,0,2,0,14,0,0,0,0,0,0,0,0,14,0,0,18,2,0,2,12,6,16,0,0,0,2,4,0,0,0,4,0,0,0,0,0,0,0,0,0,0,0,8,0,4,0,0,0,0,0,0,0,12,0,0,0,0,0,8
9,0,4,4,6,4,0,2,0,0,0,2,0,2,0,0,0,2,8,0,0,2,0,2,0,0,0,0,0,0,0,0,0,0,0,2,2,0,2,0,6,2,2,4,0,0,0,0,8,0,0,0,0,0,0,0,4,4,8,0,0,0,0,20,6,0,0,24,2,0,0,4,0,0,10,4,4,8,4,0,0,0,0,0,2,0,0,0,0,0,2,6,0,12,0,0,0,2,0,2,0,0,0,0,0,0,4,4,4,0,0,0,8,0,4,0,10,2,4,2,0,0,4,0,0,0,0,2,42,16,8,0,0,0,0,0,0,2,0,0,4,0,2,2,2,0,0,0,0,10,0,4,0,12,4,0,0,0,0,0,0,0,14,0,0,8,2,0,14,8,0,2,0,0,0,6,6,0,8,0,6,0,0,6,2,2,2,0,0,0,0,2,8,0,12,2,0,0,0,2,2,4,2,10,0,0,0,0,6
9,0,0,0,0,2,0,0,0,0,4,0,0,0,0,0,0,0,8,0,0,0,0,4,0,0,0,0,0,0,0,0,0,0,0,0,0,10,0,0,0,0,0,0,6,0,0,0,4,0,2,8,0,4,6,0,0,6,2,0,0,0,4,8,2,2,0,2,0,0,0,2,2,0,0,2,0,2,0,0,4,0,0,4,4,0,0,0,2,0,0,0,0,2,0,0,0,0,0,4,0,0,0,0,0,2,8,0,12,2,0,0,4,0,8,2,2,12,6,10,2,0,4,4,0,2,4,0,20,18,4,0,0,0,0,0,0,2,0,0,10,0,2,0,2,0,0,0,0,10,0,10,2,10,0,0,6,6,0,0,0,0,18,0,2,12,6,0,2,22,0,0,2,0,4,4,0,0,2,2,2,0,2,10,0,0,0,0,0,0,0,2,8,0,16,0,2,0,0,2,0,0,4,4,0,0,0,0,6
9,0,6,6,0,0,0,2,0,2,0,2,0,0,2,0,2,0,0,0,0,0,0,0,0,0,0,0,0,0,0,0,4,0,0,2,0,0,2,0,2,0,0,0,2,0,0,2,4,4,0,0,0,0,24,0,2,8,10,2,0,0,12,0,0,0,0,6,8,12,0,0,2,0,4,4,6,4,2,0,2,0,0,0,0,0,0,0,0,2,6,12,0,2,0,0,2,0,0,6,0,0,0,0,2,0,0,4,0,0,0,0,6,2,6,0,0,0,12,8,2,0,4,2,0,0,0,0,14,8,6,0,0,0,0,0,0,2,2,0,0,0,2,0,0,0,2,2,0,14,0,14,0,8,0,0,0,2,0,0,0,0,2,4,0,12,6,0,2,6,0,8,0,0,0,0,8,0,2,2,6,0,0,8,2,10,0,2,0,0,2,0,2,0,6,2,0,0,2,2,2,2,0,4,0,0,0,0,0
9,0,0,0,2,0,12,2,0,2,2,2,0,0,0,0,0,4,0,0,0,0,0,0,0,0,0,0,0,0,0,0,6,0,0,0,0,0,4,2,2,0,0,0,8,0,4,2,10,16,4,12,0,0,14,0,4,0,8,0,0,0,0,0,0,0,0,10,8,6,0,0,0,2,12,0,2,2,2,0,2,0,0,0,0,0,0,2,0,6,0,4,0,4,0,0,0,2,0,2,6,0,0,0,0,4,4,2,8,2,0,0,0,0,4,4,0,6,6,14,0,0,2,0,2,4,4,0,24,18,2,4,2,0,0,0,2,0,0,2,8,2,0,2,6,0,0,0,0,18,0,8,2,22,2,2,0,0,0,2,0,2,14,0,0,8,4,0,6,4,2,0,0,0,0,4,8,0,4,0,0,0,2,2,0,0,0,4,0,0,2,0,8,0,0,0,0,0,2,0,0,0,8,8,0,0,0,0,2
9,0,4,4,0,0,4,6,0,0,0,6,8,0,2,0,0,0,0,0,0,0,0,0,0,0,0,0,0,0,0,0,0,0,0,2,4,4,0,0,0,4,0,2,6,0,2,0,8,6,0,2,0,4,6,2,0,2,6,0,0,0,0,36,2,0,0,4,0,12,0,0,4,0,12,0,0,6,2,2,4,2,0,0,0,0,0,0,2,0,4,6,0,2,0,0,0,0,0,12,0,0,2,0,0,0,10,10,10,4,0,0,4,0,6,6,8,2,8,6,0,0,8,4,2,0,4,0,24,14,0,0,10,0,0,0,0,0,0,0,2,2,2,2,2,0,2,0,0,26,0,6,0,16,0,0,2,0,2,2,0,0,12,6,8,12,8,10,14,36,0,2,0,0,2,2,2,0,0,0,0,0,0,0,4,20,0,0,0,0,0,0,0,0,6,2,2,6,4,0,0,0,12,0,0,0,0,0,2
9,0,6,6,2,6,0,0,0,4,2,2,0,4,0,0,0,0,0,0,0,0,0,6,0,4,0,0,2,0,0,0,2,0,0,2,0,6,4,0,0,0,0,0,18,0,0,0,2,8,4,4,2,0,2,0,10,2,14,0,0,0,10,6,0,2,0,2,0,2,0,0,0,0,12,2,0,6,0,0,4,0,0,2,6,0,0,0,2,4,0,0,0,6,0,0,0,0,0,2,0,2,0,0,0,0,0,6,2,0,0,0,4,0,0,4,6,10,4,8,2,0,6,0,2,2,4,2,26,8,4,0,2,0,0,0,0,2,2,2,4,6,2,0,6,0,0,0,0,18,0,10,2,20,0,2,0,6,0,2,0,0,26,0,0,6,6,0,10,28,0,4,0,0,0,10,2,0,2,0,0,0,0,0,0,2,0,0,0,0,0,0,0,0,0,0,0,0,0,0,0,2,10,6,0,2,0,0,4
9,0,4,4,2,4,2,0,0,2,0,0,0,0,0,0,0,0,0,0,0,0,0,0,0,0,0,0,0,0,0,0,0,0,0,6,2,4,0,2,0,0,0,0,2,2,0,0,2,20,2,6,0,0,8,0,4,8,4,0,0,0,4,2,0,0,0,16,0,0,2,8,0,2,0,0,0,4,2,4,12,0,0,0,0,0,0,2,2,2,0,10,0,0,0,0,2,0,2,0,2,0,0,0,0,0,0,2,0,0,0,2,4,2,8,2,0,4,14,4,0,0,14,4,2,0,0,0,22,10,0,0,0,0,0,0,0,4,0,0,4,2,0,0,2,0,2,0,0,6,0,10,0,6,0,2,0,0,0,0,0,0,6,0,0,8,0,2,4,12,0,2,0,4,4,6,2,2,0,0,0,0,0,0,0,4,2,0,0,0,0,0,0,0,0,0,0,0,0,0,0,0,2,32,2,0,0,0,2
9,0,4,4,2,0,0,8,0,0,0,2,0,0,0,0,0,0,0,0,0,0,0,2,0,0,0,0,0,0,2,0,0,0,0,0,2,0,2,0,4,6,0,0,0,4,10,0,2,16,0,4,2,0,0,0,2,4,8,0,0,0,0,0,2,0,0,0,2,0,0,0,0,2,8,0,0,0,0,4,2,0,0,0,0,0,0,2,0,8,0,2,0,0,0,0,0,0,0,2,0,0,0,0,0,8,0,2,6,2,0,2,6,0,4,0,10,8,14,0,2,2,6,0,0,0,4,0,12,4,2,2,0,0,0,0,0,4,0,0,10,2,0,0,0,0,0,0,2,30,0,12,0,6,2,0,0,0,0,0,0,2,6,0,0,10,2,12,2,6,0,0,0,10,2,0,0,2,8,0,0,0,0,0,0,0,0,0,0,0,0,0,0,0,0,0,0,0,0,0,0,0,18,14,0,0,0,0,2
9,0,2,2,0,2,2,2,2,0,0,2,0,0,6,0,0,0,0,0,0,0,0,4,0,0,0,0,0,2,0,0,0,0,0,0,0,2,0,0,0,0,0,2,0,0,0,2,4,8,2,8,0,0,2,0,6,0,10,2,0,0,24,10,2,6,0,10,0,0,0,2,0,2,12,0,2,2,0,0,0,0,0,0,4,0,0,2,2,6,2,2,0,2,0,0,0,0,6,0,0,0,0,0,0,0,0,0,0,2,2,0,2,0,0,0,20,4,18,0,0,0,4,2,0,0,24,0,40,2,4,0,0,0,0,0,0,2,0,0,4,2,0,0,0,0,4,0,0,24,0,26,0,18,6,0,0,0,0,0,0,0,36,0,0,4,6,0,8,6,0,0,0,0,0,0,6,0,0,0,0,0,0,0,0,0,0,0,0,0,0,0,0,0,0,0,0,0,0,0,0,0,8,20,2,4,0,0,2
9,0,6,6,0,0,4,6,0,2,0,2,0,0,0,0,0,0,0,0,0,0,0,6,0,0,0,0,0,8,0,0,0,0,0,6,0,2,20,0,0,0,2,0,0,0,2,0,0,0,4,8,0,0,12,2,4,6,12,0,0,0,8,4,0,0,0,10,2,0,0,0,0,0,2,0,4,2,0,2,10,0,0,0,18,0,0,0,0,0,0,2,0,2,0,0,0,2,0,0,0,0,0,0,0,0,0,4,0,0,0,0,0,2,4,2,6,0,28,0,0,0,10,0,4,0,0,0,28,6,2,0,0,0,0,2,0,0,0,2,6,4,0,2,0,0,0,0,0,22,2,8,0,12,0,0,0,6,0,0,0,0,10,2,6,14,6,0,0,6,0,0,0,0,10,8,2,0,2,0,0,0,0,0,0,0,0,0,0,0,0,0,0,0,0,0,0,0,0,0,0,4,6,8,2,14,0,0,0
9,0,0,0,0,0,4,12,0,0,0,0,0,0,0,0,0,0,0,0,0,0,0,0,0,0,0,0,0,0,0,0,0,0,0,0,0,0,0,0,0,0,0,2,0,0,0,0,0,12,8,0,0,4,12,0,2,0,0,0,0,0,12,0,0,0,0,4,8,0,0,0,0,6,0,0,0,2,2,0,8,0,0,2,6,4,0,2,0,20,2,0,0,0,0,0,0,0,0,0,0,0,0,0,0,0,0,0,0,0,0,0,0,0,0,0,12,0,0,0,0,0,10,2,0,0,0,0,0,0,2,0,0,0,0,0,0,0,0,0,0,0,0,0,0,0,0,0,0,0,0,14,4,24,2,0,0,2,0,8,0,0,0,0,0,2,4,0,6,30,0,0,0,4,0,4,0,0,0,0,0,0,0,0,0,0,0,0,0,0,0,0,0,0,0,0,0,0,0,0,0,0,8,22,4,8,0,0,2
9,0,0,0,0,0,2,0,0,0,0,0,0,0,0,0,0,0,0,0,0,0,0,0,0,0,0,0,0,0,0,0,0,0,0,0,2,4,6,4,4,0,0,0,0,2,0,0,2,0,0,2,0,6,4,0,4,0,0,0,0,0,0,6,0,4,2,0,6,2,46,26,0,6,4,0,0,4,0,6,2,0,0,2,0,0,0,0,0,2,0,6,0,0,0,0,0,0,0,0,0,0,0,0,0,0,0,0,0,0,0,0,0,0,0,0,4,0,0,0,2,0,2,4,4,2,0,0,0,0,4,0,0,0,0,0,0,0,0,0,0,0,0,0,0,0,0,0,0,0,0,32,6,26,10,2,2,4,0,0,0,0,0,0,0,4,8,0,0,14,0,0,0,10,0,10,0,2,0,0,0,0,0,0,0,0,0,0,0,0,0,0,0,0,0,0,0,0,0,0,0,0,6,0,0,6,0,0,6
9,0,0,0,0,0,0,0,0,0,0,0,0,0,0,0,0,0,0,0,0,0,0,0,0,0,0,0,0,0,0,0,0,0,0,0,0,0,0,0,0,0,0,0,0,2,0,2,4,6,0,2,0,4,0,0,2,0,0,0,0,0,2,4,6,8,0,2,2,0,0,0,0,0,4,4,0,4,2,0,4,0,0,0,4,0,0,0,6,4,0,4,0,0,0,0,0,0,0,0,0,0,0,0,0,0,0,0,0,0,0,0,0,0,0,0,2,8,0,0,0,0,6,2,0,0,0,0,0,0,2,0,0,0,0,0,0,0,0,0,2,0,0,0,0,0,6,0,0,0,0,12,0,20,2,2,0,8,0,0,0,0,0,0,0,16,2,0,6,22,0,0,0,2,0,2,0,0,0,0,0,0,0,0,0,0,0,0,0,0,0,0,0,0,0,0,0,0,0,0,0,0,6,2,0,0,0,0,0
9,0,0,0,0,0,0,0,0,0,0,0,0,0,0,0,0,0,0,0,0,0,0,0,0,0,0,0,0,0,0,0,0,0,0,0,0,0,2,2,0,0,0,0,0,0,0,0,0,12,0,0,0,0,4,0,2,0,0,0,0,2,0,2,16,2,0,0,2,0,0,2,0,0,2,0,0,0,2,2,8,2,0,2,0,0,0,2,0,10,4,6,0,0,0,0,0,0,0,0,0,0,0,0,0,0,0,0,0,0,0,0,0,0,0,0,8,2,0,0,0,0,0,2,2,0,0,0,0,0,2,0,0,0,0,0,0,0,0,0,4,0,0,0,0,0,2,0,0,0,0,16,0,6,0,0,0,2,0,2,0,0,0,0,0,10,4,0,2,6,0,0,0,4,0,0,0,0,0,0,0,0,0,0,0,0,0,0,0,0,0,0,0,0,0,0,0,0,0,0,0,0,8,10,2,4,0,2,0
9,0,0,0,0,0,0,0,0,0,0,0,0,0,0,0,0,0,0,0,0,0,0,0,0,0,0,0,0,0,0,0,0,0,0,0,0,8,14,0,0,2,0,0,0,2,2,0,0,12,0,2,0,8,4,0,2,0,0,0,0,2,12,6,0,2,0,0,0,0,0,0,0,16,10,2,2,2,2,2,2,0,0,0,0,0,0,0,4,4,6,0,0,0,0,0,0,0,0,0,0,0,0,0,0,0,0,0,0,0,0,0,0,0,0,0,0,0,0,0,0,0,0,0,0,0,0,0,0,0,0,0,0,0,0,0,0,0,0,0,0,0,0,0,0,0,0,0,0,0,0,0,0,0,0,0,0,0,0,0,0,0,0,0,0,0,0,0,0,0,0,0,0,0,0,0,0,0,0,0,0,0,0,0,0,0,0,0,0,0,0,0,0,0,0,0,0,0,0,0,0,0,6,8,0,10,0,0,0
9,0,0,0,0,0,0,0,0,0,0,0,0,0,0,0,0,0,0,0,0,0,0,0,0,0,0,0,0,0,0,0,0,0,0,0,0,2,0,0,4,0,0,0,0,0,6,0,4,6,0,0,0,30,0,0,10,0,0,0,0,0,0,0,2,2,0,0,0,0,0,0,0,4,4,0,2,0,0,2,4,0,0,0,0,0,0,2,6,4,6,0,0,0,0,0,0,0,0,0,0,0,0,0,0,0,0,0,0,0,0,0,0,0,0,0,0,0,0,0,0,0,0,0,0,0,0,0,0,0,0,0,0,0,0,0,0,0,0,0,0,0,0,0,0,0,0,0,0,0,0,0,0,0,0,0,0,0,0,0,0,0,0,0,0,0,0,0,0,0,0,0,0,2,0,0,0,0,0,0,0,0,0,0,0,0,0,0,0,0,0,0,0,0,0,0,0,0,0,0,0,4,2,2,4,10,0,0,4
9,0,0,0,0,0,0,2,2,0,0,0,0,0,0,0,0,0,0,0,0,0,0,0,0,0,0,0,0,0,0,0,0,0,0,0,0,6,4,0,2,0,0,0,0,0,0,0,0,8,0,2,0,6,14,0,6,0,0,0,0,0,4,6,4,0,0,0,4,0,0,0,0,2,4,0,2,0,2,0,12,0,0,2,4,2,0,2,2,10,0,0,0,0,0,0,0,0,0,0,0,0,0,0,0,0,0,0,0,0,0,0,0,0,0,0,0,0,0,0,0,0,0,0,0,0,0,0,0,0,0,0,0,0,0,0,0,0,0,0,0,0,0,0,0,0,0,0,0,0,0,0,0,0,0,0,0,0,0,0,0,0,0,0,0,0,0,0,0,0,0,0,0,4,0,0,0,0,0,0,0,0,0,0,0,0,0,0,0,0,0,0,0,0,0,0,0,0,0,0,0,4,10,4,2,6,0,0,6
9,0,0,0,0,0,0,0,0,0,0,0,0,0,0,0,0,0,0,0,0,0,0,0,0,0,0,0,0,0,0,0,0,0,0,0,0,2,4,0,6,2,0,0,0,0,0,0,0,0,0,4,0,2,0,0,0,0,0,0,0,0,0,0,0,0,0,2,6,0,0,0,0,8,0,2,0,0,0,2,14,0,0,2,0,0,0,0,2,0,0,0,0,0,0,0,0,0,0,0,0,0,0,0,0,0,0,0,0,0,0,0,0,0,0,0,0,0,0,0,0,0,0,0,0,0,0,0,0,0,0,0,0,0,0,0,0,0,0,0,0,0,0,0,0,0,0,0,0,0,0,0,0,0,0,0,0,0,0,0,0,0,0,0,0,0,0,0,0,0,0,0,0,0,0,0,0,0,0,0,0,0,0,0,0,0,0,0,0,0,0,0,0,0,0,0,0,0,0,0,0,12,4,6,0,12,0,0,0
