1,0,0,0,0,0,0,22,0,22,6,12,4,16,0,0,0,60,0,12,0,8,2,2,0,0,0,4,8,0,4,2,4,0,0,20,24,0,0,6,2,0,0,0,0,0,0,4,6,4,2,0,4,6,0,0,2,2,4,0,8,8,4,2,12,0,4,4,0,0,8,0,4,0,2,0,0,0,0,0,4,2,0,2,0,2,14,0,2,8,0,6,2,0,16,0,4,28,0,0,22,32,4,0,0,2,20,0,8,2,8,6,4,2,2,0,0,8,12,8,4,0,8,14,6,2,0,0,4,6,6,4,96,12,6
1,0,0,0,2,2,0,2,0,18,0,8,12,10,4,0,0,66,2,38,0,4,2,2,0,2,0,0,2,0,0,2,2,0,4,4,16,2,0,10,0,4,0,0,2,4,0,0,2,4,0,0,0,0,0,10,0,10,2,2,2,6,12,4,0,0,2,16,0,2,10,0,2,6,4,0,2,0,4,0,2,6,0,8,0,2,14,0,2,4,2,0,0,0,14,4,2,2,0,0,18,14,4,8,0,4,10,2,8,10,4,8,2,4,4,10,0,12,18,24,4,6,8,20,6,0,2,0,8,4,2,4,110,2,14
1,0,0,0,0,0,0,0,0,12,0,28,14,16,0,0,0,58,8,16,0,0,0,0,4,0,0,6,4,2,0,0,0,0,0,18,12,2,0,4,6,4,0,4,0,2,4,10,8,2,16,0,0,6,0,6,8,10,0,0,2,12,16,0,2,0,4,6,4,10,6,0,2,4,12,4,6,0,0,0,0,4,0,4,0,4,10,2,4,2,2,8,0,0,18,2,6,18,0,0,8,22,0,16,4,2,6,0,6,4,6,10,0,2,6,2,0,2,4,18,0,0,2,2,2,4,2,4,10,10,12,6,126,2,10
1,0,0,0,0,0,0,38,4,12,0,36,6,12,8,0,0,48,2,10,0,0,22,4,4,2,2,12,14,2,2,2,2,6,0,6,2,2,8,8,2,4,0,0,0,0,0,12,16,16,2,0,0,8,4,8,6,32,2,6,10,10,6,6,6,0,10,0,0,6,4,0,2,0,38,0,4,0,0,0,0,8,2,0,0,4,6,2,4,2,0,0,0,0,6,2,2,0,0,0,14,2,0,4,0,0,4,0,8,6,8,2,4,4,18,0,0,0,2,22,0,2,12,14,0,2,0,0,2,10,4,2,122,4,0
1,0,0,0,0,2,8,2,2,10,0,26,12,24,6,0,0,56,2,4,0,20,6,2,0,2,2,12,6,6,2,2,0,0,4,4,6,2,0,28,0,4,0,0,0,0,0,2,8,8,0,2,2,6,6,4,4,2,0,4,0,18,4,0,6,6,6,4,28,6,10,4,0,2,2,0,8,0,2,0,0,6,0,0,2,4,6,4,10,2,2,2,0,0,14,0,4,8,2,0,20,6,2,8,0,0,2,0,2,0,4,8,6,0,2,14,2,12,6,6,4,0,8,20,8,8,2,4,8,6,0,0,114,0,0
1,0,0,0,2,0,0,36,4,12,0,28,10,14,2,0,0,58,0,12,0,8,6,0,4,2,2,4,4,14,0,6,4,2,10,2,2,4,0,10,2,0,0,2,4,2,2,4,0,2,38,0,0,0,0,4,0,12,4,6,8,14,18,6,8,6,8,6,0,10,4,4,12,4,4,0,0,0,6,2,0,6,4,0,0,8,6,0,2,0,0,4,0,0,18,2,2,6,0,0,8,16,16,4,0,2,10,0,2,4,2,6,6,6,0,6,4,0,12,14,4,0,8,16,4,2,0,2,6,18,0,0,108,8,0
1,2,2,0,0,0,0,0,10,24,2,24,8,34,6,0,0,68,6,10,0,4,8,0,0,0,0,2,4,2,0,6,4,2,4,8,14,0,0,2,4,0,0,0,0,6,0,0,6,4,6,2,10,4,2,6,0,8,0,4,2,4,30,0,4,4,0,0,0,10,8,2,12,0,8,0,2,0,4,0,0,12,0,4,0,10,4,0,0,6,2,0,0,2,32,0,2,2,0,0,24,2,12,2,0,4,4,0,6,6,2,2,10,8,6,8,8,0,0,12,0,0,10,8,4,2,0,0,4,2,4,2,124,2,0
1,0,0,2,0,0,2,26,0,2,0,8,14,26,4,2,0,58,4,30,2,6,4,0,4,0,0,12,12,2,0,8,6,2,0,18,4,0,4,8,6,0,0,8,0,2,2,2,2,4,26,2,4,8,6,6,8,6,2,0,2,10,12,8,6,4,12,0,4,6,10,2,0,8,4,0,4,2,0,4,0,4,0,2,0,12,6,0,2,0,0,2,0,0,30,0,0,2,0,6,22,10,10,10,2,2,10,0,8,2,4,2,2,2,4,12,0,0,4,16,4,6,14,10,8,4,2,0,2,8,4,10,38,2,0
1,0,0,0,0,0,2,30,0,4,0,22,2,44,10,0,0,62,6,12,4,4,0,0,2,0,4,6,6,6,0,2,2,2,2,20,0,0,0,10,2,0,2,0,0,0,0,2,2,6,2,0,6,2,8,0,0,12,2,2,6,8,12,2,12,18,6,8,16,4,14,4,4,2,4,2,8,0,0,4,0,12,0,4,0,26,2,10,4,4,0,0,0,0,28,0,0,4,0,2,16,0,14,2,0,0,0,0,6,0,0,2,0,4,4,0,2,0,6,10,4,2,12,4,8,2,0,2,4,8,4,0,122,6,0
1,0,2,0,0,0,2,6,0,14,0,26,6,54,2,0,0,54,4,6,0,6,10,0,4,0,4,2,6,8,12,0,12,2,2,10,4,4,2,14,0,0,0,4,4,0,2,6,2,4,0,0,0,0,6,6,2,6,0,2,0,8,16,8,8,2,0,2,8,6,12,0,14,6,0,0,6,0,2,8,0,2,0,2,0,8,0,0,0,4,0,0,0,0,12,2,6,4,4,4,20,10,12,4,0,2,4,0,0,4,2,2,8,2,14,6,8,0,10,8,10,6,10,16,6,0,4,0,4,2,0,0,96,4,0
1,0,0,0,0,0,8,22,2,12,0,36,0,36,2,0,0,58,16,12,0,4,2,2,4,0,0,2,2,6,10,8,4,4,6,18,10,0,0,20,2,0,0,0,2,2,2,2,2,4,0,4,4,8,2,10,10,2,0,0,4,2,24,2,8,6,6,4,12,6,10,10,6,2,8,2,4,0,2,0,0,10,2,14,4,14,0,0,4,8,4,0,4,0,28,0,6,0,2,4,16,12,24,8,0,2,2,0,8,2,0,4,6,2,4,2,2,0,8,12,2,2,14,24,10,0,6,4,12,8,6,2,70,14,0
1,0,16,0,0,0,8,26,6,0,0,34,4,22,2,0,0,68,0,10,2,2,14,2,4,4,2,6,6,6,4,6,8,0,2,4,2,4,2,8,2,2,0,0,8,4,4,10,8,12,0,0,18,6,6,14,4,10,4,6,6,8,16,4,4,0,2,4,0,2,14,8,8,2,4,0,8,0,8,2,0,4,0,2,2,12,0,0,8,0,0,0,0,0,30,0,6,2,0,0,16,12,14,0,0,0,0,0,0,2,0,8,6,4,2,0,6,0,10,34,4,0,6,12,2,6,12,0,4,2,4,0,108,2,0
1,0,2,0,0,0,8,88,0,10,0,0,10,42,4,0,0,0,4,16,0,18,6,2,0,2,4,0,0,0,0,6,8,8,10,8,6,0,4,0,0,0,0,2,4,0,6,2,6,12,50,2,2,2,2,6,6,6,0,4,2,8,18,0,12,2,8,6,2,10,12,8,10,6,0,2,8,6,0,2,0,12,0,2,0,16,10,0,0,0,0,0,0,0,24,0,0,0,4,0,0,0,22,14,0,22,36,2,16,0,0,0,8,0,4,0,6,0,0,0,0,0,0,0,0,0,0,0,0,0,0,0,0,0,0
1,2,4,0,0,0,2,44,0,10,0,0,0,30,2,0,0,0,4,4,0,6,8,4,2,2,4,0,0,0,0,10,12,6,18,8,2,2,0,0,0,2,0,2,0,4,2,0,4,0,6,0,6,10,6,14,0,14,4,4,4,4,16,0,10,4,2,4,6,6,10,10,6,6,0,0,4,2,6,10,0,16,0,16,4,8,4,2,0,0,0,0,0,2,12,0,0,0,0,0,0,0,14,0,0,0,2,0,4,0,0,0,2,0,0,0,2,0,0,0,0,0,0,0,0,0,0,0,0,0,0,0,0,0,0
1,2,6,0,0,0,0,0,0,6,0,0,2,52,8,0,0,0,2,14,2,10,0,0,0,0,2,0,0,0,0,6,6,2,0,18,0,4,0,0,2,4,0,0,2,2,2,0,2,2,54,4,0,6,12,8,4,4,4,6,4,2,20,0,16,2,10,12,8,2,14,10,12,2,6,0,0,0,2,4,0,6,2,6,4,12,0,0,0,0,0,0,0,0,8,0,0,0,4,0,0,0,4,8,0,10,4,0,2,0,0,0,0,0,0,0,0,0,0,0,0,0,0,0,0,0,0,0,0,0,0,0,0,0,0
1,0,2,0,0,0,0,0,0,0,0,0,0,46,4,0,0,0,6,14,4,2,4,2,2,0,0,0,0,0,2,4,10,4,8,4,6,4,4,0,0,2,0,10,0,0,0,2,4,6,0,0,4,6,8,8,12,0,2,2,8,8,18,0,10,4,6,4,20,8,14,4,4,8,0,2,4,0,2,0,0,8,0,14,4,14,0,2,0,0,0,0,0,0,14,0,0,0,4,0,0,0,4,2,0,8,8,0,4,0,0,0,6,8,0,0,0,0,0,0,0,0,0,0,0,0,0,0,0,0,0,0,0,0,0
1,0,0,0,0,0,0,0,0,0,0,0,0,60,4,0,0,0,10,24,6,14,6,4,4,2,4,0,0,0,14,8,12,0,2,12,4,0,0,0,0,0,0,4,4,4,4,0,8,14,0,6,6,0,8,10,8,0,0,6,2,4,10,0,8,2,8,10,2,14,10,8,6,2,0,0,6,0,8,0,0,10,0,26,0,12,2,4,0,0,0,0,0,0,0,0,0,0,0,0,0,0,0,0,0,0,0,0,0,0,0,0,0,0,0,0,0,0,0,0,0,0,0,0,0,0,0,0,0,0,0,0,0,0,0
1,0,4,0,0,0,0,0,0,0,0,0,8,50,2,0,0,0,8,10,2,2,4,0,0,0,0,0,0,0,0,10,6,0,0,6,0,0,2,0,0,2,0,4,2,2,4,4,0,2,0,2,0,0,2,0,0,0,0,6,6,14,10,0,0,0,6,12,2,8,18,6,2,8,0,0,6,0,0,2,0,4,4,18,0,0,2,2,0,0,0,0,0,0,0,0,0,0,0,0,0,0,0,0,0,0,0,0,0,0,0,0,0,0,0,0,0,0,0,0,0,0,0,0,0,0,0,0,0,0,0,0,0,0,0
1,0,4,0,0,0,0,0,0,0,0,0,2,66,4,0,0,0,4,24,2,6,4,2,6,6,6,0,0,0,0,8,18,12,0,2,0,0,2,0,0,0,0,0,0,0,0,0,0,2,14,0,30,20,6,14,14,0,4,14,0,4,6,0,0,2,4,12,6,10,8,14,6,0,8,0,2,0,0,2,2,2,12,4,0,0,0,6,0,0,0,0,0,0,0,0,0,0,0,0,0,0,0,0,0,0,0,0,0,0,0,0,0,0,0,0,0,0,0,0,0,0,0,0,0,0,0,0,0,0,0,0,0,0,0
1,0,2,0,0,0,0,0,0,0,0,0,8,52,2,0,0,0,0,28,0,2,0,0,2,8,10,0,0,0,2,8,4,0,2,6,4,0,0,0,0,0,0,2,4,0,2,4,6,10,44,0,2,4,2,0,4,0,4,6,4,0,6,0,0,2,12,14,16,10,16,10,10,4,10,2,4,0,0,0,0,8,4,10,2,0,0,4,0,0,0,0,0,0,0,0,0,0,0,0,0,0,0,0,0,0,0,0,0,0,0,0,0,0,0,0,0,0,0,0,0,0,0,0,0,0,0,0,0,0,0,0,0,0,0
2,0,0,0,0,0,0,0,0,14,0,30,4,0,0,0,0,70,4,18,0,0,0,0,0,0,0,0,4,4,2,4,6,8,0,22,20,2,0,2,2,12,26,0,0,0,0,6,2,2,0,0,10,0,0,0,2,28,0,4,0,14,14,2,0,4,10,16,2,2,6,2,0,2,14,0,0,0,4,0,0,4,8,4,2,0,6,6,6,0,0,4,0,0,16,0,0,0,0,0,8,14,22,0,0,0,2,0,0,0,0,0,2,4,2,2,2,2,0,6,0,0,2,6,8,4,0,0,0,2,0,0,112,4,12
2,0,2,0,2,2,6,0,0,0,2,14,4,4,0,0,0,76,18,16,0,4,6,2,2,4,2,14,4,24,2,2,0,0,10,4,10,4,0,6,0,12,26,0,0,0,0,0,8,14,0,0,0,0,0,6,4,4,2,4,4,14,10,4,0,4,6,8,8,0,10,2,2,2,4,0,2,0,0,0,2,4,0,0,2,8,10,0,2,0,0,0,0,2,26,4,2,2,0,0,10,20,8,0,0,6,10,0,2,4,4,4,2,2,0,6,2,0,6,4,4,0,10,10,22,8,4,0,2,0,6,4,98,0,10
2,0,2,0,0,0,0,6,0,4,0,20,10,2,0,0,0,64,0,8,0,8,2,0,0,0,0,6,4,4,0,2,2,0,2,4,12,8,0,6,10,0,0,0,0,0,0,2,10,2,0,2,2,4,2,0,0,14,4,10,4,10,20,2,2,2,4,10,0,0,6,0,0,4,0,2,0,0,2,0,0,4,0,0,0,0,2,0,2,6,0,2,0,0,12,2,2,10,2,0,22,28,12,0,0,0,6,0,2,0,0,6,0,2,2,6,0,6,0,8,0,0,10,6,4,2,0,0,4,2,2,0,114,4,8
2,0,0,0,2,0,2,20,8,6,0,26,10,8,0,0,0,74,0,26,0,0,2,0,2,2,0,8,4,4,0,4,4,2,2,20,0,8,0,8,0,6,8,0,2,0,2,2,6,4,12,0,2,6,0,0,0,0,0,0,4,12,14,0,0,6,12,6,14,4,8,2,2,2,2,0,4,2,0,0,0,8,0,4,4,0,2,0,2,8,0,2,4,0,24,0,0,6,0,0,32,20,20,6,0,0,0,0,2,0,0,4,2,10,28,0,14,8,0,6,0,0,6,14,10,12,0,6,4,0,2,12,102,8,14
2,2,0,0,0,0,18,2,2,8,0,12,16,4,0,0,0,68,8,30,4,0,4,0,2,2,2,10,8,12,4,0,2,0,4,22,4,2,2,12,0,2,2,0,0,0,0,6,12,20,0,0,0,2,4,0,6,14,6,4,4,14,8,2,6,0,2,0,2,2,8,0,6,2,0,0,2,2,0,0,2,16,6,4,0,0,0,2,4,2,0,2,0,0,44,0,2,10,4,0,12,10,30,4,0,8,14,4,8,8,4,2,6,0,18,0,2,2,0,12,0,8,16,16,2,0,0,4,2,6,4,0,112,4,0
2,0,0,2,0,2,4,8,2,24,0,34,2,2,0,0,0,66,8,22,0,2,10,0,0,4,2,6,10,6,0,2,2,12,0,14,4,0,0,12,2,0,2,0,0,0,2,0,0,4,24,0,0,4,4,2,2,8,2,6,8,6,18,4,0,6,12,2,8,6,8,0,2,2,0,0,2,2,2,0,0,8,0,4,0,0,0,2,0,2,0,2,0,0,22,0,0,4,0,12,32,8,6,6,4,6,26,0,10,0,0,18,2,8,2,10,4,0,2,10,2,2,12,16,6,8,0,0,4,0,0,4,94,8,0
2,2,2,0,0,0,2,8,2,14,0,24,8,2,0,0,0,62,16,14,0,2,12,0,0,0,2,6,12,8,4,0,12,16,4,28,4,4,2,14,2,0,2,0,0,2,0,0,6,10,0,12,4,2,2,2,2,26,0,0,2,12,2,2,4,4,10,0,8,12,6,2,8,6,0,2,0,0,0,0,0,12,2,4,0,12,0,2,0,6,4,4,0,2,40,0,2,0,0,0,36,16,26,2,0,0,4,0,0,2,4,2,4,0,8,8,2,4,4,4,0,4,22,30,6,0,0,6,24,8,0,4,126,4,0
2,2,6,0,0,0,24,0,8,10,2,30,10,8,0,0,0,46,6,6,0,6,8,0,8,2,4,2,8,4,0,0,4,8,0,18,6,2,6,8,2,2,12,0,0,0,0,0,0,2,2,2,0,2,2,0,2,4,0,2,8,20,22,8,12,0,12,16,0,2,12,0,4,2,12,0,0,0,4,2,0,8,0,2,2,18,10,0,0,2,0,4,0,2,26,0,0,6,6,2,18,4,2,4,2,2,4,0,2,0,2,4,2,0,2,0,0,0,6,12,2,0,10,12,22,0,2,0,0,4,4,4,104,4,0
2,0,0,4,4,2,4,0,2,14,0,40,2,6,0,0,0,62,4,8,4,2,4,0,2,6,10,6,8,4,0,2,10,22,0,18,6,2,4,6,2,4,2,0,0,0,0,4,6,10,86,4,0,6,2,2,0,10,4,0,0,10,24,0,12,12,6,2,0,6,12,0,4,2,2,0,10,4,0,8,4,6,4,2,0,2,10,2,0,18,2,0,0,0,48,0,4,4,6,2,20,4,42,2,0,0,8,0,2,4,2,2,4,0,4,0,6,0,2,12,0,6,12,12,10,6,2,0,6,4,14,6,68,8,0
2,14,6,0,0,0,10,6,0,8,0,14,0,4,0,0,6,54,16,22,0,12,4,2,2,2,0,14,32,10,2,4,4,0,2,30,6,2,0,8,0,2,6,0,2,0,2,8,10,16,12,2,0,0,8,6,4,6,8,8,2,8,12,0,8,14,8,8,4,10,10,8,0,0,0,0,0,2,4,0,2,4,0,6,0,16,4,4,4,8,2,2,0,0,26,0,0,4,2,0,22,2,28,2,0,0,4,0,0,2,0,14,0,2,4,0,2,0,0,4,0,4,4,18,2,6,2,4,4,0,8,2,102,6,0
2,0,2,0,8,0,10,4,10,10,0,26,16,2,0,0,2,74,14,4,0,4,6,2,2,2,8,0,0,10,2,8,10,0,0,36,0,2,0,8,0,0,6,0,2,0,0,0,2,14,38,2,2,0,2,0,0,12,8,10,4,8,26,8,8,6,6,4,0,8,6,16,4,4,0,0,6,2,10,0,0,6,0,0,0,6,2,0,0,10,0,2,0,0,18,2,4,4,2,0,20,2,40,2,0,6,2,0,6,0,6,2,8,10,28,0,0,0,4,12,4,2,8,22,10,2,0,2,10,4,10,2,132,10,0
2,0,0,0,0,0,4,10,2,10,0,26,0,8,0,0,0,56,10,16,10,8,6,0,6,0,0,0,6,8,0,0,0,0,0,32,4,0,4,12,0,4,8,4,0,0,0,6,0,8,14,2,0,4,4,2,2,4,0,0,4,0,12,2,14,6,14,10,0,6,14,2,4,4,2,0,0,4,0,4,0,14,0,12,0,14,0,0,0,0,0,0,0,0,18,6,4,16,2,4,30,8,40,2,0,0,0,0,6,6,0,0,2,6,8,4,6,0,10,20,0,14,32,12,4,12,0,2,0,2,6,2,126,8,0
2,0,6,0,0,0,16,4,0,12,0,0,0,6,0,0,0,0,14,14,4,10,18,0,0,0,4,0,0,0,2,10,10,2,2,12,0,6,2,0,0,0,0,0,0,0,0,4,4,4,46,0,0,0,8,4,0,4,0,2,0,6,10,0,2,0,4,6,10,0,6,4,4,6,12,0,2,2,0,0,0,12,2,4,0,4,0,2,0,0,0,0,0,0,18,0,0,0,6,0,0,0,46,0,0,6,16,0,2,0,0,0,8,0,0,0,2,0,0,0,0,0,0,0,0,0,0,0,0,0,0,0,0,0,0
2,0,0,0,0,0,0,0,0,22,0,0,2,14,2,0,0,0,18,6,0,8,6,4,0,4,2,0,0,0,2,10,0,10,6,18,6,8,0,0,2,0,0,0,0,0,0,0,0,2,10,2,12,6,4,0,0,2,6,4,4,8,28,0,4,6,2,10,2,2,18,0,0,8,0,0,6,0,0,0,0,6,2,24,4,6,0,0,0,0,0,0,0,0,10,0,0,0,0,0,0,0,2,2,4,6,2,0,8,0,0,0,0,0,0,0,0,0,0,0,0,0,0,0,0,0,0,0,0,0,0,0,0,0,0
2,0,2,0,0,0,0,0,0,20,0,0,0,6,2,0,0,0,4,18,4,10,10,0,0,2,2,0,0,0,4,4,12,16,4,14,2,6,2,0,2,2,0,2,0,0,2,4,2,14,20,0,0,8,4,10,4,2,4,8,2,2,20,0,18,10,6,6,8,6,10,8,4,2,6,0,8,0,0,0,0,6,0,8,8,12,6,0,0,0,0,0,0,0,14,0,0,0,4,0,0,0,10,0,0,2,4,0,0,0,0,0,0,0,0,0,6,0,0,0,0,0,0,0,0,0,0,0,0,0,0,0,0,0,0
2,0,4,0,0,0,0,0,0,2,0,0,2,6,4,0,0,0,10,8,2,2,0,2,0,6,0,0,0,0,0,6,8,0,0,8,0,4,0,0,0,2,0,0,2,0,0,4,2,12,14,0,2,0,4,0,2,6,6,6,0,4,38,0,10,6,0,8,30,12,18,6,2,4,0,0,2,2,2,0,0,10,2,28,2,14,0,2,0,0,0,0,0,0,8,0,0,0,4,0,0,0,40,6,0,10,18,0,0,0,0,0,4,14,0,0,6,0,0,0,0,0,0,0,0,0,0,0,0,0,0,0,0,0,0
2,0,0,0,0,0,0,0,0,12,0,0,4,8,0,0,0,0,10,6,0,4,2,0,4,6,6,0,0,0,4,6,2,4,18,14,0,0,4,0,0,6,0,0,0,0,0,4,6,2,6,4,0,10,0,4,8,0,8,14,14,8,12,0,0,4,12,2,22,6,20,16,2,6,4,0,2,4,0,0,0,10,0,14,2,6,4,2,0,0,0,0,0,0,0,0,0,0,0,0,0,0,0,0,0,0,0,0,0,0,0,0,0,0,0,0,0,0,0,0,0,0,0,0,0,0,0,0,0,0,0,0,0,0,0
2,0,2,0,0,0,0,0,0,0,0,0,8,8,0,0,0,0,10,10,2,2,14,2,2,2,10,0,0,0,0,2,8,6,0,26,10,0,10,0,0,0,0,0,0,0,2,10,10,24,4,0,0,2,6,2,12,0,4,4,2,4,10,0,0,2,18,6,14,10,14,2,10,6,2,0,2,2,0,0,0,10,2,2,2,14,6,2,0,0,0,0,0,0,0,0,0,0,0,0,0,0,0,0,0,0,0,0,0,0,0,0,0,0,0,0,0,0,0,0,0,0,0,0,0,0,0,0,0,0,0,0,0,0,0
2,0,0,0,0,0,0,0,0,0,0,0,0,2,2,0,0,0,14,6,4,4,4,0,4,4,6,0,0,0,0,10,24,4,6,10,2,0,0,0,0,6,0,2,0,0,0,2,8,12,16,0,0,0,6,14,12,0,4,12,0,2,16,0,0,0,6,18,22,10,18,4,10,2,4,0,2,0,6,2,2,8,8,36,0,0,2,2,0,0,0,0,0,0,0,0,0,0,0,0,0,0,0,0,0,0,0,0,0,0,0,0,0,0,0,0,0,0,0,0,0,0,0,0,0,0,0,0,0,0,0,0,0,0,0
2,0,4,0,0,0,0,0,0,0,0,0,4,14,2,0,0,0,4,8,0,16,0,2,2,0,2,0,0,0,6,2,10,0,0,10,8,0,2,0,0,0,0,0,0,0,0,8,4,6,10,0,4,0,2,4,2,0,0,4,4,16,20,0,0,0,12,10,10,8,10,0,4,8,4,0,0,0,0,0,0,8,2,42,6,0,0,4,0,0,0,0,0,0,0,0,0,0,0,0,0,0,0,0,0,0,0,0,0,0,0,0,0,0,0,0,0,0,0,0,0,0,0,0,0,0,0,0,0,0,0,0,0,0,0
3,2,0,0,0,0,0,6,2,22,0,24,10,8,0,0,0,48,18,8,0,2,10,2,2,2,2,4,8,8,0,0,0,0,8,0,8,2,4,6,0,6,6,0,0,0,0,4,4,0,0,0,0,0,0,0,2,22,0,0,2,4,26,0,2,14,2,4,14,2,8,0,2,2,2,0,2,2,2,0,0,6,2,0,0,2,4,2,6,0,2,10,2,0,24,0,0,10,2,0,6,22,10,10,0,4,2,0,6,4,12,0,6,0,2,0,2,4,0,2,0,0,6,6,6,4,0,0,4,0,0,0,130,0,6
3,0,0,0,2,0,2,2,2,10,0,18,4,2,0,0,0,64,2,8,8,0,4,0,6,4,2,10,4,2,0,0,0,0,0,28,18,8,0,4,0,4,2,2,0,2,0,4,6,2,2,4,4,8,6,0,0,20,0,0,2,12,8,0,2,6,2,6,4,0,12,0,0,2,0,0,0,2,4,4,0,2,0,2,0,0,8,0,0,8,0,6,0,0,22,2,4,8,4,0,14,10,0,18,0,0,0,0,10,2,12,0,6,4,6,0,0,4,2,12,6,0,4,14,4,2,0,2,8,0,0,0,94,4,6
3,0,0,0,0,0,0,2,0,8,0,22,10,4,0,0,0,52,10,10,0,0,0,0,0,2,2,4,2,6,0,6,2,0,0,10,16,2,0,16,0,0,0,0,0,0,2,0,6,6,0,0,0,0,0,0,0,6,0,0,2,0,18,2,0,0,10,4,0,6,8,0,2,2,0,0,4,0,0,0,0,4,2,8,0,8,6,4,6,4,0,6,0,0,32,2,6,0,6,2,26,14,10,2,0,0,6,0,2,8,6,2,2,4,6,8,8,4,2,4,2,0,16,14,6,6,2,10,40,12,0,0,114,4,12
3,0,2,0,0,0,0,8,2,8,0,14,0,6,0,0,0,70,2,0,0,4,0,0,2,0,0,8,6,10,0,6,6,6,4,22,0,2,2,8,0,0,18,0,0,0,0,2,8,10,2,4,0,0,0,0,0,2,0,0,0,10,12,4,0,12,12,2,0,10,8,4,0,2,4,4,14,0,0,2,2,4,0,4,0,14,4,2,6,8,2,10,0,0,22,0,2,4,0,2,28,14,2,0,0,2,2,0,2,2,4,10,0,2,22,14,2,4,0,6,2,4,8,10,4,2,0,4,8,8,8,6,86,6,2
3,0,0,0,0,0,2,8,0,16,0,16,8,4,2,0,0,70,6,16,2,0,2,0,0,6,6,4,8,8,4,4,2,0,4,28,0,8,2,12,2,0,0,0,10,0,10,4,6,6,0,0,0,0,4,0,2,12,4,2,4,14,20,0,2,4,18,0,8,4,4,0,4,2,0,0,4,0,4,6,0,14,4,0,0,4,4,4,8,4,0,8,2,0,24,2,0,0,0,0,26,12,16,0,0,12,2,0,2,2,8,2,0,0,12,0,6,0,4,22,0,2,16,8,2,6,2,0,2,4,8,18,114,16,8
3,4,2,0,0,0,2,8,2,6,2,26,16,2,0,0,0,60,0,6,0,4,4,0,2,0,0,8,12,14,4,0,0,0,0,2,0,0,4,20,0,2,0,0,0,0,0,0,0,4,0,2,0,0,0,0,0,6,0,2,2,0,16,6,6,10,12,8,24,6,8,6,6,0,0,0,6,8,2,8,0,10,2,14,0,8,6,4,4,6,2,10,4,4,26,2,4,10,0,2,36,12,24,20,2,0,32,2,16,4,2,0,0,8,12,0,4,0,2,12,0,8,12,36,6,8,4,6,8,14,8,14,90,4,6
3,0,2,0,0,0,4,16,4,8,2,28,12,2,0,0,0,54,10,14,0,2,6,2,2,0,0,2,8,4,2,0,8,12,0,28,2,0,0,8,0,0,0,0,0,0,0,4,6,4,0,0,0,12,8,2,4,14,4,2,4,10,22,0,2,0,10,6,16,10,10,0,6,0,8,0,4,0,0,2,0,14,0,8,4,22,4,2,0,0,0,14,0,0,22,0,12,0,0,0,20,18,8,4,0,8,0,0,2,4,8,0,4,2,4,0,2,0,2,10,0,2,14,14,12,2,2,2,6,0,8,0,124,2,10
3,0,0,0,0,0,0,2,2,12,2,10,24,2,0,0,0,70,2,8,14,4,10,2,4,0,0,6,2,16,2,2,0,4,0,20,0,2,8,8,6,10,0,0,0,0,0,0,2,4,4,0,0,2,0,2,2,8,0,0,6,2,14,2,2,2,10,2,10,6,10,2,4,2,0,0,18,6,2,2,2,8,0,6,0,2,8,2,0,2,0,6,0,0,20,0,10,8,2,0,38,10,32,12,0,6,4,0,2,2,4,16,4,0,30,2,0,0,2,10,4,2,8,10,6,4,4,4,2,16,6,0,100,6,4
3,2,2,0,2,0,4,6,4,8,0,12,12,2,0,0,0,84,10,2,0,6,8,2,0,0,0,0,2,6,2,6,6,4,0,0,2,4,4,10,4,2,0,0,6,0,2,0,4,8,2,0,0,2,4,0,0,2,2,0,4,6,16,0,4,14,30,4,6,8,8,4,16,0,16,0,2,4,4,6,4,8,0,2,0,4,6,2,2,0,0,4,0,2,34,0,16,12,4,0,26,10,42,2,0,12,20,2,2,6,0,0,2,0,22,4,2,0,2,18,2,4,24,6,14,6,2,0,2,2,4,0,76,2,10
3,2,0,0,0,0,8,6,0,12,0,22,2,12,0,0,0,52,2,4,0,0,2,0,2,0,0,6,8,12,0,20,20,2,2,14,4,8,4,8,0,0,0,0,0,0,0,4,6,14,12,0,0,4,12,12,8,0,0,0,0,6,22,4,2,10,4,10,38,4,10,0,2,4,2,0,4,2,0,4,2,4,0,0,4,6,2,2,4,0,2,18,2,2,18,0,6,6,2,0,22,8,30,6,4,6,2,0,2,4,4,4,6,0,8,22,2,0,4,6,0,2,10,10,2,4,6,2,18,0,0,0,92,4,12
3,0,2,0,6,0,0,6,0,18,0,30,6,4,0,2,2,78,2,6,0,8,6,2,0,0,4,6,8,6,4,2,12,16,0,16,2,10,2,2,0,2,0,0,2,0,0,10,8,14,2,2,0,6,0,0,0,16,0,0,2,8,8,2,2,2,12,4,8,12,8,6,8,12,8,2,4,2,0,2,0,4,0,0,0,8,8,2,4,2,0,4,0,0,22,2,0,6,4,2,26,8,34,2,0,0,6,0,2,0,4,0,8,2,28,14,4,0,10,8,2,6,14,14,4,4,6,0,4,8,6,0,116,8,12
3,0,2,0,0,0,4,6,10,12,0,36,0,6,0,0,2,72,6,24,4,4,10,0,2,4,0,4,6,10,2,0,4,4,0,8,4,0,0,6,0,0,18,0,2,0,0,0,2,2,20,0,0,2,0,8,4,6,2,2,0,8,10,2,6,8,4,10,48,8,12,2,2,4,6,0,4,0,0,0,6,0,8,8,2,12,0,4,10,4,4,0,0,0,24,2,0,12,6,0,20,10,24,12,0,2,0,0,2,2,6,10,0,0,20,0,4,0,4,12,2,0,8,6,16,6,4,0,0,8,4,6,108,8,18
3,0,0,0,0,0,4,30,6,10,0,0,0,0,0,0,0,0,2,10,6,6,6,0,0,2,0,0,0,0,2,2,2,2,10,10,2,4,4,0,2,2,0,0,0,0,2,2,6,8,2,2,0,6,0,0,0,24,2,4,0,2,22,0,16,6,4,0,16,2,20,10,0,6,14,0,4,0,10,2,4,6,0,14,6,4,2,2,0,0,0,0,0,0,14,0,0,0,2,0,0,0,18,4,0,0,4,0,4,0,0,0,6,4,0,0,8,0,0,0,0,0,0,0,0,0,0,0,0,0,0,0,0,0,0
3,0,0,0,0,0,2,6,16,28,0,0,0,10,0,0,0,0,10,8,2,6,10,2,10,4,2,0,0,0,2,4,2,6,4,4,2,0,0,0,0,2,0,0,0,0,0,2,12,6,32,0,0,12,8,2,6,4,6,8,8,4,28,0,10,10,10,8,32,14,16,6,4,4,4,0,0,0,2,0,0,14,0,20,2,10,0,14,0,0,0,0,0,0,14,0,0,0,8,0,0,0,42,2,0,6,0,0,0,0,0,0,2,0,0,0,2,0,0,0,0,0,0,0,0,0,0,0,0,0,0,0,0,0,0
3,0,0,0,0,0,0,0,0,14,0,0,4,8,0,0,0,0,10,12,0,24,24,4,0,2,4,0,0,0,2,0,8,8,6,12,2,2,0,0,0,2,0,2,0,2,14,4,2,4,0,0,0,6,2,2,6,16,0,2,0,4,18,0,14,8,6,12,4,8,12,8,4,4,10,2,6,10,2,2,6,10,0,2,8,10,2,8,0,0,0,0,0,0,4,0,0,0,12,0,0,0,28,14,0,6,0,0,4,0,0,0,2,4,0,0,2,0,0,0,0,0,0,0,0,0,0,0,0,0,0,0,0,0,0
3,0,6,0,0,0,0,0,0,8,0,0,0,10,0,0,0,0,4,18,0,14,2,2,12,0,0,0,0,0,0,4,2,0,2,14,6,2,2,0,0,0,0,0,4,0,4,2,4,6,2,2,0,4,0,4,2,0,2,2,2,8,16,0,12,6,14,14,44,8,12,8,10,8,10,2,2,0,2,14,0,4,0,6,24,14,2,2,0,0,0,0,0,0,4,0,0,0,6,0,0,0,38,10,8,0,0,0,10,0,0,0,8,8,0,0,2,0,0,0,0,0,0,0,0,0,0,0,0,0,0,0,0,0,0
3,0,2,0,0,0,0,0,0,0,0,0,6,24,0,0,0,0,4,2,0,2,16,4,2,0,0,0,0,0,2,2,0,0,12,12,2,0,0,0,0,2,0,0,0,0,0,2,8,10,2,0,0,0,0,0,0,0,0,0,0,4,30,0,10,10,8,8,6,14,14,2,8,0,12,0,0,0,4,4,0,10,4,6,2,2,4,0,0,0,0,0,0,0,0,0,0,0,0,0,0,0,0,0,0,0,0,0,0,0,0,0,0,0,0,0,0,0,0,0,0,0,0,0,0,0,0,0,0,0,0,0,0,0,0
3,0,10,0,0,0,0,0,0,0,0,0,0,6,0,0,0,0,0,6,0,16,0,2,4,0,0,0,0,0,0,0,6,0,0,10,4,4,0,0,0,0,0,2,0,0,0,2,4,6,8,0,0,2,0,4,0,0,2,10,2,8,14,0,0,6,14,12,28,10,14,2,6,4,8,2,2,2,0,2,0,0,10,2,0,0,0,6,0,0,0,0,0,0,0,0,0,0,0,0,0,0,0,0,0,0,0,0,0,0,0,0,0,0,0,0,0,0,0,0,0,0,0,0,0,0,0,0,0,0,0,0,0,0,0
3,0,0,0,0,0,0,0,0,0,0,0,0,4,0,0,0,0,10,6,0,4,0,0,6,0,6,0,0,0,8,0,6,0,2,8,2,2,0,0,0,0,0,0,0,0,0,8,8,6,28,2,2,12,16,4,8,0,0,2,6,6,22,0,0,0,4,8,10,6,8,0,2,12,2,4,2,0,2,4,2,8,0,16,6,0,10,6,0,0,0,0,0,0,0,0,0,0,0,0,0,0,0,0,0,0,0,0,0,0,0,0,0,0,0,0,0,0,0,0,0,0,0,0,0,0,0,0,0,0,0,0,0,0,0
3,0,0,0,0,0,0,0,0,0,0,0,0,2,2,0,0,0,6,10,2,8,0,2,6,14,0,0,0,0,6,4,4,2,6,30,2,0,0,0,2,2,0,0,0,4,0,0,0,0,0,0,0,4,10,0,0,0,0,0,4,0,28,0,0,6,4,2,26,10,10,0,2,2,6,0,0,0,4,2,0,6,0,0,0,0,0,4,0,0,0,0,0,0,0,0,0,0,0,0,0,0,0,0,0,0,0,0,0,0,0,0,0,0,0,0,0,0,0,0,0,0,0,0,0,0,0,0,0,0,0,0,0,0,0
4,0,0,0,2,0,0,2,4,8,0,18,4,4,0,0,8,62,2,10,12,8,0,2,0,0,0,2,0,0,0,2,2,4,4,4,2,2,0,0,2,4,0,0,0,0,0,12,10,10,0,4,4,0,2,2,0,18,0,2,4,14,14,4,0,8,6,6,2,0,6,2,0,4,2,0,2,0,2,0,0,4,0,2,0,8,4,4,2,0,0,22,2,0,18,2,2,2,0,0,6,28,4,8,0,4,10,0,10,0,2,0,2,0,4,4,0,0,6,8,2,6,8,10,2,6,0,0,4,4,2,2,74,24,8
4,0,0,0,0,0,0,8,0,6,0,26,0,2,0,0,4,70,8,2,2,4,4,0,0,0,4,6,28,8,2,4,0,0,6,36,4,0,0,6,4,6,0,0,0,0,0,2,4,4,0,0,6,4,8,0,0,4,0,0,0,20,6,8,0,4,8,6,36,2,6,2,6,0,0,0,2,0,2,0,0,0,0,10,2,6,8,10,0,2,0,14,0,0,12,0,4,2,0,0,10,18,16,4,0,2,22,2,6,0,4,0,2,2,4,0,4,0,10,10,0,0,18,0,8,4,0,6,8,4,16,14,82,8,6
4,0,6,0,0,2,0,12,4,10,4,6,8,2,0,0,0,62,2,6,4,12,2,2,0,2,2,8,4,10,4,0,4,6,12,4,4,0,2,8,0,4,8,0,2,4,0,8,12,2,0,0,0,0,0,0,0,28,0,2,2,16,12,0,2,4,8,8,16,2,10,0,6,2,0,0,6,10,2,0,0,4,2,6,2,8,4,0,6,2,0,8,0,4,28,0,2,2,0,0,14,6,0,18,0,6,20,12,2,6,6,0,4,0,4,4,2,4,2,20,0,10,26,14,6,0,6,0,2,14,0,0,110,2,12
4,0,2,0,0,0,0,12,4,4,0,28,4,18,0,0,2,72,28,22,0,2,4,0,0,0,0,20,16,2,0,2,6,0,4,22,0,4,0,14,0,2,0,14,8,2,4,10,28,20,10,4,0,2,6,0,0,24,0,0,2,22,12,0,0,4,4,6,0,6,12,0,2,0,6,0,6,4,0,0,10,4,0,0,0,0,14,4,2,10,0,16,0,2,10,0,2,12,2,2,20,6,18,8,0,0,2,0,4,10,4,4,0,0,8,2,2,4,6,20,2,0,8,18,4,4,4,6,2,2,6,6,96,4,8
4,0,0,2,0,0,2,52,0,18,0,12,20,10,0,0,0,68,6,20,2,4,8,0,0,6,8,8,16,4,0,4,14,0,4,6,0,0,12,4,4,6,2,0,0,0,8,0,2,0,14,2,0,0,0,2,2,2,0,0,0,10,14,8,2,4,12,4,24,2,12,2,4,6,0,0,6,0,0,0,0,6,8,4,0,12,8,4,6,6,2,8,0,0,28,2,2,2,6,0,24,10,22,6,4,12,16,0,6,8,10,2,2,4,0,6,8,4,2,12,2,4,8,10,18,4,6,0,6,2,6,8,102,2,14
4,0,2,0,0,0,0,14,0,4,0,22,14,2,8,0,4,56,10,16,0,12,6,2,6,6,6,2,2,0,2,2,2,0,0,10,0,0,2,14,2,2,4,0,0,0,0,6,0,4,14,4,2,2,2,0,0,12,0,0,0,10,16,6,2,6,8,6,2,4,6,0,6,4,2,2,12,4,0,2,0,4,0,0,0,10,12,0,2,0,0,12,2,0,16,2,2,2,2,0,34,24,24,6,0,0,2,0,0,4,6,4,6,8,4,4,4,4,8,16,2,8,16,6,14,2,2,2,2,6,2,10,114,4,10
4,0,2,0,0,0,0,20,0,14,2,18,18,40,2,0,0,52,2,0,10,4,0,0,0,6,6,10,6,12,0,8,2,0,0,20,6,0,2,10,4,0,6,0,0,0,0,0,12,6,34,4,0,0,0,0,0,8,0,0,6,8,10,8,12,14,22,4,0,10,12,6,8,2,2,0,0,0,10,2,2,4,2,4,2,0,12,0,8,6,0,8,0,0,54,0,10,2,6,2,42,8,12,4,4,4,2,0,10,6,10,2,8,0,14,0,0,0,2,4,0,6,10,20,12,8,0,0,8,8,6,4,108,6,0
4,0,6,0,0,0,2,2,2,14,0,40,10,6,0,0,2,56,4,8,12,4,4,4,4,0,0,14,8,6,2,0,0,2,4,18,2,2,2,6,0,2,0,0,0,0,0,8,6,18,16,2,0,0,0,0,0,10,0,0,4,12,16,4,2,2,8,6,2,2,6,2,10,4,0,0,2,0,0,0,0,4,2,14,0,8,10,0,6,6,0,10,0,2,24,2,4,0,2,0,28,8,4,10,0,6,0,0,6,4,2,0,0,0,32,4,6,0,6,14,0,10,14,28,2,6,4,0,6,4,12,12,118,6,0
4,0,0,0,0,0,4,8,0,8,6,16,0,26,2,0,0,64,16,4,0,10,0,0,2,2,4,6,8,8,6,0,2,0,8,16,0,0,8,4,2,0,2,0,0,0,2,4,12,18,6,0,0,8,12,2,2,8,2,0,0,12,14,2,0,6,6,10,4,2,14,8,8,4,0,0,0,4,0,0,0,14,0,22,0,10,6,4,0,4,0,10,2,0,26,2,12,2,4,0,30,10,26,14,0,6,18,0,6,0,4,2,4,10,26,0,2,0,10,20,2,6,8,14,4,0,2,0,8,2,2,2,130,6,0
4,0,2,0,2,0,0,18,0,10,0,22,16,20,0,0,0,72,4,4,2,2,2,0,2,2,2,8,12,4,2,4,0,6,2,18,0,4,0,8,8,2,2,0,0,0,0,0,8,2,8,0,2,4,2,8,2,6,0,0,0,4,16,0,0,0,6,2,24,4,10,6,12,2,0,0,0,0,0,2,0,8,2,6,8,4,10,2,4,2,4,10,0,0,20,2,2,0,2,4,32,4,8,2,0,2,6,0,6,0,0,6,4,2,16,4,6,0,10,18,2,6,22,6,8,0,0,2,6,4,6,0,122,10,0
4,0,0,0,0,0,2,20,2,4,0,26,2,4,0,0,2,70,10,12,8,8,6,4,6,2,2,0,4,8,8,0,10,0,2,20,0,0,2,10,0,2,2,0,0,0,0,0,4,8,40,0,0,4,0,2,2,14,0,2,4,2,12,4,8,2,12,12,16,10,10,8,6,8,0,0,2,10,8,0,8,4,10,18,4,8,4,0,2,6,0,4,0,0,16,6,0,2,6,6,18,4,10,2,0,2,4,0,2,6,2,0,4,0,58,10,4,0,2,16,0,12,34,8,6,2,0,0,0,4,4,4,102,12,0
4,0,0,0,2,0,10,10,4,14,0,26,0,2,2,0,6,62,12,26,0,8,6,2,4,6,6,2,4,4,2,0,0,0,0,10,0,12,0,2,8,2,0,0,0,0,0,0,2,6,0,0,10,2,4,2,2,6,2,2,0,0,14,2,8,0,10,6,34,12,16,12,14,4,6,0,2,8,0,2,0,4,0,2,4,4,6,2,2,0,2,8,0,0,24,0,0,0,10,0,6,8,56,0,0,6,2,0,2,4,6,2,4,0,22,4,0,0,6,14,2,2,14,10,2,4,0,0,0,0,4,2,24,4,0
4,0,0,0,0,0,2,44,0,2,0,0,0,18,0,0,0,0,2,20,10,2,6,0,8,0,2,0,0,0,0,8,12,4,0,12,6,10,2,0,0,6,0,0,2,0,2,2,8,10,2,0,10,10,14,4,12,6,0,2,6,2,12,0,2,0,2,6,30,16,16,2,0,4,4,0,2,2,2,2,0,8,4,6,6,4,2,10,0,0,0,0,0,0,22,0,0,0,2,0,0,0,8,10,10,4,4,0,18,0,0,0,4,2,36,0,4,0,0,0,0,0,0,0,0,0,0,0,0,0,0,0,0,0,0
4,0,2,0,0,0,0,0,0,16,0,0,4,24,0,0,0,0,14,14,2,10,6,2,6,2,0,0,0,0,2,4,6,0,2,8,0,2,0,0,0,2,0,0,0,0,0,2,4,4,20,8,0,2,6,0,4,4,0,0,6,2,22,0,2,4,8,6,20,6,10,4,8,4,2,0,0,0,0,0,0,4,2,6,2,12,6,4,0,0,0,0,0,0,6,0,0,0,0,0,0,0,30,8,0,4,0,0,4,0,0,0,6,6,0,0,2,0,0,0,0,0,0,0,0,0,0,0,0,0,0,0,0,0,0
4,0,2,0,0,0,0,0,0,16,0,0,0,4,4,0,0,0,8,6,6,2,4,0,2,0,0,0,0,0,2,6,10,0,4,20,0,6,2,0,6,0,0,0,0,0,0,0,12,6,74,0,0,4,4,4,2,12,0,2,0,0,2,0,10,6,4,14,6,12,14,10,2,8,6,2,0,6,2,4,0,8,4,2,4,6,2,2,0,0,0,0,0,0,8,0,0,0,6,0,0,0,18,10,0,0,0,0,2,0,0,0,2,2,0,0,4,0,0,0,0,0,0,0,0,0,0,0,0,0,0,0,0,0,0
4,0,2,0,0,0,0,0,0,12,0,0,0,8,4,0,0,0,2,6,8,4,6,2,2,0,0,0,0,0,4,8,8,0,16,4,2,2,4,0,0,0,0,0,2,0,2,6,6,8,4,2,0,2,0,6,2,12,0,4,0,0,12,0,20,0,10,2,0,12,20,0,0,6,0,0,4,0,2,0,0,10,6,26,6,6,2,2,0,0,0,0,0,0,6,0,0,0,4,0,0,0,54,8,2,12,6,4,8,0,0,0,4,8,0,0,4,0,0,0,0,0,0,0,0,0,0,0,0,0,0,0,0,0,0
4,0,2,0,0,0,0,0,0,0,0,0,0,4,2,0,0,0,0,6,6,8,10,0,0,0,0,0,0,0,2,4,18,4,0,6,0,0,10,0,0,2,0,0,4,0,0,4,4,10,4,2,4,6,16,2,2,0,0,0,2,12,16,0,0,2,14,8,10,6,8,0,4,2,0,0,2,4,0,0,0,6,0,2,16,0,0,2,0,0,0,0,0,0,0,0,0,0,0,0,0,0,0,0,0,0,0,0,0,0,0,0,0,0,0,0,0,0,0,0,0,0,0,0,0,0,0,0,0,0,0,0,0,0,0
4,0,0,0,0,0,0,0,0,0,0,0,0,2,0,0,0,0,8,42,0,12,6,0,2,6,6,0,0,0,4,10,22,4,2,10,12,0,2,0,0,2,0,0,0,0,0,2,6,2,36,0,10,2,8,4,6,0,0,0,2,2,20,0,0,12,4,6,18,6,10,2,8,6,2,0,2,12,2,0,0,6,0,8,4,0,2,2,0,0,0,0,0,0,0,0,0,0,0,0,0,0,0,0,0,0,0,0,0,0,0,0,0,0,0,0,0,0,0,0,0,0,0,0,0,0,0,0,0,0,0,0,0,0,0
4,0,0,0,0,0,0,0,0,0,0,0,0,0,0,0,0,0,8,8,0,4,2,0,0,4,2,0,0,0,2,8,10,2,0,4,8,0,0,0,0,4,0,4,0,0,4,0,0,0,12,0,0,0,2,0,0,0,0,0,8,4,12,0,0,0,4,10,20,4,16,0,0,8,2,0,4,6,2,0,0,14,4,2,2,0,0,4,0,0,0,0,0,0,0,0,0,0,0,0,0,0,0,0,0,0,0,0,0,0,0,0,0,0,0,0,0,0,0,0,0,0,0,0,0,0,0,0,0,0,0,0,0,0,0
4,0,2,0,0,0,0,0,0,0,0,0,0,0,0,0,0,0,2,30,8,6,0,0,0,8,2,0,0,0,0,2,2,0,2,6,4,0,4,0,0,0,0,0,0,0,0,4,8,0,6,0,0,2,0,0,2,0,0,0,0,0,20,0,0,12,2,14,36,6,16,0,2,0,2,0,4,2,0,2,4,14,2,12,2,0,4,6,0,0,0,0,0,0,0,0,0,0,0,0,0,0,0,0,0,0,0,0,0,0,0,0,0,0,0,0,0,0,0,0,0,0,0,0,0,0,0,0,0,0,0,0,0,0,0
5,4,0,0,0,0,0,6,0,12,2,16,6,0,0,0,0,70,10,4,4,2,0,0,2,6,2,4,12,0,0,0,0,6,4,0,6,0,2,14,0,0,14,0,0,0,0,8,6,8,4,0,0,2,2,0,0,40,0,0,0,8,10,2,4,4,4,6,0,0,10,0,0,6,12,0,14,0,2,0,0,4,2,0,4,0,14,4,2,0,0,12,2,0,6,2,6,4,0,2,16,30,6,10,0,6,50,2,18,2,16,8,2,0,10,8,6,2,2,6,2,2,2,6,2,0,0,2,0,2,0,0,110,12,12
5,0,0,0,0,0,0,24,0,14,0,14,12,8,0,0,4,58,2,6,0,0,2,0,2,0,0,16,12,10,0,0,0,0,2,10,4,6,4,10,2,4,0,0,0,0,2,4,6,4,16,0,0,6,2,0,0,38,0,2,0,6,8,0,0,0,12,8,8,2,6,2,12,4,8,0,0,0,0,0,0,8,4,8,6,8,6,4,8,0,0,6,0,4,8,0,6,14,0,0,2,18,0,12,0,12,8,0,2,6,0,10,22,16,14,4,0,12,2,6,0,10,26,6,4,6,0,2,2,8,0,0,80,10,10
5,0,0,0,0,0,0,6,4,4,0,24,12,4,2,0,0,64,8,0,0,0,8,0,0,8,8,2,4,6,4,0,4,0,2,12,12,2,0,14,2,2,0,0,0,0,2,12,18,6,6,0,0,4,2,4,0,26,0,0,4,8,12,4,2,8,22,12,0,2,10,0,4,2,4,0,0,0,0,0,0,2,0,0,0,2,12,2,0,2,0,12,0,10,10,10,6,8,0,4,16,30,2,10,4,22,22,4,6,2,10,2,2,0,30,0,4,0,16,14,4,2,10,26,12,0,2,4,4,10,0,0,114,8,6
5,6,4,0,0,0,4,0,10,4,0,24,2,6,0,2,0,64,6,2,0,10,6,0,0,2,2,0,0,2,2,10,10,6,4,12,0,6,0,14,0,0,0,0,0,2,8,0,8,6,0,4,0,4,10,0,2,26,0,0,2,10,8,0,0,2,6,14,12,12,10,0,4,4,0,0,0,0,2,2,0,8,0,2,0,0,14,0,4,4,0,6,0,0,24,0,14,12,0,2,18,26,14,6,8,10,50,6,10,6,2,10,6,8,8,8,8,0,12,10,4,6,14,14,18,4,0,0,0,4,2,2,92,2,6
5,0,0,0,0,0,6,10,2,10,0,26,16,2,0,0,0,76,4,12,0,4,6,0,2,0,0,8,18,2,2,0,4,6,0,2,2,6,2,8,2,2,0,10,0,0,4,2,4,12,0,2,6,4,0,4,2,10,10,8,4,12,14,2,6,10,14,10,0,2,8,0,8,4,4,0,0,0,0,0,0,10,0,2,6,2,0,0,2,0,2,2,0,2,30,2,10,4,2,0,10,18,12,12,4,6,14,2,6,2,6,6,6,4,32,10,2,2,2,10,2,12,14,12,8,2,0,0,0,8,2,0,96,12,10
5,0,0,0,0,0,0,12,0,10,0,16,6,10,0,0,0,64,8,6,0,4,2,2,6,2,0,0,0,12,2,10,4,0,2,6,0,2,0,2,10,4,2,0,4,0,0,8,8,8,80,2,6,0,2,0,2,22,0,2,2,14,10,0,10,4,26,2,10,2,12,4,6,4,0,0,6,2,2,2,0,8,6,4,0,2,0,6,2,2,0,10,2,0,32,4,22,4,2,2,20,4,14,6,2,12,10,0,6,2,4,4,0,0,26,0,2,2,0,14,0,10,26,30,14,6,8,0,2,8,6,0,112,10,4
5,0,12,0,0,0,2,26,4,8,0,16,10,4,0,0,8,52,14,4,10,0,12,0,2,0,6,4,6,10,0,0,2,0,2,30,0,4,2,12,0,0,0,0,0,0,0,2,2,4,0,2,0,0,2,10,0,22,0,6,16,8,6,2,4,4,8,4,26,10,10,0,0,0,6,0,0,0,0,8,0,10,0,2,2,4,2,4,0,2,2,0,0,2,20,0,10,16,0,2,6,2,4,18,8,14,28,0,16,0,0,8,8,4,32,8,0,0,6,20,2,4,20,22,32,10,0,0,0,2,8,6,120,4,16
5,0,4,0,2,2,4,16,0,4,0,8,6,10,0,0,0,80,6,8,0,14,8,0,2,2,0,0,4,6,0,0,0,2,2,16,8,0,0,6,6,2,0,2,4,0,4,16,16,20,0,2,6,2,4,4,2,10,0,0,2,12,10,2,2,4,8,2,10,2,14,4,8,0,2,0,0,4,0,0,0,8,0,2,6,0,6,0,10,2,0,0,0,2,26,2,6,2,6,0,20,10,0,10,2,4,16,2,10,2,2,32,0,2,18,0,4,0,4,10,0,2,16,22,12,4,0,4,6,14,0,2,92,8,16
5,0,0,0,0,0,0,12,2,10,4,26,4,28,2,0,2,68,6,4,12,16,14,0,4,6,14,8,6,6,0,6,4,6,0,20,4,6,2,6,2,2,0,2,4,0,0,4,18,12,6,2,0,0,2,0,2,8,2,10,2,12,6,0,0,10,20,4,30,6,12,0,4,4,0,0,2,0,0,2,2,8,2,6,2,4,2,0,4,8,2,2,0,0,26,2,18,0,0,2,26,10,6,6,0,16,42,0,12,0,0,4,2,4,30,6,8,0,6,12,2,2,12,10,16,0,4,0,2,8,2,0,70,20,0
5,0,2,0,0,0,4,30,6,22,0,34,4,4,0,0,0,68,10,10,4,12,2,0,0,2,4,6,6,12,2,2,0,6,0,8,4,2,0,4,4,4,0,0,0,0,0,2,2,10,26,0,0,4,0,2,4,16,2,2,8,10,6,0,4,12,28,0,0,4,10,4,14,6,0,0,0,6,0,0,4,2,2,8,0,8,4,0,2,4,0,16,10,4,12,6,46,8,6,0,6,2,36,10,0,10,28,2,10,0,0,6,0,0,40,0,14,0,0,6,0,8,18,8,26,6,2,0,4,6,0,0,86,14,0
5,0,0,0,0,0,2,18,0,4,0,28,2,2,0,0,6,50,0,2,0,8,2,0,0,4,2,16,12,4,0,8,12,10,0,10,2,4,4,4,2,2,4,0,2,0,0,0,2,2,22,0,0,10,8,8,4,4,6,4,0,12,4,2,4,6,26,2,8,8,10,6,10,4,2,0,2,0,0,10,0,16,0,14,6,2,10,2,6,4,0,8,0,0,20,10,32,12,4,0,12,4,0,6,8,12,8,2,14,2,2,14,10,14,24,2,0,0,8,16,0,4,18,12,8,2,0,2,2,8,4,4,104,6,0
5,2,0,0,0,0,0,12,2,8,4,32,6,14,0,0,16,68,10,10,0,6,4,4,4,0,2,0,0,0,0,4,4,12,0,26,4,0,2,10,0,2,2,0,0,0,0,0,4,4,0,0,2,6,14,2,4,2,4,6,2,0,10,0,8,26,34,2,0,4,8,4,12,2,10,0,2,0,0,0,0,4,2,16,2,18,4,4,6,0,0,8,2,2,26,4,24,0,2,0,0,0,42,16,0,26,6,2,8,4,4,18,2,4,48,0,2,0,8,20,0,0,26,2,8,2,2,0,6,8,2,0,80,0,0
5,2,2,0,0,0,0,0,0,8,0,0,2,8,2,0,0,0,8,14,20,6,6,0,0,0,0,0,0,0,6,0,2,4,0,22,6,6,2,0,2,4,0,0,2,0,0,16,10,28,2,2,0,2,10,2,0,6,4,12,2,4,20,0,8,2,18,12,0,6,14,2,4,0,6,0,2,0,0,16,0,4,0,14,2,2,2,8,0,0,0,0,0,4,20,0,0,0,4,0,0,0,20,24,16,16,10,2,18,0,0,0,2,6,0,0,4,0,0,0,0,0,0,0,0,0,0,0,0,0,0,0,0,0,0
5,0,4,0,0,0,0,0,0,10,0,0,0,36,0,0,0,0,12,14,2,6,6,0,4,6,6,0,0,0,2,4,6,6,4,16,0,2,2,0,0,2,0,0,0,0,0,0,0,2,0,0,2,10,2,2,6,14,0,0,2,2,12,0,12,6,4,10,2,12,14,10,2,8,8,0,2,6,0,4,0,6,0,2,2,8,2,4,0,0,0,0,0,2,16,0,0,0,2,0,0,0,4,6,2,10,10,4,10,0,0,0,2,2,0,0,4,0,0,0,0,0,0,0,0,0,0,0,0,0,0,0,0,0,0
5,0,4,0,0,0,0,0,0,2,0,0,0,8,0,0,0,0,6,22,12,12,6,0,0,0,0,0,0,0,0,6,10,4,2,0,6,12,2,0,2,2,0,0,0,0,0,6,6,6,2,2,0,2,10,0,2,4,2,0,4,12,2,0,8,2,4,8,2,10,12,12,2,4,2,0,2,2,2,0,0,8,4,12,12,0,2,4,0,0,0,0,0,0,6,0,0,0,0,0,0,0,12,14,0,10,18,4,10,0,0,0,2,2,0,0,2,0,0,0,0,0,0,0,0,0,0,0,0,0,0,0,0,0,0
5,8,6,0,0,0,0,0,0,22,0,0,4,28,4,0,0,0,2,24,2,4,0,4,4,0,0,0,0,0,6,4,6,0,4,4,0,0,2,0,4,0,0,0,2,0,4,0,14,8,2,4,0,0,2,6,4,0,0,0,6,8,18,0,16,8,8,0,4,6,14,8,4,0,8,0,0,0,0,0,0,2,0,14,12,10,0,0,0,0,0,0,0,0,14,0,0,0,14,0,0,0,22,22,14,0,26,2,8,0,0,0,6,16,0,0,4,0,0,0,0,0,0,0,0,0,0,0,0,0,0,0,0,0,0
5,0,6,0,0,0,0,0,0,0,0,0,0,6,0,0,0,0,2,34,0,2,2,4,2,0,0,0,0,0,2,2,10,6,0,14,4,4,0,0,0,2,0,2,2,0,4,12,8,12,16,4,2,8,6,4,4,0,0,0,0,0,22,0,0,8,12,10,18,8,20,2,6,8,2,2,2,0,12,0,0,4,0,16,10,2,0,0,0,0,0,0,0,0,0,0,0,0,0,0,0,0,0,0,0,0,0,0,0,0,0,0,0,0,0,0,0,0,0,0,0,0,0,0,0,0,0,0,0,0,0,0,0,0,0
5,0,0,0,0,0,0,0,0,0,0,0,4,12,2,0,0,0,4,34,2,8,6,0,0,10,12,0,0,0,2,2,8,4,6,10,2,0,2,0,0,2,0,0,0,0,2,4,4,20,16,2,2,12,14,4,6,0,0,0,0,10,8,0,0,2,14,10,16,6,14,8,2,2,0,0,0,0,4,0,0,2,2,10,2,0,2,4,0,0,0,0,0,0,0,0,0,0,0,0,0,0,0,0,0,0,0,0,0,0,0,0,0,0,0,0,0,0,0,0,0,0,0,0,0,0,0,0,0,0,0,0,0,0,0
5,0,2,0,0,0,0,0,0,0,0,0,0,10,0,0,0,0,8,18,0,2,0,0,2,6,2,0,0,0,0,0,2,6,0,6,2,0,0,0,2,2,0,0,2,6,0,42,14,28,24,0,0,4,2,0,2,0,0,0,2,4,10,0,0,8,16,6,38,12,14,4,6,2,2,0,2,0,0,0,0,10,2,10,12,0,0,4,0,0,0,0,0,0,0,0,0,0,0,0,0,0,0,0,0,0,0,0,0,0,0,0,0,0,0,0,0,0,0,0,0,0,0,0,0,0,0,0,0,0,0,0,0,0,0
5,0,0,0,0,0,0,0,0,0,0,0,0,0,0,0,0,0,4,10,12,8,0,0,6,6,6,0,0,0,0,0,8,0,6,4,0,0,2,0,0,0,0,0,2,0,2,8,6,12,14,2,2,0,8,4,2,0,0,0,0,4,14,0,0,8,2,4,20,8,8,0,0,6,6,0,6,0,4,0,2,4,2,8,4,0,0,2,0,0,0,0,0,0,0,0,0,0,0,0,0,0,0,0,0,0,0,0,0,0,0,0,0,0,0,0,0,0,0,0,0,0,0,0,0,0,0,0,0,0,0,0,0,0,0
6,0,0,0,2,0,2,16,0,12,4,20,4,6,4,0,0,76,8,8,0,0,4,0,0,0,0,2,2,0,0,4,0,0,12,2,10,10,0,10,0,4,2,2,0,0,2,0,2,6,0,4,0,2,0,2,0,2,0,2,2,10,8,2,2,2,4,8,0,6,14,0,0,0,0,0,6,0,2,4,0,0,0,0,0,2,8,4,2,2,0,0,0,2,2,0,0,2,2,2,2,6,8,0,0,24,6,0,18,0,2,4,0,0,2,2,2,20,4,6,2,0,8,22,10,2,0,2,8,8,10,0,138,4,14
6,0,0,0,0,0,0,4,0,2,0,12,2,0,0,0,0,62,16,22,4,4,6,0,4,0,2,0,12,12,0,0,2,2,0,8,2,0,6,18,0,2,8,0,0,0,0,4,4,2,4,0,0,0,0,0,0,0,6,0,0,12,18,4,0,2,12,14,0,4,12,4,0,0,0,0,0,2,8,0,0,2,6,0,2,0,0,2,6,0,0,10,0,0,20,2,4,6,12,4,10,24,2,14,2,2,38,4,20,8,0,12,2,0,2,2,2,2,6,6,6,0,12,2,14,8,2,8,18,20,6,8,78,2,10
6,2,0,0,0,0,2,10,0,4,0,12,12,14,0,2,2,48,2,30,2,10,14,0,2,4,12,4,0,0,0,2,4,2,0,10,0,0,16,0,2,8,0,0,0,0,0,8,6,8,2,0,0,0,2,0,2,18,4,0,0,2,12,0,0,2,2,10,0,2,6,0,4,6,0,0,0,2,2,0,0,0,2,2,2,2,8,0,2,0,0,6,0,0,20,0,4,0,0,0,14,30,10,2,0,4,12,4,2,8,2,4,4,6,10,0,4,12,18,24,0,0,6,12,2,4,0,0,10,8,0,0,110,10,16
6,0,0,0,2,0,0,14,0,8,0,24,12,2,0,2,0,54,8,2,0,2,10,0,0,0,0,8,4,2,4,12,6,4,0,2,0,2,2,10,4,0,0,0,0,0,0,8,10,8,10,4,2,0,2,0,2,18,0,0,2,14,6,0,4,4,2,8,10,2,12,2,8,0,2,0,0,0,0,2,4,8,8,0,0,2,12,10,4,8,2,6,0,0,12,0,2,0,4,2,8,6,6,8,2,6,14,0,6,2,2,4,6,4,10,2,4,22,6,20,2,4,14,2,14,0,0,2,6,6,0,0,106,0,36
6,0,4,0,0,0,0,6,6,6,0,36,10,10,0,0,16,60,4,4,2,6,2,0,0,2,0,8,2,4,0,4,4,2,6,22,2,2,2,4,0,0,14,0,2,0,2,8,10,6,12,16,0,0,0,0,0,6,0,0,6,14,14,4,2,4,18,6,4,10,8,4,6,2,0,0,2,4,0,0,2,4,2,10,2,6,2,0,6,2,0,0,0,2,10,0,2,2,0,0,10,12,2,4,0,16,4,0,8,6,18,0,4,2,10,0,4,10,6,10,4,6,24,28,4,4,4,0,4,8,12,0,116,2,0
6,2,0,0,0,0,0,14,4,20,0,22,8,4,0,0,2,84,18,12,6,2,2,4,6,0,0,8,2,0,0,4,2,0,0,24,0,2,4,18,2,0,0,0,0,0,0,10,12,10,0,0,12,2,0,0,0,8,0,2,2,12,10,4,4,8,36,0,34,6,10,0,6,2,0,0,2,4,22,0,0,10,6,10,0,6,4,2,6,4,0,16,0,0,20,4,8,4,10,0,22,10,4,6,0,2,28,0,10,2,6,14,2,8,4,6,0,2,4,16,0,0,8,12,16,6,0,0,4,10,2,2,108,2,0
6,6,2,0,0,0,6,12,4,10,0,14,6,0,0,0,0,72,4,16,4,10,0,0,0,4,2,0,2,6,0,6,4,0,10,10,0,0,2,4,0,6,0,2,0,4,4,4,12,8,2,2,2,8,0,0,0,8,4,10,8,10,8,4,0,2,12,12,0,4,12,0,0,4,4,0,2,6,0,2,0,12,0,8,2,10,8,2,8,4,0,2,0,0,18,0,6,8,2,0,16,0,0,2,4,6,16,0,6,0,2,0,2,4,20,0,4,0,8,10,0,4,10,22,18,4,0,4,4,4,6,0,92,12,0
6,0,0,0,2,4,0,2,0,14,0,14,6,18,2,0,2,54,14,8,2,4,4,0,0,6,2,4,12,6,0,8,4,8,0,18,4,0,0,12,0,0,0,0,0,0,0,8,2,8,2,0,0,4,0,6,0,6,0,4,0,6,14,0,0,16,2,4,20,8,4,6,8,2,0,0,0,6,2,0,2,2,0,2,8,0,6,2,2,6,4,6,0,0,30,0,32,8,10,2,12,2,0,8,6,16,6,0,8,2,2,0,8,4,32,2,0,0,6,26,2,6,8,26,50,12,2,8,10,16,0,0,90,12,0
6,0,0,0,0,0,0,6,4,4,0,48,0,4,0,0,8,60,8,6,2,0,16,2,2,2,2,2,10,4,4,6,6,2,4,4,0,2,2,4,0,0,2,2,0,0,0,6,18,0,10,4,2,12,8,0,0,10,2,2,0,10,6,4,2,4,8,6,2,14,4,4,10,4,6,0,0,0,2,0,0,0,0,2,2,12,4,0,2,6,0,4,0,0,34,6,2,12,4,0,16,6,6,16,8,0,16,2,16,10,6,4,0,0,2,8,0,0,8,26,2,2,8,6,14,12,0,2,2,10,16,6,90,2,0
6,0,0,0,0,2,8,34,4,18,0,34,0,12,0,0,0,48,12,2,6,4,0,0,4,2,8,12,16,14,0,6,4,4,0,12,0,0,0,8,0,4,8,0,0,0,0,6,8,16,6,0,0,0,0,0,2,2,0,0,0,10,10,2,6,12,4,8,14,10,12,0,4,2,14,0,2,2,2,0,0,6,0,10,4,12,8,0,2,6,0,8,2,2,26,0,0,4,12,4,26,2,0,2,2,0,4,0,0,4,0,10,10,0,2,2,4,0,0,6,0,2,10,8,16,4,0,8,22,8,6,0,84,14,0
6,0,0,0,2,0,30,20,6,14,2,38,2,22,2,0,0,68,8,20,6,8,6,0,2,0,2,2,0,6,4,6,6,4,6,24,4,6,2,6,2,6,4,10,0,6,0,6,8,6,0,2,0,2,4,0,0,6,6,0,2,10,8,2,4,0,24,4,22,6,12,16,6,4,0,0,2,0,2,0,4,0,0,4,0,8,2,0,4,0,0,2,0,2,12,12,0,10,18,0,28,4,0,2,0,20,2,0,10,4,0,14,0,0,16,8,4,0,6,16,0,4,4,4,4,0,6,4,6,16,0,0,110,14,0
6,4,0,0,0,8,2,20,0,10,0,38,0,8,0,0,0,66,2,0,2,0,20,0,0,0,6,6,16,2,0,2,10,2,0,16,8,4,0,14,0,4,0,0,0,0,0,2,4,0,0,0,0,4,2,0,4,4,2,6,2,6,10,8,6,28,8,0,2,14,16,12,10,0,28,0,2,0,10,0,2,8,2,16,8,8,2,2,8,12,0,2,2,0,22,2,0,8,4,2,34,0,4,36,12,24,16,0,12,6,2,12,4,4,4,4,4,0,8,6,2,2,8,24,24,6,0,0,8,10,0,0,94,6,0
6,0,6,0,0,0,0,0,0,6,0,0,2,16,2,0,0,0,4,2,12,2,0,0,0,4,2,0,0,0,0,8,14,28,0,4,4,2,0,0,2,0,0,0,0,0,0,0,8,0,0,2,8,8,4,2,0,18,0,0,4,4,4,0,6,0,2,16,20,6,12,6,2,2,12,0,2,8,2,0,6,10,4,6,0,4,6,4,0,0,0,0,0,0,20,0,0,0,40,0,0,0,26,14,8,2,36,2,18,0,0,0,4,2,0,0,12,0,0,0,0,0,0,0,0,0,0,0,0,0,0,0,0,0,0
6,0,2,0,0,0,0,0,0,22,0,0,0,2,2,0,0,0,4,6,0,4,0,2,2,2,8,0,0,0,0,0,2,0,6,26,4,4,0,0,0,0,0,0,6,0,4,6,6,2,102,0,10,6,4,0,2,6,0,8,4,2,8,0,8,2,4,4,6,12,12,2,4,2,10,2,2,4,0,2,0,10,0,0,6,10,0,0,0,0,0,0,0,2,18,0,0,0,4,0,0,0,0,2,0,2,6,0,0,0,0,0,0,0,0,0,0,0,0,0,0,0,0,0,0,0,0,0,0,0,0,0,0,0,0
6,0,0,0,0,0,0,0,0,6,0,0,0,10,0,0,0,0,6,10,0,0,2,0,6,0,0,0,0,0,6,14,10,12,2,14,0,6,2,0,0,0,0,0,0,0,2,4,2,10,4,0,0,6,6,0,2,2,2,4,0,0,10,0,8,2,12,4,12,12,16,0,4,4,16,0,4,14,2,0,0,8,0,0,20,12,2,4,0,0,0,0,0,0,4,0,0,0,2,0,0,0,20,10,0,14,0,0,0,0,0,0,4,0,0,0,0,0,0,0,0,0,0,0,0,0,0,0,0,0,0,0,0,0,0
6,0,2,0,0,0,0,0,0,8,0,0,4,2,0,0,0,0,2,8,8,2,2,0,2,4,2,0,0,0,0,8,6,8,6,24,6,10,0,0,0,4,0,0,0,0,0,2,0,2,60,4,0,0,6,0,0,4,0,0,0,8,10,0,6,2,6,12,28,12,12,0,0,16,8,2,0,0,2,2,0,2,2,10,2,8,10,4,0,0,0,0,0,0,8,0,0,0,8,0,0,0,16,6,6,0,34,0,18,0,0,0,18,8,0,0,10,0,0,0,0,0,0,0,0,0,0,0,0,0,0,0,0,0,0
6,0,2,0,0,0,0,0,0,0,0,0,0,8,0,0,0,0,8,6,4,0,0,0,0,0,0,0,0,0,8,2,10,0,2,6,2,2,0,0,0,2,0,0,2,4,10,4,2,4,0,2,2,4,4,0,0,0,0,0,2,8,26,0,0,8,6,4,10,8,10,2,8,20,12,0,0,4,16,4,0,4,2,12,0,2,6,0,0,0,0,0,0,0,0,0,0,0,0,0,0,0,0,0,0,0,0,0,0,0,0,0,0,0,0,0,0,0,0,0,0,0,0,0,0,0,0,0,0,0,0,0,0,0,0
6,0,6,0,0,0,0,0,0,0,0,0,2,2,0,0,0,0,14,20,18,16,4,6,2,4,4,0,0,0,0,10,16,4,0,14,18,0,6,0,0,4,0,4,4,0,14,12,6,22,6,0,0,8,4,0,0,0,0,4,4,6,12,0,0,12,14,0,28,16,14,0,8,4,0,0,0,2,10,0,0,2,8,22,12,0,0,2,0,0,0,0,0,0,0,0,0,0,0,0,0,0,0,0,0,0,0,0,0,0,0,0,0,0,0,0,0,0,0,0,0,0,0,0,0,0,0,0,0,0,0,0,0,0,0
6,0,4,0,0,0,0,0,0,0,0,0,2,4,4,0,0,0,4,8,4,2,0,2,2,4,6,0,0,0,0,8,6,2,0,16,4,0,0,0,0,0,0,2,2,2,2,0,2,4,4,0,6,10,6,4,14,0,0,4,0,8,12,0,0,6,2,10,36,6,10,12,0,2,6,0,4,2,2,0,0,6,0,22,2,0,4,2,0,0,0,0,0,0,0,0,0,0,0,0,0,0,0,0,0,0,0,0,0,0,0,0,0,0,0,0,0,0,0,0,0,0,0,0,0,0,0,0,0,0,0,0,0,0,0
6,0,0,0,0,0,0,0,0,0,0,0,0,18,6,0,0,0,0,10,4,0,0,4,2,4,4,0,0,0,0,14,16,4,0,18,2,0,2,0,0,2,0,8,2,0,2,2,6,2,22,0,2,4,8,14,4,0,0,0,4,4,12,0,0,6,10,14,38,14,12,0,4,6,4,0,2,2,0,4,0,10,4,26,10,0,0,6,0,0,0,0,0,0,0,0,0,0,0,0,0,0,0,0,0,0,0,0,0,0,0,0,0,0,0,0,0,0,0,0,0,0,0,0,0,0,0,0,0,0,0,0,0,0,0
7,8,4,0,2,2,0,10,0,8,0,30,12,6,2,0,0,46,4,10,2,0,0,0,0,4,4,6,6,0,2,6,6,6,4,0,6,4,0,8,2,2,26,0,0,0,0,4,2,6,14,0,0,0,0,0,2,14,2,0,4,2,14,2,0,6,6,0,4,0,8,0,2,4,8,0,0,0,4,0,0,4,0,0,4,0,2,4,4,0,0,4,0,0,14,0,2,4,8,8,8,10,0,6,0,0,2,0,2,2,4,4,2,4,6,4,0,10,6,14,4,18,20,12,4,6,2,2,6,2,0,0,100,0,8
7,2,6,0,4,4,0,16,0,14,0,16,10,2,0,0,0,66,2,22,8,2,0,0,0,0,0,0,6,10,8,8,4,14,0,2,0,2,0,14,6,2,10,0,0,0,0,8,2,8,0,0,0,0,0,0,0,10,4,0,2,6,6,2,0,2,16,6,6,0,8,0,4,4,2,0,0,6,2,0,0,2,0,2,4,4,14,0,4,8,6,10,0,2,8,0,0,0,0,0,2,6,0,8,0,4,2,0,10,2,6,2,0,6,0,0,0,6,2,14,8,14,34,8,22,6,0,4,8,6,0,0,84,10,8
7,2,0,0,4,4,4,0,6,22,0,34,30,2,0,0,0,60,24,18,0,0,2,0,2,0,0,2,14,0,4,4,12,2,6,8,0,0,0,8,0,6,0,2,0,2,2,4,10,4,20,8,0,0,0,0,0,6,0,0,0,8,14,4,2,8,10,8,0,0,8,4,2,0,42,0,0,0,4,0,0,10,0,0,4,0,6,4,2,0,2,8,0,2,22,0,0,0,12,0,10,4,2,0,0,0,0,0,0,4,4,2,0,0,12,12,6,4,6,8,6,28,60,28,12,2,0,0,4,4,0,0,106,8,10
7,2,0,0,0,4,2,12,0,10,4,22,6,0,0,0,0,66,10,0,2,8,0,0,0,0,0,2,10,0,0,0,2,0,4,8,0,4,2,4,0,0,4,0,0,2,0,2,4,4,0,0,0,2,0,2,0,14,0,2,0,8,24,2,0,4,2,6,0,4,10,6,4,6,0,0,0,0,0,0,2,4,0,8,0,8,6,0,0,0,0,12,0,0,14,0,4,4,4,0,16,24,2,0,0,0,2,0,0,6,8,6,0,0,6,0,0,10,12,24,4,8,30,32,10,2,2,8,20,8,0,2,136,4,6
7,0,4,4,8,16,4,30,8,6,0,26,4,0,0,0,0,64,4,2,6,0,14,0,4,0,4,2,10,2,4,2,4,2,0,16,6,2,2,2,4,8,0,2,0,0,0,0,0,12,0,10,8,0,2,0,8,0,0,0,0,6,12,6,8,2,4,2,12,4,12,0,2,2,0,0,2,4,4,0,0,4,0,14,0,6,4,4,4,4,0,10,0,4,20,0,4,4,2,0,22,4,6,0,4,6,6,0,10,2,4,6,2,0,6,0,2,0,2,22,14,4,20,16,12,0,0,0,4,4,0,0,110,6,10
7,0,4,6,4,2,0,28,2,2,0,28,12,8,0,0,6,62,16,20,0,24,2,0,8,12,2,6,8,14,0,2,0,6,0,4,2,2,0,4,2,2,0,0,0,0,2,8,4,10,6,4,6,0,6,0,2,8,4,6,0,2,8,4,2,10,8,6,8,4,12,4,0,4,0,0,8,0,0,8,0,6,0,4,2,14,6,4,4,4,0,12,0,0,28,0,0,4,2,0,32,2,2,2,0,2,4,0,4,2,2,6,2,4,8,10,4,0,2,6,2,20,46,18,6,4,0,0,0,12,0,0,112,4,10
7,0,2,2,4,6,4,14,8,12,0,12,18,12,0,0,0,64,10,0,8,2,10,0,0,4,2,4,2,4,2,6,2,4,0,12,0,2,4,8,0,2,0,2,2,0,6,2,6,6,4,12,2,4,2,4,2,4,0,0,0,18,6,4,2,2,0,6,12,6,8,0,0,8,2,0,2,0,2,0,0,6,2,12,4,12,4,2,8,4,2,8,0,0,34,2,0,4,6,8,22,18,0,20,8,2,8,2,12,0,2,10,2,0,16,8,2,0,10,14,0,14,20,26,22,2,6,2,4,8,2,2,106,4,14
7,0,2,0,0,2,2,2,0,14,2,34,4,0,0,0,0,78,16,6,2,18,4,0,2,4,6,10,14,2,2,0,2,2,0,14,6,2,4,6,2,0,10,0,0,2,0,2,2,0,0,4,0,4,2,4,2,2,0,0,2,4,12,2,4,4,0,10,12,6,10,6,12,2,0,0,0,0,0,12,2,8,6,8,4,6,4,0,0,2,0,0,0,0,28,0,4,0,4,4,20,10,12,6,0,2,2,0,4,2,4,2,2,4,2,0,2,0,14,18,0,8,16,14,8,4,0,4,0,10,0,0,114,2,10
7,4,4,8,12,2,0,24,10,22,0,26,8,10,4,0,0,62,6,16,2,0,0,2,0,6,0,14,4,10,0,4,0,2,0,16,0,0,0,12,2,0,0,0,0,0,0,2,6,2,4,14,0,4,2,4,2,2,0,0,4,6,8,0,2,6,10,4,16,10,14,10,10,6,6,0,0,0,2,0,8,0,2,4,4,6,0,2,16,16,0,4,0,0,32,0,2,2,2,0,20,10,0,12,20,8,40,0,22,2,2,8,4,0,2,2,2,0,10,10,6,26,32,20,6,6,2,0,2,12,0,0,106,6,24
7,2,10,8,4,2,0,8,4,2,4,30,12,2,2,0,2,62,8,38,4,2,10,0,0,2,6,2,2,6,4,4,8,10,0,12,4,6,2,10,0,0,14,0,0,0,0,0,0,2,30,10,2,4,2,0,2,12,0,0,2,6,8,2,6,0,0,8,18,4,6,0,0,2,2,0,8,2,0,0,0,8,2,2,0,12,4,4,2,0,0,0,0,0,22,0,2,8,14,6,18,14,4,4,12,8,20,2,10,8,2,4,0,14,16,2,6,0,0,12,4,8,42,12,22,4,2,10,20,12,0,0,88,4,0
7,0,10,12,8,8,4,2,4,4,0,30,2,32,4,0,0,58,10,0,24,2,6,0,2,0,0,0,4,4,0,6,16,12,12,6,2,4,4,2,8,0,4,0,0,0,0,0,4,2,22,4,0,4,6,10,2,8,2,0,0,6,24,0,4,0,4,4,0,6,10,0,2,0,8,2,0,4,4,0,0,12,0,8,0,22,0,4,6,2,0,0,0,0,38,2,0,2,2,6,24,4,0,4,0,2,0,0,6,4,0,12,4,6,10,4,6,0,8,8,0,4,52,16,10,2,4,0,2,8,2,0,98,10,0
7,0,8,8,14,12,0,2,10,22,2,28,6,0,0,0,0,68,4,2,4,10,6,0,2,4,2,2,0,12,2,0,0,2,0,6,0,4,4,0,4,2,0,0,0,0,0,0,4,0,22,0,0,2,2,0,4,8,4,4,6,2,14,0,4,0,6,6,12,10,8,4,0,6,16,0,2,6,0,2,4,4,0,8,4,10,0,0,2,4,0,0,0,0,18,0,0,2,4,6,30,2,20,16,2,18,8,6,14,0,4,12,2,0,16,0,8,0,2,26,4,14,38,20,6,2,8,2,6,6,18,0,98,6,0
7,0,8,0,0,0,18,22,8,16,0,16,6,4,0,0,0,0,6,24,6,2,6,2,4,0,0,0,0,0,0,8,8,24,16,20,4,2,2,0,0,2,0,0,2,0,2,0,2,2,0,10,0,2,4,4,6,4,0,0,2,6,10,0,10,2,2,18,0,8,6,2,6,2,30,0,2,2,10,0,0,14,0,14,4,10,0,0,0,0,0,0,0,4,12,0,0,0,8,0,0,0,6,6,2,8,4,0,10,0,0,0,0,0,0,0,2,0,0,0,0,0,0,0,0,0,0,0,0,0,0,0,0,0,0
7,0,16,0,0,0,4,14,0,4,0,0,2,10,0,0,0,0,4,10,0,4,6,0,4,2,2,0,0,0,0,6,12,0,2,4,2,6,0,0,0,0,0,0,0,0,2,6,0,6,8,12,8,4,0,4,2,6,0,0,0,4,16,0,10,0,2,6,14,10,14,2,12,6,0,0,2,6,2,0,4,10,2,26,12,16,0,4,0,0,0,0,0,2,22,0,0,0,10,0,0,0,2,6,0,0,0,0,4,0,0,0,10,0,0,0,0,0,0,0,0,0,0,0,0,0,0,0,0,0,0,0,0,0,0
7,0,4,0,0,0,0,0,0,12,0,0,4,6,2,0,0,0,12,0,24,0,4,4,2,6,16,0,0,0,0,2,4,0,0,4,12,2,0,0,0,0,0,0,2,0,0,4,0,4,6,16,2,6,8,6,6,6,2,0,0,2,18,0,14,2,4,4,58,4,18,6,4,2,2,0,0,4,0,4,6,8,2,10,4,2,8,2,0,0,0,0,0,0,16,0,0,0,8,0,0,0,4,2,0,8,6,4,2,0,0,0,2,0,0,0,0,0,0,0,0,0,0,0,0,0,0,0,0,0,0,0,0,0,0
7,0,16,0,0,0,0,0,0,18,0,0,0,6,0,0,0,0,2,20,0,4,10,0,2,6,0,0,0,0,0,0,8,0,0,6,2,4,8,0,0,0,0,0,0,4,4,6,2,2,28,2,0,2,0,0,0,6,0,6,2,4,12,0,8,4,10,24,8,8,12,4,2,12,38,0,0,4,0,2,4,2,0,2,6,24,4,0,0,0,0,0,0,2,10,0,0,0,6,0,0,0,4,2,0,0,2,0,4,0,0,0,4,2,0,0,0,0,0,0,0,0,0,0,0,0,0,0,0,0,0,0,0,0,0
7,0,6,0,0,0,0,0,0,0,0,0,0,2,0,0,0,0,12,20,14,8,6,2,0,0,0,0,0,0,6,4,16,0,4,20,2,2,0,0,0,0,0,0,0,0,0,0,2,2,14,10,0,10,4,12,4,0,0,2,0,6,8,0,6,6,8,14,8,6,14,0,12,6,4,2,0,0,0,0,0,12,0,14,6,0,8,2,0,0,0,0,0,0,0,0,0,0,0,0,0,0,0,0,0,0,0,0,0,0,0,0,0,0,0,0,0,0,0,0,0,0,0,0,0,0,0,0,0,0,0,0,0,0,0
7,0,0,0,0,0,0,0,0,0,0,0,4,0,0,0,0,0,12,8,12,8,4,4,2,0,2,0,0,0,4,6,14,2,0,6,8,2,0,0,0,6,0,0,0,0,0,24,18,22,6,26,0,4,0,10,4,0,0,0,0,0,4,0,0,10,8,6,2,6,16,0,8,0,10,0,2,2,6,6,0,8,0,10,6,0,2,2,0,0,0,0,0,0,0,0,0,0,0,0,0,0,0,0,0,0,0,0,0,0,0,0,0,0,0,0,0,0,0,0,0,0,0,0,0,0,0,0,0,0,0,0,0,0,0
7,0,8,0,0,0,0,0,0,0,0,0,4,6,0,0,0,0,8,10,6,18,14,0,0,0,0,0,0,0,0,0,4,2,2,8,8,0,4,0,0,0,0,0,0,0,2,0,0,0,14,8,0,4,6,10,4,0,0,0,0,8,28,0,0,8,10,6,4,4,16,4,4,2,8,0,2,2,6,0,6,4,0,0,6,0,0,6,0,0,0,0,0,0,0,0,0,0,0,0,0,0,0,0,0,0,0,0,0,0,0,0,0,0,0,0,0,0,0,0,0,0,0,0,0,0,0,0,0,0,0,0,0,0,0
7,0,0,0,0,0,0,0,0,0,0,0,0,4,2,0,0,0,0,14,8,6,0,0,0,0,4,0,0,0,2,4,8,2,0,6,8,0,2,0,0,0,0,0,0,0,0,2,4,6,14,8,0,2,6,12,4,0,0,2,0,6,12,0,0,2,0,8,10,14,10,0,4,4,10,0,8,2,2,4,2,2,0,20,6,0,0,0,0,0,0,0,0,0,0,0,0,0,0,0,0,0,0,0,0,0,0,0,0,0,0,0,0,0,0,0,0,0,0,0,0,0,0,0,0,0,0,0,0,0,0,0,0,0,0
8,0,0,0,0,0,4,6,0,8,2,20,10,2,0,0,0,76,6,16,0,10,0,0,0,0,4,4,0,0,2,2,0,2,2,0,12,4,2,14,4,14,0,2,0,2,0,10,14,4,0,2,2,4,0,0,4,0,0,0,2,2,12,6,0,2,10,4,0,2,8,8,4,2,12,0,2,0,0,0,4,2,0,0,4,0,10,0,6,4,0,0,0,2,16,0,6,0,0,0,2,30,4,4,0,0,0,0,2,4,4,4,6,4,6,0,0,10,6,8,4,2,10,0,6,0,2,2,2,6,0,2,120,4,0
8,0,4,0,0,0,0,6,4,2,0,34,12,0,0,2,0,52,4,16,14,0,2,0,2,0,0,14,6,0,2,6,2,2,0,10,0,2,0,38,4,2,4,0,0,0,0,0,2,8,0,2,10,2,0,0,2,14,0,2,0,2,16,0,2,0,2,4,2,4,6,0,10,6,0,0,0,2,0,0,0,8,0,2,2,4,10,0,2,2,0,4,0,2,28,8,2,8,0,0,12,6,20,4,4,0,0,0,4,2,2,4,2,0,2,0,2,4,8,8,10,2,6,10,16,0,4,2,0,2,0,4,120,4,0
8,0,4,0,0,0,0,8,0,6,2,28,8,2,0,0,0,62,4,22,18,6,8,0,0,2,2,6,8,0,0,0,2,0,4,8,2,4,0,20,12,4,2,8,6,16,6,10,8,22,18,0,10,6,10,0,2,4,2,2,2,14,4,6,2,2,2,2,4,0,6,0,8,2,2,0,2,0,0,0,0,6,2,0,2,0,6,0,6,0,0,8,0,0,22,2,4,6,0,0,12,34,4,12,0,10,18,0,18,2,4,0,12,8,10,0,8,2,2,12,6,2,14,26,14,6,14,4,6,2,4,0,102,8,4
8,0,0,0,0,0,4,26,0,24,0,36,10,10,2,2,0,74,4,14,0,2,2,0,0,10,0,8,8,4,0,8,8,0,0,8,0,8,0,4,12,0,2,0,0,6,2,0,4,0,10,2,0,0,0,2,2,28,0,0,4,6,8,0,2,0,4,8,6,2,8,0,2,4,10,0,2,0,2,0,0,4,2,0,0,4,18,2,2,0,2,6,0,0,14,0,2,0,0,0,16,20,16,2,4,4,14,0,14,2,2,4,6,2,2,0,2,2,12,14,2,2,6,22,6,6,2,0,4,2,2,2,104,8,4
8,0,0,0,0,0,0,12,6,22,0,30,10,2,0,0,2,46,6,6,0,2,18,0,0,0,0,6,8,12,6,4,6,0,12,18,2,16,0,4,8,2,0,0,0,0,4,6,8,18,0,0,0,6,4,0,0,14,0,4,6,16,14,6,4,2,12,4,6,2,10,2,2,4,0,0,0,2,0,0,2,12,6,4,0,14,2,0,4,10,2,0,0,2,14,2,2,0,0,0,26,22,4,18,14,34,22,6,12,2,4,2,4,2,2,10,2,0,10,16,8,0,6,28,6,6,0,2,2,2,4,4,102,10,8
8,0,4,0,2,0,2,8,0,12,0,28,14,10,0,8,0,62,4,12,2,6,2,0,0,2,0,2,12,16,0,6,12,2,2,12,6,6,0,12,6,0,4,16,2,2,4,4,12,8,2,0,4,4,0,0,4,12,0,0,6,10,12,0,8,10,6,0,16,2,8,12,14,6,8,0,0,2,6,0,0,4,2,6,2,4,14,6,2,0,0,4,2,2,36,0,4,4,2,6,30,24,0,2,0,6,20,0,6,4,0,4,2,8,2,4,8,0,2,8,0,8,8,2,8,2,0,0,0,10,2,10,102,4,14
8,2,0,0,0,0,0,22,2,28,0,28,6,6,0,0,0,74,6,6,2,2,6,0,2,6,4,6,14,8,0,4,8,12,4,14,0,2,2,12,14,0,0,14,12,4,0,8,12,8,14,0,2,2,8,10,8,28,0,2,2,8,10,6,2,10,16,12,0,4,6,8,8,4,6,0,0,2,2,0,2,4,4,2,0,2,8,0,2,10,6,4,0,0,20,0,0,4,0,0,18,2,4,2,0,4,2,0,0,0,4,2,2,14,12,8,0,0,2,10,0,6,16,32,12,2,2,2,8,2,0,0,134,10,6
8,0,0,0,0,0,4,26,2,12,16,34,4,4,0,0,4,86,2,8,4,6,8,0,4,4,4,2,10,4,6,12,2,4,4,26,2,2,6,10,12,4,0,2,4,14,4,2,6,6,4,0,0,8,12,4,0,8,0,0,6,4,8,0,6,6,24,2,0,6,12,6,8,10,6,0,2,8,8,4,0,6,6,0,0,16,4,0,0,0,0,10,0,2,32,0,0,0,0,2,28,22,16,4,2,6,2,0,10,6,0,20,12,4,4,4,2,0,4,14,4,0,12,24,6,6,6,0,2,6,0,2,108,6,0
8,4,2,0,0,0,0,32,2,18,2,32,0,10,0,0,4,68,10,30,12,2,2,4,0,10,8,4,8,8,4,2,14,2,2,8,2,2,0,8,8,0,0,4,0,6,2,4,2,6,18,2,6,4,8,4,4,10,12,6,6,4,14,6,2,30,10,8,0,4,10,4,2,2,0,0,2,0,4,0,4,4,2,2,4,20,6,0,2,10,4,8,0,2,24,2,2,4,2,2,10,6,26,4,0,2,2,0,10,12,2,8,10,4,0,0,0,0,12,36,0,0,8,10,8,4,2,0,6,2,0,0,94,0,0
8,0,0,0,4,0,2,76,2,2,16,38,0,16,0,0,0,50,14,8,0,0,12,0,0,0,2,4,6,4,6,18,10,22,2,6,0,0,2,8,12,2,0,0,2,6,2,4,4,8,6,6,0,4,4,6,10,6,0,4,2,0,4,4,8,2,6,4,0,14,16,20,2,10,0,0,4,2,4,8,6,6,2,6,4,4,0,2,2,8,0,8,2,0,26,0,6,0,4,2,40,14,4,4,6,14,20,2,2,0,4,4,4,2,0,2,4,0,4,14,0,6,24,6,24,8,2,0,2,4,0,4,146,6,0
8,0,6,0,0,0,2,10,8,18,4,30,4,4,0,0,10,70,4,6,2,8,14,0,0,0,0,0,2,0,0,4,4,8,4,14,8,0,0,6,14,2,0,0,4,0,2,0,4,2,10,2,0,8,4,2,6,8,0,2,4,2,6,2,4,0,20,10,0,8,4,0,2,2,2,0,0,0,0,2,2,4,2,2,0,12,14,4,4,0,0,0,2,0,28,0,2,4,16,0,12,10,0,4,4,12,2,0,2,0,0,12,0,10,0,2,0,0,12,24,2,14,16,8,12,12,0,2,0,14,8,4,100,8,0
8,0,0,0,0,0,0,12,6,18,0,38,2,20,2,0,0,66,10,34,0,2,4,0,4,4,0,2,8,8,4,6,2,16,4,12,0,2,4,4,8,0,2,2,0,6,6,0,2,10,0,4,0,2,0,8,0,4,2,6,2,2,10,0,2,0,12,4,4,10,12,6,6,4,22,0,4,0,0,4,0,4,2,0,2,12,8,10,8,4,0,0,0,0,18,0,0,6,2,0,46,6,2,10,8,10,10,0,6,2,0,6,0,2,28,4,0,0,2,24,2,0,14,18,10,2,2,16,2,8,0,2,78,6,0
8,2,0,0,0,0,6,36,0,30,0,0,0,4,2,0,0,0,4,6,0,0,6,0,0,0,2,0,0,0,0,4,6,2,2,10,0,2,2,0,8,0,0,0,0,4,0,0,2,0,0,0,2,4,10,4,4,0,0,4,0,2,4,0,8,2,4,6,32,10,12,6,4,2,2,4,2,2,0,0,2,10,6,4,2,18,4,0,0,0,0,0,0,4,22,0,0,0,6,0,0,0,2,10,0,4,0,0,4,0,0,0,10,4,6,0,8,0,0,0,0,0,0,0,0,0,0,0,0,0,0,0,0,0,0
8,4,0,0,0,0,0,0,0,10,0,0,0,4,4,0,0,0,8,4,6,12,12,0,4,0,0,0,0,0,2,4,8,18,2,28,4,4,2,0,0,2,0,0,12,0,2,2,6,0,26,0,0,8,12,0,0,4,0,4,0,2,14,0,6,0,2,8,2,8,8,4,0,8,6,0,0,4,0,4,0,8,2,4,6,22,0,0,0,0,0,0,0,0,16,0,0,0,4,0,0,0,6,12,2,4,16,0,6,0,0,0,6,4,12,0,10,0,0,0,0,0,0,0,0,0,0,0,0,0,0,0,0,0,0
8,2,2,0,0,0,0,0,0,18,0,0,2,26,2,0,0,0,4,6,2,4,14,0,4,2,10,0,0,0,0,4,16,0,2,8,4,0,8,0,0,2,0,0,12,2,2,2,2,2,0,2,2,8,8,8,0,18,0,0,4,4,10,0,6,0,4,0,10,10,8,6,8,4,8,2,0,6,8,0,0,16,0,20,6,6,8,0,0,0,0,0,0,0,12,0,0,0,2,0,0,0,2,4,2,2,6,0,6,0,0,0,4,0,0,0,8,0,0,0,0,0,0,0,0,0,0,0,0,0,0,0,0,0,0
8,0,2,0,0,0,0,0,0,26,0,0,0,0,2,0,0,0,6,8,0,6,10,0,0,0,0,0,0,0,0,8,16,30,6,4,2,2,0,0,0,0,0,0,0,0,0,2,14,6,0,2,0,2,4,6,2,8,0,4,4,8,12,0,0,4,24,8,8,12,12,2,8,2,2,0,0,6,4,0,0,14,2,10,2,10,2,2,0,0,0,0,0,0,8,0,0,0,2,0,0,0,8,6,0,10,12,0,2,0,0,0,6,10,0,0,6,0,0,0,0,0,0,0,0,0,0,0,0,0,0,0,0,0,0
8,0,2,0,0,0,0,0,0,0,0,0,2,2,2,0,0,0,14,12,2,4,6,0,0,0,2,0,0,0,4,6,8,2,0,6,4,10,4,0,0,2,0,26,12,12,12,20,8,12,4,0,0,2,2,18,8,0,2,2,0,2,30,0,0,8,20,4,18,20,18,4,2,2,4,0,0,0,2,0,0,8,0,10,2,0,10,2,0,0,0,0,0,0,0,0,0,0,0,0,0,0,0,0,0,0,0,0,0,0,0,0,0,0,0,0,0,0,0,0,0,0,0,0,0,0,0,0,0,0,0,0,0,0,0
8,0,2,0,0,0,0,0,0,0,0,0,8,6,10,0,0,0,0,18,0,12,6,0,0,0,0,0,0,0,2,2,8,0,0,6,0,0,4,0,2,0,0,2,4,0,2,4,2,4,24,2,2,0,6,0,0,0,0,0,2,6,16,0,0,12,14,0,6,12,10,4,6,4,0,0,4,4,4,0,0,0,6,0,10,0,6,2,0,0,0,0,0,0,0,0,0,0,0,0,0,0,0,0,0,0,0,0,0,0,0,0,0,0,0,0,0,0,0,0,0,0,0,0,0,0,0,0,0,0,0,0,0,0,0
8,0,0,0,0,0,0,0,0,0,0,0,4,4,2,0,0,0,8,24,4,0,8,4,2,0,0,0,0,0,0,12,4,12,2,6,4,0,0,0,0,0,0,0,2,2,0,0,4,4,6,0,0,2,6,18,8,0,4,2,2,2,6,0,0,10,32,28,6,12,12,8,16,4,2,0,4,12,2,0,6,12,4,12,2,0,2,0,0,0,0,0,0,0,0,0,0,0,0,0,0,0,0,0,0,0,0,0,0,0,0,0,0,0,0,0,0,0,0,0,0,0,0,0,0,0,0,0,0,0,0,0,0,0,0
8,2,0,0,0,0,0,0,0,0,0,0,0,2,2,0,0,0,8,36,2,8,0,0,0,0,6,0,0,0,0,4,2,4,0,6,2,0,2,0,0,4,0,10,0,14,6,0,2,12,26,0,0,0,2,8,4,0,0,0,2,4,8,0,0,2,8,8,8,14,16,4,0,2,2,0,2,2,0,0,0,6,0,10,2,0,0,0,0,0,0,0,0,0,0,0,0,0,0,0,0,0,0,0,0,0,0,0,0,0,0,0,0,0,0,0,0,0,0,0,0,0,0,0,0,0,0,0,0,0,0,0,0,0,0
9,0,0,2,0,0,10,2,0,4,0,16,10,0,0,0,10,58,6,16,22,4,4,0,2,0,4,0,4,0,4,0,2,0,2,0,14,8,0,16,2,14,2,0,2,0,2,6,2,12,0,0,0,0,0,0,0,4,2,0,8,6,4,0,0,6,10,6,6,0,10,0,8,2,16,0,0,0,0,0,0,8,4,4,2,4,8,2,2,10,0,8,2,2,28,2,2,8,0,0,18,20,10,12,0,4,0,0,8,8,10,0,2,10,8,6,2,0,6,6,2,8,8,6,0,4,0,2,6,2,0,0,96,8,10
9,0,0,0,0,0,2,2,6,18,0,22,4,0,2,0,0,64,14,14,0,8,2,0,0,2,4,2,0,0,4,2,8,0,0,6,10,6,0,10,0,6,0,0,0,0,2,6,4,4,18,2,0,0,0,0,0,34,0,0,2,10,16,4,6,14,14,6,16,2,6,2,6,4,2,0,0,0,0,0,0,20,0,2,0,0,4,4,4,14,0,12,2,0,14,0,2,0,2,2,24,20,10,8,0,10,24,2,8,12,4,0,8,0,10,0,0,14,6,10,2,8,14,10,2,0,0,4,2,2,0,0,110,6,4
9,0,0,0,0,0,4,26,0,2,0,8,14,8,0,0,0,84,4,0,2,4,8,0,2,2,2,4,0,2,2,6,4,0,12,18,2,8,0,14,4,2,0,0,2,0,0,2,8,6,16,2,0,0,0,0,0,10,2,0,4,8,18,0,0,14,18,12,0,2,8,0,12,6,0,0,0,0,0,2,0,6,2,0,2,0,10,0,8,2,0,12,2,0,16,2,2,6,0,2,16,32,18,8,0,2,6,0,16,14,20,4,0,0,10,4,0,2,2,16,2,2,12,18,2,6,0,0,4,6,0,4,108,2,12
9,2,0,0,0,0,0,4,6,4,0,16,2,0,0,0,0,48,8,24,2,4,8,2,0,2,0,2,4,4,2,6,8,0,2,10,8,2,2,6,6,2,28,0,0,0,2,4,2,2,0,0,0,2,2,2,0,22,0,0,8,18,10,4,2,18,24,6,6,8,12,0,6,0,2,0,2,0,0,6,0,4,0,0,2,2,4,2,0,4,2,10,2,4,18,0,0,8,2,0,8,6,4,10,0,0,26,0,10,6,6,0,0,6,14,2,0,2,16,6,2,0,10,8,6,4,2,0,2,4,2,6,80,8,8
9,2,8,0,0,0,0,0,0,10,0,22,6,10,0,0,0,80,14,4,0,4,0,4,4,4,2,0,2,8,2,0,20,2,4,18,0,8,0,12,0,8,32,2,4,0,4,0,2,0,60,4,0,0,0,0,0,4,0,2,6,12,16,2,0,6,12,2,4,6,10,2,16,6,0,0,0,0,0,6,0,10,2,2,6,2,8,4,4,2,0,6,2,0,16,0,6,4,0,0,26,10,8,6,0,0,4,0,8,10,20,2,2,0,8,22,0,2,12,14,4,0,8,10,8,4,0,10,4,6,14,22,104,6,2
9,0,0,0,2,0,0,18,0,6,2,18,12,2,0,0,0,64,10,24,0,0,4,0,2,2,6,0,2,0,4,8,8,4,0,16,0,4,2,10,4,4,2,0,12,0,4,6,18,16,0,2,0,0,0,2,0,0,0,0,6,16,16,8,4,6,6,8,14,2,14,4,4,6,2,0,0,0,0,0,0,4,0,4,0,4,6,2,2,6,2,8,2,0,40,0,4,18,2,0,26,6,12,16,4,6,16,2,20,6,4,6,0,0,10,0,0,0,12,16,8,2,10,16,4,4,2,0,2,2,4,4,88,12,12
9,0,2,0,0,0,14,6,2,12,0,30,8,2,0,0,8,70,0,10,0,0,2,0,0,0,2,0,6,2,0,10,2,4,0,12,4,0,6,12,0,2,0,0,6,0,0,0,2,0,20,4,0,0,2,2,0,4,0,0,2,12,14,4,4,10,8,4,20,6,8,0,6,6,6,0,2,10,8,0,0,8,0,0,0,18,0,8,4,4,0,2,0,0,24,0,4,6,0,0,6,4,2,6,0,0,2,0,2,2,6,0,6,14,22,0,4,0,6,14,6,4,14,18,10,6,6,2,0,0,0,2,106,6,8
9,0,2,0,0,0,0,2,0,12,0,16,8,2,2,0,0,68,2,10,20,4,8,2,0,2,0,2,0,8,4,6,12,2,0,24,0,10,0,24,4,2,2,0,0,0,0,2,8,2,10,0,2,10,2,2,10,16,0,2,2,8,16,4,4,6,10,0,18,6,4,6,8,4,0,0,0,2,0,4,0,8,0,4,2,2,8,4,0,0,2,12,2,0,12,2,2,10,2,4,18,2,18,20,12,4,14,6,10,4,0,14,2,2,4,2,0,0,10,12,2,0,8,12,4,8,0,2,6,16,10,4,90,2,10
9,0,0,0,4,0,8,12,0,10,0,8,2,8,0,0,0,70,6,12,4,2,4,2,0,2,4,0,0,0,4,10,6,6,14,12,0,0,2,14,0,2,6,0,0,0,6,6,6,4,0,0,2,4,2,6,0,14,0,0,2,2,24,2,2,14,18,4,0,14,8,10,2,8,8,0,4,0,0,2,0,6,0,2,0,4,6,0,0,2,0,0,0,0,30,2,4,16,6,2,38,10,6,2,0,0,0,0,16,6,2,0,2,4,14,6,0,0,8,12,0,0,10,14,14,12,2,0,4,14,2,0,96,10,0
9,0,2,0,0,0,2,22,0,8,4,14,0,8,0,0,2,76,18,6,0,4,4,0,0,2,2,0,4,6,0,4,10,0,10,6,10,2,0,18,4,0,12,0,4,0,2,6,4,6,6,0,0,0,0,0,0,8,4,4,2,4,16,0,0,8,18,8,14,4,10,26,26,4,8,0,0,4,0,2,4,8,4,4,2,8,6,4,2,8,0,2,4,0,12,2,2,10,4,0,20,6,38,6,0,4,18,0,16,4,2,2,6,10,4,0,2,0,10,18,0,0,12,14,12,2,6,4,2,6,12,0,102,4,0
9,0,0,0,2,0,4,28,4,10,0,20,2,6,0,0,4,50,2,6,0,8,6,0,0,0,0,0,8,4,4,0,2,2,6,26,2,4,0,8,10,4,4,0,0,0,0,10,8,14,2,2,0,0,2,0,0,6,0,0,6,4,28,2,2,10,36,6,18,4,6,6,2,6,26,0,6,6,0,0,2,10,0,18,4,6,0,2,2,6,2,0,2,0,8,2,0,38,2,0,14,0,14,18,0,8,12,0,12,4,2,16,12,2,2,12,0,0,8,18,8,4,12,18,4,6,0,0,2,6,8,2,88,2,0
9,2,0,0,2,2,8,18,6,14,6,34,2,0,0,0,8,108,10,10,2,4,2,2,2,6,4,4,12,0,6,6,6,0,0,12,2,4,0,8,6,2,0,0,0,0,0,10,0,8,16,2,0,2,0,2,0,8,4,0,4,12,16,2,2,2,0,4,2,6,10,0,8,4,0,0,0,2,0,0,0,18,2,8,0,0,0,2,2,6,0,2,0,0,18,0,0,4,0,0,24,8,32,14,0,6,6,0,14,10,4,8,6,16,12,0,0,0,2,12,4,4,10,8,4,8,2,4,2,16,8,4,78,8,0
9,0,0,0,0,0,2,12,2,20,0,0,4,6,0,0,0,0,2,10,14,2,6,0,4,2,4,0,0,0,8,0,2,0,4,6,10,0,0,0,0,0,0,0,0,0,0,4,10,10,12,2,0,2,10,0,6,4,0,0,6,2,24,0,12,2,6,10,14,8,6,10,4,6,0,0,0,2,2,2,4,4,0,6,6,0,2,4,0,0,0,0,0,2,18,0,0,0,2,0,0,0,2,12,20,18,12,2,20,0,0,0,10,0,0,0,2,0,0,0,0,0,0,0,0,0,0,0,0,0,0,0,0,0,0
9,4,0,0,0,0,0,0,0,14,0,0,0,2,0,0,0,0,20,0,10,8,4,4,4,0,0,0,0,0,18,6,10,0,0,16,6,0,6,0,2,0,0,0,2,0,2,4,14,4,26,0,2,0,0,0,4,6,2,0,0,4,20,0,4,4,4,4,0,6,4,0,10,0,52,2,26,0,0,0,2,10,0,6,4,4,6,2,0,0,0,0,0,4,18,0,0,0,2,0,0,0,22,6,2,12,10,0,12,0,0,0,0,2,0,0,0,0,0,0,0,0,0,0,0,0,0,0,0,0,0,0,0,0,0
9,0,2,0,0,0,0,0,0,10,0,0,2,2,0,0,0,0,14,8,0,0,2,0,0,0,0,0,0,0,10,2,4,0,14,8,4,2,0,0,0,0,0,0,0,0,0,10,12,12,0,0,8,4,2,4,0,10,4,0,4,0,8,0,6,4,8,22,6,12,16,10,0,0,8,0,0,0,2,4,0,6,8,0,4,0,0,4,0,0,0,0,0,4,12,0,0,0,6,0,0,0,38,6,2,2,8,0,10,0,0,0,2,0,0,0,2,0,0,0,0,0,0,0,0,0,0,0,0,0,0,0,0,0,0
9,0,0,0,0,0,0,0,0,14,0,0,0,6,0,0,0,0,14,30,10,4,6,2,0,0,4,0,0,0,6,4,4,0,2,6,10,6,2,0,0,0,0,0,0,0,0,0,0,0,4,0,0,2,8,6,0,4,4,0,2,4,6,0,8,18,4,12,10,16,16,2,2,6,2,0,0,0,0,0,2,18,0,0,0,0,2,8,0,0,0,0,0,4,10,0,0,0,10,0,0,0,8,6,0,2,4,0,12,0,0,0,4,2,0,0,4,0,0,0,0,0,0,0,0,0,0,0,0,0,0,0,0,0,0
9,0,0,0,0,0,0,0,0,0,0,0,0,6,4,0,0,0,8,14,2,10,6,0,0,6,4,0,0,0,16,2,16,6,0,4,0,0,2,0,0,4,0,0,0,0,0,0,0,10,20,4,0,0,4,2,2,0,2,0,2,0,26,0,0,4,4,10,0,4,8,8,6,6,8,0,0,2,0,2,0,4,4,6,4,0,6,2,0,0,0,0,0,0,0,0,0,0,0,0,0,0,0,0,0,0,0,0,0,0,0,0,0,0,0,0,0,0,0,0,0,0,0,0,0,0,0,0,0,0,0,0,0,0,0
9,0,0,0,0,0,0,0,0,0,0,0,0,8,0,0,0,0,2,22,0,2,0,2,12,0,0,0,0,0,0,6,8,0,16,4,2,0,2,0,0,4,0,6,0,0,0,10,14,12,26,0,0,2,2,8,4,0,2,0,4,6,16,0,0,14,6,10,0,10,16,4,6,4,10,0,4,2,2,2,0,6,0,8,2,0,4,2,0,0,0,0,0,0,0,0,0,0,0,0,0,0,0,0,0,0,0,0,0,0,0,0,0,0,0,0,0,0,0,0,0,0,0,0,0,0,0,0,0,0,0,0,0,0,0
9,0,0,0,0,0,0,0,0,0,0,0,8,24,0,0,0,0,8,8,0,6,10,0,2,0,0,0,0,0,2,8,16,6,0,4,16,0,6,0,0,6,0,0,0,0,2,2,2,6,4,4,0,6,8,16,6,0,2,0,2,6,18,0,0,0,8,4,30,16,6,8,2,4,0,0,0,4,0,2,0,6,4,0,4,0,2,0,0,0,0,0,0,0,0,0,0,0,0,0,0,0,0,0,0,0,0,0,0,0,0,0,0,0,0,0,0,0,0,0,0,0,0,0,0,0,0,0,0,0,0,0,0,0,0
9,0,4,0,0,0,0,0,0,0,0,0,0,2,0,0,0,0,6,6,2,2,0,0,2,0,0,0,0,0,4,8,0,4,6,8,0,0,2,0,0,0,0,2,2,0,2,10,6,8,8,0,0,2,4,0,2,0,0,2,2,4,10,0,0,0,12,8,6,6,12,0,4,6,32,0,0,0,0,0,0,6,4,20,2,0,2,4,0,0,0,0,0,0,0,0,0,0,0,0,0,0,0,0,0,0,0,0,0,0,0,0,0,0,0,0,0,0,0,0,0,0,0,0,0,0,0,0,0,0,0,0,0,0,0
