1,4,6,6,0,0,0,0,0,0,0,0,0,0,2,2,0,2,8,0,0,0,0,0,0,0,0,0,0,0,8,0,0,0,0,0,0,8,0,0,0,4,2,0,0,0,0,0,0,0,10,2,0,0,6,2,0,8,2,0,0,0,2,0,0,0,0,32,0,0,0,8,0,0,4,2,0,0,0,2,0,0,0,2,2,0,0,0,2,24,0,2,2,4,0,0,0,0,0,0,0,0,0,0,0,0,0,0,4,6,0,0,2,0,2,8,14,0,8,8,0,0,0,0,0,0,4,0,30,14,8,0,2,0,0,0,0,2,0,0,16,4,12,2,0,0,0,0,0,12,2,18,2,42,4,2,0,2,0,0,4,0,16,0,2,10,16,0,2,18,0,2,0,0,0,6,2,0,2,0,0,2,0,2,0,0,0,4,0,0,0,0,2,0,0,0,0,0,0,0,0,0,8,0,0,0,0,0,30
1,0,10,10,8,4,0,0,2,0,0,6,4,0,0,0,0,0,12,0,0,0,2,0,0,0,0,0,2,0,0,0,0,0,0,0,0,0,0,0,4,0,4,0,16,0,0,0,6,0,6,4,0,0,2,0,2,4,6,2,0,0,0,0,0,0,0,4,0,0,0,12,0,0,6,0,0,0,2,0,4,0,0,0,4,0,0,0,0,22,2,4,0,8,4,0,0,0,0,0,0,0,0,0,0,4,0,0,0,0,0,0,4,0,8,6,14,2,6,12,0,0,0,2,0,2,4,0,2,2,8,0,0,0,2,0,0,0,6,0,14,0,12,2,0,0,0,0,0,44,2,14,0,40,4,2,0,4,2,0,0,4,18,0,0,12,6,0,2,22,0,4,0,0,0,8,0,0,0,0,4,0,0,0,2,0,2,0,0,0,0,2,4,0,0,0,0,0,6,2,0,0,6,2,0,0,0,0,16
1,0,12,12,0,0,4,6,0,2,0,4,2,0,2,2,0,2,8,0,0,0,0,0,0,0,0,0,0,0,2,0,0,0,0,0,0,2,0,0,4,2,8,2,4,0,2,0,0,0,0,0,0,2,4,0,6,12,2,0,0,0,0,0,0,0,0,0,2,4,0,2,2,0,2,0,0,4,2,0,4,2,0,2,6,0,0,0,0,24,0,22,0,2,0,0,0,4,0,2,2,2,0,0,0,4,2,2,2,2,0,0,12,2,6,0,22,2,10,8,0,0,2,0,0,0,0,0,10,12,10,2,4,0,0,0,0,0,8,0,10,16,8,2,0,0,0,0,0,32,0,16,0,38,2,0,0,0,0,0,0,4,14,0,0,4,4,0,0,24,0,8,0,0,0,14,0,0,0,2,4,0,0,0,0,0,0,0,0,0,0,2,2,0,14,0,4,0,0,2,0,0,0,6,2,0,0,0,14
1,0,10,10,2,4,0,2,0,0,0,2,0,0,0,0,0,0,4,0,0,2,0,4,0,0,0,2,0,0,0,0,0,0,0,0,0,4,2,0,0,4,2,2,10,0,0,0,0,4,6,2,0,0,4,0,6,10,12,0,0,0,4,14,0,0,0,0,0,6,0,10,0,0,0,0,2,2,0,0,0,0,0,0,4,0,0,0,0,10,0,0,0,0,0,2,0,0,0,0,0,8,4,0,0,14,0,0,2,4,0,0,12,0,8,6,18,0,12,16,2,0,4,0,0,0,6,0,12,8,6,0,0,0,0,0,0,0,0,0,8,0,8,2,2,0,0,0,0,46,2,28,2,22,8,4,0,0,4,4,0,2,4,2,2,4,2,0,4,28,2,2,0,0,0,26,6,0,0,4,4,0,0,12,0,2,0,8,0,2,2,2,16,0,2,0,0,2,0,4,2,0,2,6,0,8,0,0,4
1,0,0,0,0,0,12,4,0,0,0,2,0,6,0,0,0,0,0,0,0,0,4,2,0,0,0,2,0,0,0,0,0,0,0,2,0,0,0,0,2,0,0,6,0,0,0,2,2,4,0,4,4,0,0,0,0,0,8,0,0,0,0,4,2,0,0,10,0,6,0,4,0,0,0,8,0,4,0,0,0,0,0,4,4,0,0,0,0,4,6,10,0,4,0,0,0,0,0,4,0,0,0,0,0,6,2,2,2,2,0,0,8,0,18,6,28,2,28,12,2,0,8,0,0,0,4,0,6,4,6,0,0,0,0,0,2,2,0,6,20,6,14,4,0,0,0,0,0,48,8,16,4,16,0,2,0,12,0,0,0,0,8,0,0,2,0,0,10,26,6,14,0,0,0,12,4,2,0,0,8,0,0,8,4,2,0,12,0,4,8,0,18,0,0,0,0,0,0,4,0,0,6,8,0,0,0,0,12
1,0,10,10,0,0,0,4,0,0,0,0,4,0,2,0,0,0,0,0,2,0,0,0,0,0,0,2,2,0,0,0,0,0,0,2,0,4,0,0,2,4,2,2,0,0,2,2,2,0,0,2,0,0,12,0,4,0,8,0,0,0,2,0,0,0,0,12,0,4,0,0,0,0,10,0,0,0,2,4,4,2,0,0,0,0,0,0,4,10,0,12,0,4,2,0,0,0,0,0,0,0,0,0,2,6,0,0,0,2,0,0,12,6,6,4,18,2,14,14,0,0,2,0,2,2,4,0,28,20,2,0,4,0,0,0,2,2,4,0,8,12,6,2,0,2,0,0,0,38,4,26,0,34,6,0,2,2,2,2,0,0,4,0,0,6,2,4,22,20,0,8,0,0,0,14,8,0,0,2,2,0,0,0,0,0,0,0,0,4,4,8,8,0,0,0,0,0,0,12,8,6,0,2,0,0,0,0,6
1,2,14,14,2,0,4,0,0,0,0,0,8,0,0,0,0,0,0,0,0,0,0,4,0,0,0,12,0,0,0,0,0,0,0,0,0,0,2,2,2,0,0,4,0,0,2,0,0,20,0,0,2,0,10,0,10,6,4,0,0,0,0,0,0,0,0,4,0,2,0,2,0,0,2,0,0,0,0,0,0,0,0,0,0,0,0,0,0,14,0,2,2,2,0,2,0,0,0,2,0,6,0,0,0,10,2,2,2,2,0,2,0,0,2,8,4,0,22,20,0,0,2,0,0,2,12,0,6,2,2,0,0,0,0,0,0,0,0,0,8,12,2,2,2,0,0,0,0,38,2,30,0,34,0,0,0,0,0,0,0,4,10,4,0,6,2,0,22,24,0,4,0,0,0,16,8,0,0,0,0,0,0,0,0,0,0,0,0,0,0,0,0,0,0,0,0,0,0,0,0,4,0,12,0,0,0,0,2
1,0,6,6,0,0,0,4,0,6,0,0,8,0,0,0,0,0,0,4,0,0,0,4,0,2,2,8,2,0,0,0,0,0,0,4,0,0,0,2,6,0,2,0,4,0,2,2,0,10,0,12,0,0,6,0,4,4,6,0,0,0,0,4,0,0,2,6,0,12,10,4,6,2,0,0,0,4,2,0,0,0,2,0,6,0,0,0,0,12,2,0,2,0,0,2,0,2,0,0,2,2,0,0,0,4,6,4,18,0,0,0,2,0,2,6,36,2,16,20,2,0,2,2,0,0,6,0,10,4,4,0,0,0,0,0,0,4,0,0,0,6,4,0,2,0,2,0,2,42,2,26,0,30,2,2,0,8,2,4,0,6,20,0,0,2,2,0,8,10,6,12,0,0,0,22,2,0,6,2,2,0,0,0,0,0,0,0,0,0,0,0,0,0,0,0,0,0,0,0,0,0,0,6,0,0,0,0,4
1,0,2,2,8,0,4,0,0,0,0,0,0,0,0,0,0,0,0,0,0,0,0,2,0,0,0,0,0,0,0,0,10,0,0,4,0,0,10,0,0,2,0,0,8,0,0,0,0,10,0,2,0,0,6,0,6,10,2,0,0,0,0,0,4,0,0,4,10,2,6,2,0,4,2,0,0,2,0,4,0,0,0,2,0,0,0,2,0,22,0,6,2,0,0,2,0,0,0,0,0,0,2,0,0,4,6,2,8,0,0,0,2,0,0,2,16,6,24,0,2,0,2,0,0,0,0,2,12,8,4,4,4,0,0,0,0,6,2,0,2,2,0,0,0,0,4,2,0,54,2,14,2,22,4,0,0,4,0,0,0,0,12,0,0,6,0,0,4,24,4,8,0,2,0,14,10,0,2,0,0,0,0,0,0,0,0,0,0,0,0,0,0,0,0,0,0,0,0,0,0,0,4,10,0,0,0,0,0
1,0,6,6,0,2,0,30,2,0,0,0,0,0,0,0,0,0,0,6,0,0,2,4,2,0,0,0,0,2,0,0,0,0,0,0,0,0,2,0,6,0,0,0,0,0,22,6,4,4,0,4,0,0,8,0,14,2,8,0,0,2,8,0,0,0,4,4,0,0,8,4,2,4,6,2,0,0,0,0,0,2,0,2,8,4,0,2,0,20,0,4,6,2,0,0,0,0,0,2,0,0,0,0,0,2,0,0,4,0,0,4,2,0,6,4,18,2,14,0,4,0,2,4,0,4,4,2,22,10,4,0,0,0,0,0,0,4,0,2,8,4,2,0,2,0,2,0,0,50,2,12,0,30,4,0,0,2,0,0,0,0,12,2,0,6,0,0,4,18,6,12,0,4,0,6,6,0,4,0,0,0,0,0,0,0,0,0,0,0,0,0,0,0,0,0,0,0,0,0,0,0,4,18,0,0,0,0,0
1,0,0,0,0,0,0,8,0,0,0,2,0,0,0,0,0,0,0,2,0,0,0,4,0,0,0,0,0,0,2,0,0,0,0,14,0,0,0,0,2,0,0,0,6,0,0,0,0,14,2,2,4,0,4,0,6,2,0,0,0,0,0,2,0,0,0,0,0,0,4,6,4,0,0,0,2,0,4,0,0,0,0,0,12,0,0,2,0,10,0,38,0,0,0,0,0,0,0,2,0,0,0,0,2,2,2,6,2,2,0,0,0,2,0,0,20,4,26,0,0,0,4,0,0,0,14,0,16,2,2,0,4,0,0,0,0,10,0,0,0,4,2,0,0,0,0,0,0,42,0,22,2,40,4,4,0,10,0,4,0,0,4,0,0,6,0,0,6,16,0,0,0,4,0,8,6,0,4,0,0,0,0,0,0,0,0,0,0,0,0,0,0,0,0,0,0,0,0,0,0,0,10,28,0,2,0,0,2
1,0,6,6,0,0,6,0,0,2,2,2,0,2,0,0,0,0,0,0,0,0,0,6,4,0,0,0,0,0,4,0,0,0,0,2,0,2,4,0,6,0,0,0,4,0,4,0,0,6,2,2,2,0,18,0,4,6,2,0,0,0,6,0,0,2,0,8,2,0,4,0,0,10,0,0,0,6,0,0,2,0,0,2,2,0,0,0,2,8,0,6,0,4,6,0,0,0,0,2,0,2,0,0,4,2,0,0,0,2,0,0,0,0,4,6,0,2,0,0,0,0,14,2,0,0,2,4,12,12,6,2,4,0,0,0,0,12,2,0,16,4,0,2,2,2,2,0,0,50,2,28,2,58,4,0,2,8,0,0,0,2,18,2,0,6,0,0,2,18,0,0,0,0,2,4,10,0,6,0,0,0,0,0,0,0,0,0,0,0,0,0,0,0,0,0,0,0,0,0,0,0,0,4,0,0,0,0,2
1,0,0,0,0,0,0,0,0,0,0,0,0,0,0,0,0,0,0,0,0,0,0,0,0,0,0,0,0,0,0,0,0,0,0,0,0,2,6,2,6,4,6,0,0,0,0,0,2,0,0,8,0,0,4,0,8,0,0,0,0,0,0,4,0,0,0,12,8,0,0,0,0,4,0,0,0,4,0,0,4,0,0,2,2,0,0,2,4,20,0,2,0,0,0,0,0,0,0,0,0,0,0,0,0,0,0,0,0,0,0,0,0,0,0,0,26,10,0,0,0,0,34,0,2,4,0,0,0,0,4,0,0,0,0,0,0,0,0,0,6,0,4,6,0,0,0,2,0,0,0,10,2,24,4,0,0,2,0,6,0,0,0,0,0,6,0,0,8,24,0,0,0,2,0,4,0,0,0,0,0,0,0,0,0,0,0,0,0,0,0,0,0,0,0,0,0,0,0,0,0,0,0,36,2,8,0,0,0
1,0,0,0,0,0,0,0,0,0,0,0,0,0,0,0,0,0,0,0,0,0,0,0,0,0,0,0,0,0,0,0,0,0,0,0,0,8,2,6,8,0,2,0,0,0,0,0,0,30,0,0,0,0,6,0,4,0,0,0,0,0,10,20,0,0,0,0,0,0,0,0,0,2,2,2,0,0,2,0,12,2,0,0,14,0,0,0,0,22,0,0,0,0,0,0,0,0,0,0,0,0,0,0,0,0,0,0,0,0,0,0,0,0,0,0,0,6,0,0,0,0,8,4,2,0,0,0,0,0,0,0,0,0,0,0,0,0,0,0,2,2,2,0,0,0,0,2,0,0,0,28,0,36,6,0,0,0,0,2,0,0,0,0,0,6,4,0,6,18,0,0,0,18,0,0,0,0,0,0,0,0,0,0,0,0,0,0,0,0,0,0,0,0,0,0,0,0,0,0,0,0,8,2,2,0,0,0,4
1,0,0,0,0,0,8,10,0,0,0,0,0,0,0,0,0,0,0,0,0,0,0,0,0,0,0,0,0,0,0,0,0,0,0,0,0,0,0,0,4,2,0,0,0,0,4,0,0,20,0,0,0,0,8,0,0,0,0,0,0,0,0,0,0,0,0,10,4,0,0,0,0,2,2,0,2,2,0,0,6,2,0,0,6,0,0,2,2,28,0,28,0,0,0,0,0,0,0,0,0,0,0,0,0,0,0,0,0,0,0,0,0,0,0,0,18,4,0,0,4,0,0,0,0,0,0,0,0,0,0,0,0,0,0,0,0,0,0,0,2,0,0,0,0,0,0,4,0,0,0,40,0,36,10,0,2,0,6,4,0,0,0,0,0,6,0,0,10,14,0,0,0,10,0,0,0,0,0,0,0,0,0,0,0,0,0,0,0,0,0,0,0,0,0,0,0,0,0,0,0,0,4,4,0,2,0,0,2
1,0,0,0,0,0,0,0,0,0,0,0,0,0,0,0,0,0,0,0,0,0,0,0,0,0,0,0,0,0,0,0,0,0,0,0,0,0,2,2,4,0,4,0,0,0,6,0,0,6,0,0,0,0,6,0,6,0,0,0,0,0,4,6,2,0,2,0,0,0,0,0,0,10,2,0,0,2,2,0,2,0,0,0,4,4,0,2,0,20,0,6,0,0,0,0,0,0,0,0,0,0,0,0,0,0,0,0,0,0,0,0,0,0,0,0,14,6,0,0,0,0,12,0,0,0,0,0,0,0,0,0,0,0,0,0,0,0,0,0,8,0,0,0,0,0,0,0,2,0,0,24,0,34,8,8,0,6,0,4,0,0,0,0,4,16,12,0,10,14,0,0,0,0,0,0,0,0,0,0,0,0,0,0,0,0,0,0,0,0,0,0,0,0,0,0,0,0,0,0,0,10,0,2,2,6,0,0,0
1,0,0,0,0,0,0,0,0,0,0,0,0,0,0,0,0,0,0,0,0,0,0,0,0,0,0,0,0,0,0,0,0,0,0,0,0,2,2,0,6,0,0,0,0,0,4,8,0,2,0,2,0,0,10,0,0,0,0,0,0,0,4,0,0,0,0,0,0,0,0,0,0,6,18,0,0,0,0,0,2,0,0,0,8,0,0,0,2,20,0,4,0,0,0,0,0,0,0,0,0,0,0,0,0,0,0,0,0,0,0,0,0,0,0,0,0,0,0,0,0,0,0,0,0,0,0,0,0,0,0,0,0,0,0,0,0,0,0,0,0,0,0,0,0,0,0,0,0,0,0,0,0,0,0,0,0,0,0,0,0,0,0,0,0,0,0,0,0,0,0,0,0,4,0,0,0,0,0,0,0,0,0,0,0,0,0,0,0,0,0,0,0,0,0,0,0,0,0,0,0,0,0,2,2,4,0,0,0
1,0,0,0,0,0,0,0,0,0,0,0,0,0,0,0,0,0,0,0,0,0,0,0,0,0,0,0,0,0,0,0,0,0,0,0,0,6,4,0,0,0,6,0,0,0,4,2,0,8,0,0,0,0,2,0,8,0,0,0,0,4,8,0,0,0,0,0,0,0,0,0,0,0,2,0,0,0,0,4,2,0,0,0,0,2,0,0,2,16,0,8,0,0,0,0,0,0,0,0,0,0,0,0,0,0,0,0,0,0,0,0,0,0,0,0,0,0,0,0,0,0,0,0,0,0,0,0,0,0,0,0,0,0,0,0,0,0,0,0,0,0,0,0,0,0,0,0,0,0,0,0,0,0,0,0,0,0,0,0,0,0,0,0,0,0,0,0,0,0,0,0,0,8,0,0,0,0,0,0,0,0,0,0,0,0,0,0,0,0,0,0,0,0,0,0,0,0,0,0,0,2,6,8,0,8,0,4,8
1,0,0,0,0,0,2,6,0,0,0,0,0,0,0,0,0,0,0,0,0,0,0,0,0,0,0,0,0,0,0,0,0,0,0,0,0,4,0,0,6,0,2,0,0,2,4,0,0,2,0,4,0,0,12,0,8,0,0,0,0,4,8,0,0,0,0,2,0,0,0,0,0,6,4,2,2,0,0,0,6,0,2,2,10,0,0,0,0,14,0,0,0,0,0,0,0,2,0,0,0,0,0,0,0,0,0,0,0,0,0,0,0,0,0,0,0,0,0,0,0,0,0,0,0,0,0,0,0,0,0,0,0,0,0,0,0,0,0,0,0,0,0,0,0,0,0,0,0,0,0,0,0,0,0,0,0,0,0,0,0,0,0,0,0,0,0,0,0,0,0,0,0,4,0,0,0,0,0,0,0,0,0,0,0,0,0,0,0,0,0,0,0,0,0,0,0,0,0,0,0,0,4,8,2,4,0,2,2
1,0,0,0,0,0,0,2,0,0,0,0,0,0,0,0,0,0,0,0,0,0,0,0,0,0,0,0,0,0,0,0,0,0,0,0,0,4,0,0,0,0,0,0,0,0,4,2,0,18,0,6,0,0,2,0,2,0,0,0,0,0,0,0,0,0,0,4,0,0,0,0,0,6,4,0,0,0,4,2,8,0,0,2,6,0,0,0,0,22,0,14,0,0,0,0,0,0,0,0,0,0,0,0,0,0,0,0,0,0,0,0,0,0,0,0,0,0,0,0,0,0,0,0,0,0,0,0,0,0,0,0,0,0,0,0,0,0,0,0,0,0,0,0,0,0,0,0,0,0,0,0,0,0,0,0,0,0,0,0,0,0,0,0,0,0,0,0,0,0,0,0,0,2,0,0,0,0,0,0,0,0,0,0,0,0,0,0,0,0,0,0,0,0,0,0,0,0,0,0,0,2,2,12,0,2,0,2,0
2,0,4,4,14,0,0,0,0,0,4,4,0,0,2,2,0,0,4,0,0,2,2,2,0,2,0,0,0,0,0,0,0,0,0,2,0,0,0,0,0,0,4,0,0,0,6,0,4,0,0,4,6,0,0,0,0,2,4,0,0,0,0,12,14,0,0,0,0,0,0,0,2,0,2,0,2,4,0,0,4,0,0,0,0,0,0,0,2,6,0,8,0,6,0,0,0,0,0,0,4,0,0,0,0,6,0,0,2,2,0,0,0,0,0,8,0,0,8,14,4,0,22,0,0,2,4,0,6,12,8,0,0,0,2,0,2,2,2,0,10,10,8,0,0,0,0,0,0,32,0,2,0,14,0,2,0,0,0,2,0,0,12,2,0,0,0,4,4,14,0,2,0,0,0,2,0,0,0,0,4,0,2,0,0,0,0,0,0,0,2,0,6,0,4,0,2,0,2,2,0,0,8,0,0,0,14,0,16
2,2,4,4,20,2,0,0,0,0,0,0,0,2,2,4,0,2,2,0,0,0,2,2,6,0,0,0,0,0,0,0,0,0,0,0,0,0,2,0,0,0,0,0,0,0,6,0,4,0,0,2,0,0,2,0,0,0,6,0,0,0,10,8,2,0,0,0,0,0,0,0,0,2,2,0,0,2,6,0,2,0,0,0,2,0,0,0,4,12,0,2,0,2,2,0,0,2,2,2,0,0,0,0,0,2,0,0,2,2,0,0,6,0,4,0,0,0,6,8,0,0,4,0,0,0,6,2,2,2,14,0,0,0,0,0,0,2,2,0,4,4,8,0,0,0,0,0,2,4,0,4,0,14,2,2,2,6,0,0,0,0,12,2,0,2,0,0,6,18,0,4,0,0,0,0,0,0,0,0,0,4,2,2,4,0,0,0,0,4,2,0,2,0,2,2,0,0,0,2,0,0,16,0,0,0,0,0,4
2,0,8,8,4,0,0,0,0,0,0,12,0,2,2,0,2,0,2,0,0,0,0,4,0,8,0,0,0,0,0,0,0,0,2,0,0,0,4,0,0,0,0,0,0,0,0,0,4,0,2,2,0,0,0,2,0,6,2,0,0,0,0,2,0,0,0,0,0,0,0,0,0,2,4,0,0,0,0,0,6,0,0,0,0,0,0,0,0,2,0,0,0,0,0,4,0,0,0,0,0,2,0,0,0,14,0,0,2,0,0,0,4,0,2,4,0,0,10,8,2,0,12,0,0,0,4,2,18,8,18,0,0,0,6,0,0,0,0,0,18,12,14,0,0,2,0,0,0,22,0,6,0,12,0,0,0,6,0,0,0,0,10,0,0,6,2,0,2,28,0,8,0,0,0,8,6,0,0,0,12,2,0,2,4,2,0,0,0,4,0,2,8,0,2,2,0,2,8,2,0,2,2,2,2,0,0,0,14
2,0,2,2,0,2,0,0,0,0,4,2,0,0,0,2,0,0,2,0,0,0,0,4,2,0,0,0,0,0,0,0,0,2,0,0,0,8,2,0,0,0,2,0,0,0,6,0,2,0,0,4,0,0,2,0,0,0,2,0,0,2,20,54,36,0,0,4,0,0,0,2,0,4,0,0,0,16,0,0,6,2,0,2,0,0,0,0,2,16,0,2,0,4,0,2,0,0,0,4,2,6,0,2,0,14,0,0,0,0,0,2,4,0,8,6,8,2,6,20,0,0,16,2,0,0,0,0,12,4,10,0,6,0,2,0,0,0,8,0,16,6,20,2,0,0,0,0,0,22,0,2,0,8,2,2,0,0,0,0,0,4,8,0,0,2,2,0,0,26,0,2,0,0,0,2,0,0,0,0,6,0,0,2,2,10,0,0,0,0,0,0,14,0,12,0,0,0,0,12,10,6,0,0,0,0,0,0,18
2,0,4,4,0,2,2,0,0,0,2,0,2,0,2,0,0,0,4,0,0,0,0,2,2,0,0,0,2,0,2,0,0,0,0,0,0,2,0,0,4,0,0,0,0,0,4,0,2,0,4,0,2,0,2,0,2,0,6,0,0,0,2,30,6,0,0,0,0,0,0,0,2,0,16,0,0,0,2,0,0,0,0,0,0,0,0,2,0,10,0,10,0,0,0,0,0,0,0,6,0,0,0,0,0,2,0,0,2,0,0,0,2,0,4,2,4,0,20,18,0,0,6,0,4,0,2,0,18,4,14,0,2,0,4,0,0,0,14,0,0,2,4,0,0,0,0,0,0,32,0,8,0,22,2,2,0,2,2,4,0,2,4,0,0,12,2,0,24,24,4,4,2,0,0,0,0,0,0,0,0,0,0,0,2,0,0,0,0,0,4,0,12,0,8,0,0,0,0,2,0,18,2,0,0,8,0,0,4
2,0,2,2,0,0,2,0,0,0,0,0,12,4,2,0,0,0,0,0,2,0,2,4,0,2,0,4,0,0,0,0,8,2,2,0,0,2,2,2,0,0,2,0,6,0,0,0,4,2,0,2,0,0,2,0,8,2,6,0,0,0,0,66,14,0,0,0,0,12,2,0,0,0,4,2,0,6,4,0,2,0,4,2,4,0,0,0,2,2,0,30,0,4,0,0,0,0,0,0,4,2,0,0,0,0,0,0,0,0,10,0,2,4,0,0,12,4,10,12,0,0,2,0,0,0,0,0,14,10,6,0,0,0,0,0,0,0,4,0,2,4,0,0,2,0,0,6,2,12,0,10,0,28,4,0,0,8,0,0,0,0,12,0,0,4,0,0,6,30,2,2,0,0,0,12,0,0,0,0,6,0,0,2,0,0,0,20,0,14,22,2,16,0,18,0,0,0,6,0,0,4,4,2,2,0,2,2,4
2,0,2,2,8,0,0,8,0,2,4,2,2,0,2,0,0,4,0,0,2,0,0,4,0,0,0,0,0,0,0,0,0,0,0,0,0,0,2,0,0,2,0,0,2,0,2,2,2,0,2,2,2,0,2,0,2,4,0,0,0,0,4,20,8,0,0,0,4,2,0,0,0,0,18,0,0,0,0,0,4,0,0,0,4,0,0,0,0,10,0,12,4,0,0,0,0,0,0,0,0,0,0,0,2,0,0,0,0,0,0,0,8,0,8,6,6,6,14,18,4,0,12,2,2,0,28,4,4,0,0,0,0,0,2,0,0,4,2,0,4,4,10,0,0,0,0,0,0,46,2,4,0,10,0,0,0,2,0,0,0,0,6,0,0,4,0,0,8,18,8,16,4,0,0,6,2,0,0,0,4,0,0,4,0,0,0,4,0,0,0,0,8,2,16,0,2,0,2,10,0,0,0,2,2,0,4,0,2
2,0,6,6,6,4,2,2,0,0,0,4,10,0,0,0,0,0,0,0,0,0,0,2,0,0,0,0,0,0,0,0,0,0,0,4,0,2,0,0,2,0,0,0,2,0,8,2,2,4,0,2,2,0,2,0,6,0,6,0,0,0,0,26,0,0,0,0,6,2,0,0,0,0,0,2,0,2,4,0,2,0,0,0,0,0,0,0,0,18,0,6,0,0,0,0,0,0,0,4,2,2,0,0,4,0,0,0,2,2,0,0,2,0,4,10,22,2,12,6,2,0,30,0,0,0,18,4,20,2,8,0,0,0,0,0,0,2,6,0,12,12,2,0,4,0,0,2,0,36,4,4,0,26,2,2,0,10,0,0,0,0,10,0,0,0,0,0,30,16,0,0,0,4,0,2,12,0,0,0,0,0,0,2,0,0,0,0,0,0,2,6,18,0,4,0,0,4,0,0,0,6,4,4,0,0,2,0,10
2,0,0,0,0,0,2,0,0,0,0,2,4,2,2,0,0,0,0,0,0,0,0,8,0,0,0,0,0,0,0,0,6,0,0,2,0,0,0,0,0,0,0,0,0,0,0,2,0,12,2,6,2,0,8,0,0,10,2,2,0,2,0,32,4,0,0,0,0,0,0,0,0,2,2,0,0,6,0,2,4,0,0,0,0,0,0,2,0,8,2,10,0,0,0,0,0,0,0,2,2,0,0,0,0,0,2,0,8,2,0,0,6,0,2,0,22,4,16,0,6,0,8,6,0,2,28,0,10,0,6,0,4,0,0,0,0,8,2,0,10,10,0,2,4,0,0,2,0,36,0,0,0,2,0,2,0,6,2,4,0,0,10,2,0,6,4,0,4,26,2,2,0,0,0,0,12,0,2,0,0,0,2,20,0,0,0,4,0,0,2,0,34,0,8,0,0,2,0,0,0,0,4,6,0,2,0,0,0
2,0,4,4,4,0,2,4,0,0,0,0,2,0,0,0,0,0,0,0,0,0,0,4,2,0,4,0,0,0,0,0,0,0,0,4,0,4,2,6,0,0,0,0,0,0,0,0,0,2,8,6,10,0,4,0,4,0,4,0,0,0,28,16,4,0,2,0,2,4,4,20,0,6,14,0,0,0,0,0,2,0,0,0,0,0,0,0,0,10,0,0,0,0,2,0,0,0,2,0,0,0,0,0,0,0,0,0,2,0,0,0,0,2,2,2,8,2,14,0,0,0,6,0,4,0,0,0,12,4,2,4,0,0,0,0,0,0,0,2,18,12,2,0,0,0,0,0,0,48,0,12,0,14,0,0,0,0,0,2,0,0,12,0,0,2,0,0,18,16,0,4,0,0,0,8,0,0,0,0,0,0,0,0,0,0,0,10,0,0,2,0,4,0,0,0,0,0,0,0,0,0,0,16,0,0,0,0,4
2,0,6,6,2,0,2,12,0,0,2,0,0,0,2,0,0,0,0,0,0,2,2,4,0,0,0,0,0,0,0,0,0,0,0,2,0,0,14,4,0,0,0,0,4,0,8,2,2,2,4,0,2,0,8,0,2,4,2,0,0,0,12,16,0,2,0,18,4,0,0,0,0,0,14,0,0,0,0,0,2,0,0,0,4,0,0,0,0,18,0,2,0,4,0,0,0,2,0,2,2,0,0,0,0,4,2,0,0,4,0,0,4,2,2,12,16,2,10,0,2,0,32,2,0,0,8,2,16,4,6,2,0,0,0,0,0,2,0,0,16,18,0,0,2,0,0,2,0,40,0,2,0,8,0,0,2,2,0,4,0,4,12,2,0,6,2,0,4,26,0,0,0,0,0,0,2,0,0,0,0,0,0,0,0,0,0,8,0,0,2,4,12,0,0,0,0,0,0,0,0,0,4,24,0,0,0,0,0
2,0,8,8,0,0,6,0,0,0,0,4,0,2,0,0,0,0,0,2,0,0,0,2,0,0,0,0,0,0,0,0,2,0,0,4,0,0,6,0,0,0,0,0,2,0,0,0,4,6,0,0,4,0,6,0,6,6,4,0,0,2,12,14,0,0,0,0,0,0,0,0,0,2,12,0,0,0,0,0,6,2,0,0,6,0,0,0,2,10,0,4,0,0,0,2,0,2,0,0,6,0,0,0,4,8,0,0,0,0,0,0,4,0,0,8,0,0,26,0,2,0,10,0,0,0,0,0,6,0,4,0,2,0,2,0,0,2,0,0,24,0,0,2,0,0,0,0,0,20,0,8,0,24,2,0,0,2,2,10,0,4,14,0,0,10,0,0,14,28,0,0,0,4,0,10,12,2,10,0,0,0,0,0,0,0,0,10,0,2,10,2,20,0,0,0,0,0,0,0,0,8,2,12,4,4,2,0,0
2,0,0,0,0,0,2,6,0,0,0,0,0,0,0,0,0,0,0,0,0,0,0,0,0,0,0,0,0,0,0,0,0,0,0,0,0,0,0,2,4,0,2,0,0,0,0,0,0,14,0,6,0,0,4,0,0,0,0,0,0,0,38,6,0,2,0,0,0,0,0,0,0,8,8,2,2,0,2,0,2,0,0,2,4,2,2,0,0,4,0,4,0,0,0,0,0,0,0,0,0,0,0,0,0,0,0,0,0,0,0,0,0,0,0,0,8,0,0,0,0,0,22,0,0,0,0,0,0,0,0,0,0,0,0,0,0,0,0,0,8,8,0,0,0,0,0,4,0,0,0,18,2,24,2,2,0,2,4,2,0,0,0,0,0,8,0,0,12,12,0,0,0,0,0,4,0,0,0,0,0,0,0,0,0,0,0,0,0,0,0,0,0,0,0,0,0,0,0,0,0,0,2,6,0,2,0,0,2
2,0,0,0,0,0,0,6,0,0,0,0,0,0,0,0,0,0,0,0,0,0,0,0,0,0,0,0,0,0,0,0,0,0,0,0,0,4,0,0,0,2,0,0,0,0,6,0,2,26,0,2,0,0,10,0,0,0,0,0,0,4,2,38,0,0,0,0,0,0,2,0,0,0,2,0,0,2,6,0,0,0,0,6,12,4,0,0,4,4,0,2,0,0,0,0,0,0,0,0,0,0,0,0,0,0,0,0,0,0,0,0,0,0,0,0,8,4,0,0,2,0,30,0,0,0,0,0,0,0,2,0,0,0,0,0,0,0,0,0,14,4,2,0,0,0,2,6,0,0,0,12,0,16,0,6,0,0,0,10,0,0,0,0,0,0,0,0,0,16,0,0,0,0,0,0,0,0,0,0,0,0,0,0,0,0,0,0,0,0,0,0,0,0,0,0,0,0,0,0,0,0,6,0,2,0,0,0,0
2,0,0,0,0,0,0,2,0,0,0,0,0,0,0,0,0,0,0,0,0,0,0,0,0,0,0,0,0,0,0,0,0,0,0,0,2,2,0,2,0,0,0,0,0,0,0,0,2,2,2,0,0,0,4,0,6,0,0,0,0,2,0,4,0,0,0,2,4,0,0,0,0,2,8,10,0,0,0,0,0,0,0,0,0,0,0,0,0,8,0,36,0,0,0,0,0,0,0,0,0,0,0,0,0,0,0,0,0,0,0,0,0,0,0,0,6,0,0,0,0,0,20,0,0,2,0,0,0,0,2,0,0,0,0,0,0,0,0,0,2,0,2,0,0,0,0,0,0,0,0,2,0,14,0,2,0,2,0,4,0,0,0,0,0,6,6,0,18,14,0,0,0,6,0,0,0,2,0,0,0,0,0,0,0,0,0,0,0,0,0,0,0,0,0,0,0,0,0,0,0,0,10,0,0,2,0,0,4
2,0,0,0,0,0,0,0,0,0,0,0,0,0,0,0,0,0,0,0,0,0,0,0,0,0,0,0,0,0,0,0,0,0,0,0,0,0,0,0,0,4,2,0,0,0,10,0,2,14,0,6,0,0,0,0,0,0,0,0,0,0,4,0,0,0,0,0,0,0,0,0,0,4,4,0,2,0,0,0,6,0,2,4,0,0,0,0,0,16,0,16,0,0,0,0,0,0,0,0,0,0,0,0,0,0,0,0,0,0,0,0,0,0,0,0,0,2,0,0,0,0,12,4,6,0,0,0,0,0,2,0,0,0,0,0,0,0,0,0,0,0,0,0,0,0,0,0,0,0,0,22,0,30,4,0,0,4,0,2,0,0,0,0,0,2,0,0,2,30,0,0,0,0,0,0,0,0,0,0,0,0,0,0,0,0,0,0,0,0,0,0,0,0,0,0,0,0,0,0,0,0,8,0,0,8,2,0,0
2,0,0,0,0,0,2,0,0,0,0,0,0,0,0,0,0,0,0,0,0,0,0,0,0,0,0,0,0,0,0,0,0,0,0,0,0,0,6,4,0,4,0,0,0,0,0,0,0,24,0,4,0,18,14,0,2,0,0,0,0,0,4,18,4,0,2,0,0,0,0,0,0,0,6,6,0,0,0,0,2,0,0,0,2,2,0,0,4,2,0,8,0,0,0,0,0,0,0,0,0,0,0,0,0,0,0,0,0,0,0,0,0,0,0,0,0,0,0,0,0,0,0,0,0,0,0,0,0,0,0,0,0,0,0,0,0,0,0,0,0,0,0,0,0,0,0,0,0,0,0,0,0,0,0,0,0,0,0,0,0,0,0,0,0,0,0,0,0,0,0,0,0,2,0,0,0,0,0,0,0,0,0,0,0,0,0,0,0,0,0,0,0,0,0,0,0,0,0,0,0,8,4,4,8,2,0,2,0
2,0,0,0,0,0,4,2,0,0,0,0,0,0,0,0,0,0,0,0,0,0,0,0,0,0,0,0,0,0,0,0,0,0,0,0,0,2,0,4,2,2,0,0,0,0,0,0,0,14,0,6,0,0,4,0,10,0,0,0,0,0,0,16,0,0,0,10,2,0,0,0,0,0,6,4,0,0,0,2,0,0,0,0,0,0,0,0,0,18,0,2,0,0,0,0,0,0,0,0,0,0,0,0,0,0,0,0,0,0,0,0,0,0,0,0,0,0,0,0,0,0,0,0,0,0,0,0,0,0,0,0,0,0,0,0,0,0,0,0,0,0,0,0,0,0,0,0,0,0,0,0,0,0,0,0,0,0,0,0,0,0,0,0,0,0,0,0,0,0,0,0,0,0,0,0,0,0,0,0,0,0,0,0,0,0,0,0,0,0,0,0,0,0,0,0,0,0,0,0,0,0,4,0,0,10,0,0,2
2,0,0,0,0,0,0,6,0,0,0,0,0,0,0,0,0,0,0,0,0,0,0,0,0,0,0,0,0,0,0,0,0,0,0,0,0,2,2,4,18,4,4,0,0,0,2,0,0,8,2,4,0,0,0,0,8,0,0,0,0,2,2,10,0,0,0,0,0,0,0,0,0,0,8,4,0,0,0,0,4,0,0,0,2,0,0,0,0,14,2,12,0,0,0,0,0,8,0,0,0,0,0,0,0,0,0,0,0,0,0,0,0,0,0,0,0,0,0,0,0,0,0,0,0,0,0,0,0,0,0,0,0,0,0,0,0,0,0,0,0,0,0,0,0,0,0,0,0,0,0,0,0,0,0,0,0,0,0,0,0,0,0,0,0,0,0,0,0,0,0,0,0,2,0,0,0,0,0,0,0,0,0,0,0,0,0,0,0,0,0,0,0,0,0,0,0,0,0,0,0,0,6,2,2,2,0,4,4
2,0,0,0,0,0,0,0,0,0,0,0,0,0,0,0,0,0,0,0,0,0,0,0,0,0,0,0,0,0,0,0,0,0,0,0,0,2,2,2,6,0,0,0,0,0,0,0,0,2,0,0,0,0,4,0,0,0,0,0,0,2,0,12,0,0,0,0,0,0,0,0,0,4,6,0,0,0,0,0,8,4,8,0,0,2,2,0,0,0,0,0,0,0,0,0,0,2,0,0,0,0,0,0,0,0,0,0,0,0,0,0,0,0,0,0,0,0,0,0,0,0,0,0,0,0,0,0,0,0,0,0,0,0,0,0,0,0,0,0,0,0,0,0,0,0,0,0,0,0,0,0,0,0,0,0,0,0,0,0,0,0,0,0,0,0,0,0,0,0,0,0,0,0,0,0,0,0,0,0,0,0,0,0,0,0,0,0,0,0,0,0,0,0,0,0,0,0,0,0,0,12,6,4,0,6,0,0,0
3,0,4,4,0,2,8,0,0,0,0,0,0,0,6,0,2,0,12,0,0,0,0,0,4,4,0,2,0,0,0,0,0,0,0,4,0,0,0,0,0,6,2,0,4,0,6,0,0,0,2,0,0,0,0,0,0,2,8,0,0,2,2,2,0,0,0,0,2,0,0,0,0,0,8,0,2,4,0,0,10,0,0,0,0,0,0,0,0,2,0,6,0,2,0,4,0,0,0,6,2,2,0,0,0,2,0,0,0,4,0,0,6,0,4,6,0,4,4,4,4,0,2,2,2,0,0,0,18,12,26,4,0,0,2,0,0,0,6,0,8,10,8,0,0,0,2,0,0,0,0,4,0,2,0,0,0,14,0,0,0,0,6,0,0,0,0,0,4,14,0,14,0,0,0,0,0,0,0,2,2,0,0,0,4,4,2,0,0,0,0,0,6,0,8,2,4,0,2,0,0,2,16,0,2,0,0,0,10
3,6,6,6,0,0,2,0,0,0,0,0,2,0,4,0,0,2,8,0,0,0,0,4,0,0,0,2,0,0,0,0,0,0,0,0,0,2,6,0,0,2,2,0,0,0,0,0,0,0,0,4,0,0,0,0,0,12,4,0,0,0,0,0,0,0,0,8,0,0,0,2,0,2,0,0,2,0,0,0,2,0,0,0,0,2,0,0,0,0,0,2,2,0,0,0,0,2,0,2,0,2,0,2,0,2,0,0,0,0,0,0,2,0,4,0,6,0,4,10,0,0,0,0,0,0,2,0,6,6,18,0,0,0,0,0,2,0,0,0,10,8,8,2,0,0,0,2,0,0,0,8,0,26,0,0,0,0,0,0,4,2,4,0,0,4,0,0,2,12,2,8,0,0,0,0,0,0,0,0,2,0,0,0,4,40,2,0,0,2,0,0,0,0,2,4,4,0,0,0,0,0,4,2,4,0,0,0,2
3,6,2,2,0,0,0,0,0,0,0,0,0,0,8,0,2,0,4,0,0,0,0,2,0,2,0,2,0,2,0,0,0,0,0,2,0,6,0,0,2,0,0,0,0,0,0,0,0,0,0,0,0,0,4,2,0,6,8,4,0,2,4,28,8,0,0,0,0,0,0,0,0,4,2,0,0,2,0,0,0,0,0,0,0,0,0,0,0,4,2,4,0,4,0,0,0,0,0,0,0,0,0,0,0,0,2,0,0,2,0,0,4,0,2,6,0,4,12,2,0,0,2,10,0,0,4,0,8,14,30,2,0,0,0,0,0,0,0,0,14,6,10,2,0,0,0,0,0,0,0,2,0,6,0,2,0,6,2,2,0,0,6,10,0,4,0,2,6,22,0,6,0,0,0,0,2,0,0,0,8,0,0,6,2,0,0,0,0,4,4,0,2,0,2,0,0,0,0,2,0,2,2,0,0,0,2,0,26
3,0,2,2,8,0,0,4,0,0,0,2,0,0,8,0,12,0,8,0,0,0,4,0,0,0,0,0,0,0,0,0,2,2,0,2,0,2,0,0,0,0,0,0,0,0,6,0,10,0,4,0,2,0,4,0,6,6,8,0,0,0,0,26,10,6,0,0,0,4,0,4,0,2,2,0,0,2,0,0,0,0,2,0,10,0,0,0,4,4,2,2,0,2,0,0,0,2,0,2,6,4,0,0,0,4,0,0,0,0,0,0,0,2,2,2,0,2,8,10,4,0,0,0,0,0,0,2,16,22,22,0,0,0,2,0,0,2,0,0,6,12,12,0,2,0,2,0,0,12,0,0,0,4,0,0,0,4,0,2,0,0,24,12,0,10,2,0,4,10,0,14,0,0,0,2,0,0,0,2,0,4,0,2,0,0,0,0,0,2,4,2,2,0,2,0,0,0,0,2,0,0,4,0,0,0,0,0,18
3,0,6,6,0,0,2,0,0,0,0,0,10,2,16,0,0,2,6,0,0,0,2,2,0,0,0,0,0,0,0,0,2,0,0,2,0,0,0,0,0,0,2,0,0,0,0,0,4,0,2,6,2,0,6,0,2,4,2,0,0,0,4,8,2,0,0,0,0,0,0,2,2,4,4,2,0,0,0,2,4,0,0,0,0,0,0,0,4,0,2,2,0,0,0,2,0,0,0,6,6,2,0,0,0,2,0,0,0,2,6,0,0,8,0,4,0,4,8,6,0,0,10,2,6,0,0,0,12,4,10,0,0,0,0,0,0,4,8,0,10,2,4,0,4,0,0,2,0,10,0,14,2,28,2,0,0,0,0,0,0,0,10,0,0,2,0,4,14,18,0,2,0,0,0,0,4,0,0,2,2,0,0,0,0,0,2,0,0,2,2,2,2,0,0,0,6,2,6,6,6,0,2,10,0,0,0,0,18
3,0,4,4,0,6,10,2,0,0,0,2,0,0,4,0,0,0,6,0,0,0,0,2,0,2,0,2,0,0,0,0,0,0,0,2,0,0,2,0,0,0,0,0,6,0,4,0,0,2,12,8,8,0,12,0,2,0,10,0,0,0,6,16,4,0,0,0,0,8,0,2,0,0,22,0,0,0,0,2,2,0,0,0,0,4,0,2,4,6,4,26,0,0,0,2,0,0,0,2,0,2,0,0,0,0,0,0,16,0,0,0,6,0,2,6,2,4,8,10,4,0,0,2,4,0,0,0,14,0,10,0,6,0,2,0,0,0,6,0,6,4,2,0,0,0,0,4,0,26,2,2,0,14,0,0,0,8,0,4,0,0,4,0,0,6,4,0,8,22,2,22,0,0,0,0,0,0,0,2,0,2,0,10,2,0,0,2,0,2,4,0,24,0,0,0,2,0,4,2,2,2,6,4,0,0,0,0,0
3,0,4,4,0,6,0,2,0,0,0,0,6,0,8,0,0,0,0,0,0,0,0,4,0,2,0,0,0,0,0,0,0,0,0,2,0,2,4,0,0,0,0,0,2,0,2,2,2,2,4,4,4,0,20,0,4,2,4,2,0,0,2,10,0,0,0,0,0,2,2,0,0,2,0,0,0,6,0,0,0,0,0,0,6,0,0,0,2,12,2,20,6,2,0,0,0,0,0,2,2,2,4,0,0,0,6,8,4,2,0,4,2,0,8,4,0,0,14,6,0,0,10,0,2,0,2,0,6,8,2,0,2,0,2,0,0,0,0,0,8,16,8,0,0,0,0,0,0,28,0,2,0,0,0,0,2,0,0,4,0,2,8,0,0,0,0,0,0,20,0,2,0,0,0,8,0,0,2,0,0,4,0,12,0,4,0,0,0,0,4,2,12,0,12,2,0,0,0,0,0,0,2,4,0,0,0,4,0
3,0,4,4,8,26,2,0,0,8,0,0,10,0,2,0,0,0,0,0,0,0,0,4,0,4,0,0,0,0,0,0,0,0,0,4,2,0,4,2,0,0,0,0,2,0,6,0,0,28,0,10,4,0,12,0,2,2,8,0,0,0,0,4,0,0,0,0,2,12,6,0,2,2,2,2,2,0,0,0,2,0,0,0,0,0,0,0,2,0,2,0,0,2,0,0,0,0,0,6,4,4,0,0,0,2,2,0,10,2,0,0,4,0,0,0,6,4,6,12,0,0,24,0,0,0,2,0,34,0,4,0,4,0,0,0,0,2,0,0,16,18,2,2,0,0,0,0,0,16,0,6,0,14,0,0,0,4,0,0,0,0,8,2,0,8,4,2,4,22,0,6,0,0,0,0,0,0,2,0,0,4,0,0,0,14,0,0,0,0,0,0,2,0,0,2,0,0,0,0,0,0,0,4,0,0,0,0,6
3,0,0,0,2,0,0,0,0,2,0,2,0,0,6,0,0,0,0,0,0,0,0,0,2,0,0,0,0,0,0,0,0,0,0,4,0,4,12,6,0,0,0,4,4,0,0,2,2,2,2,0,6,2,2,0,6,0,4,0,0,4,0,0,2,0,0,0,0,4,6,20,4,8,0,0,0,8,2,0,10,0,2,0,4,0,0,0,0,2,0,2,0,0,0,0,0,2,0,12,6,0,0,0,0,2,0,0,0,0,4,0,0,0,4,6,0,0,40,0,0,0,14,0,2,0,0,0,20,10,4,2,0,0,4,0,0,8,2,0,4,4,2,0,4,0,0,8,0,0,0,0,0,2,0,0,4,2,0,0,0,2,4,0,0,0,0,6,4,28,0,0,0,0,0,6,0,0,0,0,0,2,0,0,4,8,4,4,0,16,20,4,6,0,2,0,0,0,2,0,0,2,14,12,0,0,6,0,0
3,2,8,8,0,0,4,0,0,2,0,0,0,0,4,0,0,0,0,0,0,2,0,6,0,0,0,0,0,0,0,0,0,0,0,2,0,4,2,0,0,0,0,2,0,0,14,0,0,2,4,0,0,0,14,0,2,4,8,0,0,0,6,36,2,0,0,0,0,0,2,4,4,0,10,0,0,4,4,0,18,0,0,2,2,0,0,0,2,4,0,10,2,2,2,0,0,0,0,2,0,0,0,0,0,0,4,0,14,2,4,0,0,6,2,4,20,0,0,0,0,0,10,2,0,0,2,0,4,2,14,0,0,0,2,0,0,8,0,0,18,10,6,2,0,0,0,0,0,18,0,2,0,0,0,0,0,2,0,0,0,0,4,0,0,4,0,0,4,22,0,4,0,0,0,0,0,0,8,0,0,2,0,0,0,0,0,2,0,8,6,0,22,0,2,0,2,0,2,0,0,0,4,16,2,2,0,0,0
3,0,4,4,2,0,4,0,0,0,0,0,0,0,0,0,0,0,0,0,0,0,0,4,0,0,0,0,0,0,0,0,2,0,0,0,0,0,0,0,0,0,0,2,4,0,10,0,0,0,2,0,4,10,10,0,0,0,6,0,0,0,8,12,8,0,0,10,2,0,0,2,6,0,4,2,0,0,2,0,6,0,0,0,2,0,0,2,10,0,0,2,2,10,0,0,0,0,0,2,6,4,0,0,0,2,0,0,0,0,0,0,0,0,0,0,8,6,0,0,0,0,12,2,0,0,2,0,12,0,4,0,2,0,0,0,0,16,0,0,26,14,0,2,0,0,0,0,0,18,0,10,0,6,2,0,0,14,0,2,0,0,22,4,0,4,2,0,4,12,8,0,0,0,0,0,2,0,10,0,0,2,0,0,0,0,0,0,2,0,10,0,6,0,14,0,0,2,4,0,0,0,0,38,2,2,0,0,6
3,0,6,6,0,0,0,0,0,0,2,0,2,2,2,0,0,0,0,0,0,0,4,0,2,4,0,0,0,0,0,2,0,0,0,0,0,0,6,0,0,0,0,0,0,0,8,0,0,8,10,2,4,0,14,0,8,6,4,0,0,0,6,2,0,2,0,0,2,0,0,0,2,12,0,2,2,0,0,0,4,0,0,0,0,0,0,0,0,6,0,10,0,2,0,2,0,0,0,4,4,0,0,0,0,2,0,0,0,0,2,0,2,0,0,2,4,0,0,0,2,0,10,4,2,0,2,2,6,6,4,0,0,0,0,0,0,0,0,0,4,2,0,0,0,0,0,4,0,8,0,0,0,2,0,4,0,14,0,0,0,0,10,2,0,4,2,0,2,12,0,0,0,0,0,0,0,0,4,0,0,0,0,0,0,0,0,0,0,0,0,0,0,0,0,0,0,0,0,0,0,0,0,4,2,2,0,0,0
3,0,0,0,0,0,0,2,0,0,0,0,0,0,0,0,0,0,0,0,0,0,0,0,0,0,0,0,0,0,0,0,0,0,0,0,0,0,0,0,2,0,0,0,0,0,4,0,0,8,0,2,0,0,14,0,0,0,0,0,0,0,4,12,0,4,0,0,0,0,0,0,0,0,2,4,0,0,0,0,2,0,0,0,2,0,0,4,0,8,2,12,0,0,0,0,0,0,0,0,0,0,0,0,0,0,0,0,0,0,0,0,0,0,0,0,2,8,0,0,0,0,6,6,2,0,0,0,0,0,4,0,0,0,0,0,0,0,0,0,2,0,0,0,0,0,0,0,0,0,0,6,0,4,2,0,0,2,6,10,0,0,0,0,0,6,2,0,6,16,0,0,0,0,0,0,0,0,0,0,0,0,0,0,0,0,0,0,0,0,0,0,0,0,0,0,0,0,0,0,0,0,0,6,0,8,0,0,0
3,0,0,0,0,0,0,6,0,0,0,0,0,0,0,0,0,0,0,0,0,0,0,0,0,0,0,0,0,0,0,0,0,0,0,0,0,2,0,0,8,2,0,0,0,0,6,0,0,4,0,2,0,0,18,0,2,0,0,0,0,0,2,14,6,0,0,0,0,0,2,0,0,0,28,2,0,0,0,0,8,0,2,0,6,6,0,0,2,2,0,6,0,0,0,0,0,0,0,0,0,0,0,0,0,0,0,0,0,0,0,0,0,0,0,0,0,0,0,0,0,0,34,0,0,0,0,0,0,0,2,0,0,0,0,0,0,0,0,0,2,2,0,0,0,0,0,4,0,0,0,2,2,10,0,2,0,2,0,0,0,0,0,0,0,0,0,0,12,10,0,0,0,0,0,2,0,0,0,0,0,0,0,0,0,0,0,0,0,0,0,0,0,0,0,0,0,0,0,0,0,0,10,0,0,8,0,0,0
3,0,0,0,0,0,0,0,0,0,0,0,0,0,0,0,0,0,0,0,0,0,0,0,0,0,0,0,0,0,0,0,0,0,0,0,0,6,4,2,2,2,0,0,0,0,2,0,0,4,0,0,0,0,6,0,4,0,0,0,0,0,2,12,2,0,0,0,0,0,0,0,0,0,2,2,0,0,0,0,2,0,2,0,0,0,0,0,2,8,2,0,0,0,0,0,0,2,0,0,0,0,0,0,0,0,0,0,0,0,0,0,0,0,0,0,8,0,0,0,0,0,8,0,2,0,0,0,0,0,0,0,0,0,0,0,0,0,0,0,10,2,0,2,0,0,0,0,0,0,0,12,0,10,2,0,2,2,0,4,0,0,0,0,0,0,0,0,12,28,0,0,0,2,0,2,0,0,0,0,0,0,0,0,0,0,0,0,0,0,0,0,0,0,0,0,0,0,0,0,0,2,4,4,2,2,0,0,2
3,0,0,0,0,0,0,0,0,0,0,0,0,0,0,0,0,0,0,0,0,0,0,0,0,0,0,0,0,0,0,0,0,0,0,0,0,0,0,0,4,0,0,0,0,0,4,0,2,6,0,2,0,0,6,0,6,0,0,0,0,0,0,16,0,0,0,0,0,0,0,0,0,4,16,0,0,2,0,0,14,0,2,0,2,0,0,0,0,0,0,0,0,0,0,0,0,0,0,0,0,0,0,0,0,0,0,0,0,0,0,0,0,0,0,0,6,2,0,0,0,0,0,0,0,0,0,0,0,0,0,0,0,0,0,0,0,0,0,0,10,0,0,0,0,0,4,0,2,0,0,8,0,6,0,12,0,6,0,2,0,0,0,0,0,4,0,0,2,20,0,0,0,0,0,0,0,0,0,0,0,0,0,0,0,0,0,0,0,0,0,0,0,0,0,0,0,0,0,0,0,6,2,0,0,8,0,0,4
3,0,0,0,0,0,2,0,0,0,0,0,0,0,0,0,0,0,0,0,0,0,0,0,0,0,0,0,0,0,0,0,0,0,0,0,0,2,2,0,4,0,0,0,0,0,4,0,0,8,0,2,0,0,14,0,2,0,0,0,0,0,0,12,0,0,0,2,0,0,0,0,0,4,24,4,0,4,0,2,8,0,6,6,0,0,0,0,2,14,0,26,0,0,0,0,0,0,0,0,0,0,0,0,0,0,0,0,0,0,0,0,0,0,0,0,0,0,0,0,0,0,0,0,0,0,0,0,0,0,0,0,0,0,0,0,0,0,0,0,0,0,0,0,0,0,0,0,0,0,0,0,0,0,0,0,0,0,0,0,0,0,0,0,0,0,0,0,0,0,0,0,0,0,0,0,0,0,0,0,0,0,0,0,0,0,0,0,0,0,0,0,0,0,0,0,0,0,0,0,0,0,8,10,0,12,0,2,0
3,0,0,0,0,0,0,0,0,0,0,0,0,0,0,0,0,0,0,0,0,0,0,0,0,0,0,0,0,0,0,0,0,0,0,0,0,0,0,0,4,0,0,0,0,0,0,0,0,14,0,0,0,18,4,0,8,0,0,0,0,0,30,36,0,6,2,0,0,0,0,2,0,2,22,4,0,4,2,4,12,0,0,0,4,0,0,0,2,8,0,2,0,0,0,0,0,2,0,0,0,0,0,0,0,0,0,0,0,0,0,0,0,0,0,0,0,0,0,0,0,0,0,0,0,0,0,0,0,0,0,0,0,0,0,0,0,0,0,0,0,0,0,0,0,0,0,0,0,0,0,0,0,0,0,0,0,0,0,0,0,0,0,0,0,0,0,0,0,0,0,0,0,0,0,0,0,0,0,0,0,0,0,0,0,0,0,0,0,0,0,0,0,0,0,0,0,0,0,0,0,8,8,2,0,4,0,0,0
3,0,0,0,0,0,2,0,0,0,0,0,0,0,0,0,0,0,0,0,0,0,0,0,0,0,0,0,0,0,0,0,0,0,0,0,0,0,6,0,4,4,4,0,0,0,10,0,2,14,0,0,0,0,8,0,2,0,0,0,0,0,0,4,2,4,2,0,4,0,0,0,0,0,10,4,2,0,2,0,14,2,0,2,2,0,4,0,2,12,4,8,0,0,0,0,0,0,0,0,0,0,0,0,0,0,0,0,0,0,0,0,0,0,0,0,0,0,0,0,0,0,0,0,0,0,0,0,0,0,0,0,0,0,0,0,0,0,0,0,0,0,0,0,0,0,0,0,0,0,0,0,0,0,0,0,0,0,0,0,0,0,0,0,0,0,0,0,0,0,0,0,0,0,0,0,0,0,0,0,0,0,0,0,0,0,0,0,0,0,0,0,0,0,0,0,0,0,0,0,0,0,2,4,10,8,2,10,2
3,0,0,0,0,0,4,0,0,0,0,0,0,0,0,0,0,0,0,0,0,0,0,0,0,0,0,0,0,0,0,0,0,0,0,0,0,0,0,4,0,0,0,0,0,0,6,0,0,0,0,0,0,14,10,0,8,0,0,0,0,2,0,2,0,2,0,0,0,0,0,0,0,0,6,0,0,0,0,2,6,0,0,0,8,0,10,0,0,6,0,4,0,0,0,0,0,0,0,0,0,0,0,0,0,0,0,0,0,0,0,0,0,0,0,0,0,0,0,0,0,0,0,0,0,0,0,0,0,0,0,0,0,0,0,0,0,0,0,0,0,0,0,0,0,0,0,0,0,0,0,0,0,0,0,0,0,0,0,0,0,0,0,0,0,0,0,0,0,0,0,0,0,0,0,0,0,0,0,0,0,0,0,0,0,0,0,0,0,0,0,0,0,0,0,0,0,0,0,0,0,0,2,2,0,0,0,2,2
4,0,4,4,2,0,2,0,0,0,0,0,0,4,0,0,0,0,2,0,0,0,0,2,0,0,0,0,0,2,6,0,0,0,0,2,0,0,0,0,0,0,2,0,0,0,14,0,2,0,0,2,2,0,12,0,0,2,4,0,0,2,0,2,2,0,0,0,0,0,0,0,0,0,4,2,0,16,0,2,2,0,0,0,2,0,0,0,0,0,0,6,0,6,0,0,0,2,0,2,2,0,0,0,0,6,0,0,2,0,2,0,0,0,4,4,0,0,2,2,2,0,8,0,0,0,2,0,0,8,6,0,0,0,2,0,0,0,14,0,12,8,14,2,0,0,0,0,0,6,0,4,0,10,0,0,0,2,0,2,2,0,14,0,8,6,0,4,2,22,0,6,0,0,0,6,2,0,0,0,26,0,0,0,0,8,0,2,0,0,4,0,2,0,2,0,2,0,2,0,0,4,2,0,0,0,0,0,20
4,0,2,2,8,0,0,0,0,0,0,0,0,0,0,0,0,0,8,0,0,0,0,4,0,0,0,0,2,0,0,0,0,0,0,0,0,0,0,0,0,0,0,0,10,4,0,0,12,0,0,0,0,0,4,0,2,2,6,0,0,0,0,4,0,0,0,8,0,0,0,4,0,0,2,0,2,2,0,0,0,0,0,0,0,0,0,0,0,0,0,2,0,6,0,0,0,2,0,2,2,0,0,0,0,6,0,0,0,0,0,0,2,0,0,6,0,0,4,6,0,0,2,0,0,2,0,0,14,10,12,0,2,0,2,0,0,2,0,0,14,6,18,2,0,0,2,0,0,12,4,4,0,2,0,4,0,2,0,0,0,0,16,0,0,4,0,0,2,26,4,12,0,0,0,2,0,0,4,0,4,0,0,2,0,0,0,2,0,2,6,2,6,0,4,0,0,0,0,2,0,4,4,2,0,0,0,0,6
4,0,2,2,0,0,0,4,0,0,0,0,0,0,2,0,0,0,4,0,0,0,0,4,0,0,0,2,0,0,0,0,0,0,0,0,0,2,4,0,0,0,0,2,0,0,2,0,0,0,0,2,2,4,18,0,8,0,2,0,0,0,2,34,0,0,0,0,0,0,0,0,2,2,8,2,0,8,4,0,2,0,0,2,2,4,0,0,2,0,0,0,0,0,0,0,0,2,0,6,0,0,0,0,2,2,2,0,10,4,10,0,2,0,8,2,2,2,8,2,0,0,0,0,0,0,0,0,10,6,4,0,0,0,2,0,0,0,16,0,10,2,2,0,0,0,0,0,0,0,0,22,0,22,0,0,0,4,0,0,0,0,8,0,0,12,8,0,2,10,0,0,0,0,0,4,0,0,8,0,4,0,0,0,0,14,2,0,0,0,0,0,8,0,6,0,0,0,2,0,0,0,4,0,0,0,2,0,4
4,0,0,0,4,0,2,0,0,4,0,0,0,0,0,0,0,0,2,0,0,0,0,0,0,0,0,2,0,0,0,0,0,0,0,0,0,0,0,0,2,2,0,0,6,0,6,4,2,0,2,2,0,0,12,0,6,8,10,0,0,0,0,12,0,2,0,0,0,4,0,16,2,2,10,0,0,4,2,0,0,0,0,2,2,0,0,0,0,0,0,0,0,8,0,0,0,0,0,0,4,0,2,2,0,2,0,0,0,0,0,0,2,0,6,6,0,0,0,10,2,0,2,0,0,0,6,0,6,6,12,0,0,0,0,0,2,4,0,0,6,2,4,0,4,0,0,0,0,8,0,8,0,4,0,2,0,4,0,2,0,0,16,0,0,2,0,0,0,26,26,18,0,0,0,6,0,0,6,0,4,2,0,0,0,4,0,6,0,0,0,0,0,0,14,2,2,0,0,2,0,4,8,0,0,16,0,0,4
4,0,0,0,2,12,0,2,0,2,0,0,2,0,0,0,0,0,10,0,0,0,0,6,2,2,0,0,2,2,0,0,2,0,0,4,0,0,10,0,2,0,2,2,4,0,0,0,8,4,4,0,0,0,6,0,2,10,4,0,0,2,4,14,0,0,0,0,0,14,0,0,4,0,8,2,2,0,2,0,0,0,0,0,4,0,0,0,2,0,0,12,0,0,0,2,0,0,0,0,0,0,0,0,0,2,0,0,0,0,0,0,4,0,4,6,16,4,8,14,4,0,0,4,0,0,0,0,6,8,10,0,2,0,4,0,2,0,2,0,6,0,4,0,2,0,0,2,0,16,0,6,0,8,0,0,0,0,0,0,2,0,12,2,0,6,8,0,0,20,20,8,0,0,0,2,0,0,0,0,0,6,0,6,0,0,4,14,0,12,12,2,14,0,4,0,0,2,0,0,0,2,2,2,0,0,0,0,6
4,0,4,4,2,4,0,0,0,6,2,2,4,0,0,0,0,0,4,0,0,0,0,6,0,0,0,0,0,0,0,0,0,0,0,2,0,4,4,0,0,2,0,0,2,0,0,0,0,0,2,2,0,0,6,0,6,4,8,0,0,0,0,16,4,0,0,0,4,4,0,0,2,4,2,0,2,0,0,0,2,0,0,0,0,0,0,0,0,0,2,20,0,0,0,2,0,0,0,2,0,0,0,0,0,0,0,0,0,0,0,0,0,0,4,2,2,2,2,18,2,0,2,0,0,0,0,0,14,4,2,0,0,0,0,0,0,2,4,0,0,2,4,2,0,0,0,0,0,6,0,4,0,0,0,0,0,0,0,2,0,6,16,6,0,8,8,6,4,32,8,18,2,0,0,2,0,0,2,0,0,0,0,2,0,0,0,2,0,0,0,6,22,0,8,0,0,2,0,0,0,4,0,2,0,0,0,0,8
4,0,4,4,4,4,0,0,0,2,0,0,2,0,0,0,0,0,0,0,0,0,0,4,0,0,0,0,2,0,0,0,0,0,0,0,0,2,0,0,0,0,0,2,2,0,4,2,0,12,0,4,0,0,8,0,4,0,16,0,0,0,6,14,0,0,0,0,6,4,0,0,0,0,4,0,0,6,0,4,0,0,0,0,0,0,0,2,0,4,6,12,0,0,0,0,0,2,0,0,0,0,0,0,0,2,0,0,0,0,2,2,2,0,4,2,0,0,10,8,0,0,14,0,0,0,4,0,10,4,4,0,0,0,6,0,0,0,0,4,6,14,8,4,0,0,0,0,0,32,0,8,0,8,0,0,0,0,0,4,0,0,24,4,0,2,2,0,0,30,0,2,0,0,0,0,4,0,4,0,0,0,0,4,0,0,0,14,0,2,8,2,10,6,0,0,0,2,0,4,2,0,4,10,0,0,0,0,12
4,0,2,2,0,0,0,2,0,2,0,0,0,0,2,0,0,0,0,0,0,2,0,4,2,0,0,0,0,0,0,0,0,0,0,0,0,2,6,2,0,0,0,6,2,0,2,0,0,10,2,6,0,2,10,0,0,4,14,0,4,0,8,16,0,0,0,2,0,4,8,8,2,0,0,0,0,6,6,0,2,0,0,0,4,0,0,0,10,0,2,28,0,0,0,0,0,0,0,12,0,0,2,0,4,0,0,2,2,0,0,0,0,0,0,0,2,0,16,12,0,0,0,0,0,0,4,0,6,6,2,0,2,0,0,0,0,2,8,0,4,24,2,4,4,0,0,2,0,10,0,2,0,10,0,0,0,10,0,2,0,0,0,2,4,14,4,0,4,26,0,6,0,0,0,2,2,0,2,0,0,0,0,0,2,6,2,0,0,0,0,0,0,2,34,2,0,0,2,2,4,2,6,8,6,2,2,0,2
4,0,4,4,0,4,0,6,0,2,0,0,6,0,0,0,0,0,0,0,0,0,0,4,0,0,0,0,0,0,0,0,2,0,0,2,0,0,2,0,6,0,0,12,0,0,6,0,0,10,0,2,6,0,0,0,0,2,0,0,0,0,28,28,2,0,0,0,2,6,6,10,4,4,4,0,0,4,0,4,2,0,0,2,2,0,0,0,0,4,2,6,0,4,0,0,0,0,0,0,0,2,0,0,0,0,0,0,0,0,0,0,0,0,0,0,0,0,16,0,0,0,50,0,0,0,0,0,32,6,6,0,0,0,0,0,0,6,4,0,18,12,2,0,0,0,0,0,0,14,0,0,0,8,0,0,0,2,0,4,0,0,2,0,0,10,10,0,2,24,0,6,0,0,0,2,0,0,2,0,0,0,0,0,0,0,0,0,0,0,0,0,0,0,0,0,0,0,0,2,0,0,4,32,0,4,0,0,0
4,2,0,0,0,14,0,2,0,0,2,0,0,0,0,0,0,0,0,0,0,0,0,4,0,0,0,0,0,0,0,0,0,0,0,4,0,0,4,0,0,0,0,2,2,0,4,0,4,4,4,0,6,0,14,0,8,4,10,0,0,2,0,0,2,2,0,0,0,0,2,16,0,0,0,0,0,6,0,0,4,0,0,0,0,2,0,0,4,2,2,0,2,0,0,0,0,4,0,0,0,0,0,0,2,0,0,0,0,0,4,0,4,2,2,6,2,2,6,0,0,0,10,0,0,0,8,0,12,4,0,0,0,0,2,0,0,0,0,0,4,0,2,0,0,0,0,0,6,16,0,14,0,14,0,0,0,2,2,2,0,0,10,0,0,10,0,0,0,14,0,8,0,0,0,6,14,0,4,0,0,0,0,0,0,0,0,0,0,0,0,0,0,0,0,0,0,0,0,0,0,2,0,10,0,4,0,0,0
4,0,2,2,2,2,2,2,0,0,0,2,0,0,0,0,0,0,0,0,2,0,2,8,0,2,0,0,0,0,0,0,2,0,0,0,2,6,6,0,0,0,0,0,0,0,14,0,4,0,2,0,0,0,14,0,0,2,2,0,0,0,8,36,6,0,0,0,8,0,0,6,2,0,4,0,0,2,0,0,4,0,2,2,10,0,0,0,0,0,0,0,2,4,0,0,0,0,0,0,0,0,0,0,0,0,0,0,2,0,0,0,0,0,2,2,0,0,18,0,0,0,20,0,0,0,2,0,28,12,6,0,2,0,0,0,0,4,0,0,26,18,2,10,4,0,2,0,0,26,2,6,2,12,0,0,4,2,0,4,2,0,14,0,0,12,2,0,0,28,0,0,0,2,0,4,20,0,4,0,0,0,0,0,0,0,0,0,0,0,0,0,0,0,0,0,0,0,0,0,0,4,6,12,2,2,0,0,2
4,0,2,2,0,0,0,0,0,0,0,0,0,0,0,0,0,0,0,4,0,0,0,6,0,0,0,0,2,4,0,0,0,0,0,2,0,4,4,0,2,0,0,0,0,0,0,0,2,4,0,2,4,0,18,0,4,4,10,0,0,2,2,50,6,0,0,0,2,0,2,0,0,0,2,0,0,6,0,2,8,0,0,0,2,2,0,0,6,10,0,16,0,4,0,0,0,0,0,0,0,0,0,0,0,0,0,0,0,0,0,0,0,0,2,2,6,2,0,0,0,0,16,2,2,0,8,0,18,0,2,0,2,0,2,0,0,4,2,0,12,14,0,0,2,0,0,0,0,56,0,2,0,16,0,2,0,4,0,4,0,0,12,0,0,10,12,0,6,4,0,0,0,0,0,4,6,0,8,0,0,0,0,0,0,0,0,0,0,0,0,0,0,0,0,0,0,0,0,0,0,0,2,28,0,0,0,0,0
4,0,0,0,0,0,0,0,0,0,0,0,0,0,0,0,0,0,0,0,0,0,0,0,0,0,0,0,0,0,0,0,0,0,0,0,2,0,6,0,2,0,0,0,0,0,0,0,0,26,0,0,0,0,6,0,4,0,0,0,0,0,2,8,0,0,0,14,0,0,0,0,0,0,0,0,0,2,2,0,4,0,0,0,2,0,0,0,6,2,0,0,0,0,0,0,0,0,0,0,0,0,0,0,0,0,0,0,0,0,0,0,0,0,0,0,0,2,0,0,0,0,28,0,2,0,0,0,0,0,2,0,0,0,0,0,0,0,0,0,6,0,0,0,0,0,0,6,4,0,0,6,0,14,0,0,0,2,0,2,0,0,0,0,0,2,0,0,0,24,0,0,0,4,0,0,0,0,0,0,0,0,0,0,0,0,0,0,0,0,0,0,0,0,0,0,0,0,0,0,0,0,0,2,2,6,0,0,0
4,0,0,0,0,0,14,2,0,0,0,0,0,0,0,0,0,0,0,0,0,0,0,0,0,0,0,0,0,0,0,0,0,0,0,0,0,2,0,0,0,2,0,0,0,0,0,0,0,2,2,0,0,8,10,0,0,0,0,0,0,0,0,8,0,4,0,6,6,0,0,0,0,0,4,0,0,6,4,8,6,0,0,0,2,0,0,0,6,6,4,2,0,0,0,0,0,0,0,0,0,0,0,0,0,0,0,0,0,0,0,0,0,0,0,0,4,2,0,0,0,0,10,0,0,0,0,0,0,0,2,0,0,0,0,0,0,0,0,0,4,0,2,0,0,0,0,0,0,0,0,16,0,14,2,0,0,2,0,0,0,0,0,0,2,14,16,0,0,28,0,0,0,2,0,10,0,0,0,0,0,0,0,0,0,0,0,0,0,0,0,0,0,0,0,0,0,0,0,0,0,0,0,8,4,2,0,0,4
4,0,0,0,0,0,0,0,0,0,0,0,0,0,0,0,0,0,0,0,0,0,0,0,0,0,0,0,0,0,0,0,0,0,0,0,0,0,14,0,0,0,0,0,0,0,8,0,0,6,0,4,0,0,10,0,10,0,0,0,0,0,0,16,2,2,0,2,0,0,0,0,0,2,0,2,0,0,2,2,0,0,0,0,0,2,0,0,4,2,0,12,0,0,0,0,0,2,0,0,0,0,0,0,0,0,0,0,0,0,0,0,0,0,0,0,0,2,0,0,0,0,2,2,2,0,0,0,0,0,6,0,0,0,0,0,0,0,0,0,8,2,0,0,0,0,0,2,0,0,0,4,2,4,0,2,0,12,2,2,0,0,0,0,0,6,2,0,4,28,0,0,0,0,0,2,0,0,0,0,0,0,0,0,0,0,0,0,0,0,0,0,0,0,0,0,0,0,0,0,0,4,0,6,6,0,0,6,0
4,0,0,0,0,0,0,2,0,0,0,0,0,0,0,0,0,0,0,0,0,0,0,0,0,0,0,0,0,0,0,0,0,0,0,0,0,0,10,2,8,0,2,0,0,0,2,2,0,14,0,4,0,0,20,0,4,0,0,0,0,2,2,4,0,2,0,0,0,0,0,0,0,4,16,0,0,4,0,0,6,4,0,0,8,4,0,4,4,6,2,2,0,0,0,0,0,0,0,0,0,0,0,0,0,0,0,0,0,0,0,0,0,0,0,0,6,0,0,0,6,0,0,0,0,0,0,0,0,0,0,0,0,0,0,0,0,0,0,0,10,0,2,0,0,0,2,2,0,0,0,2,0,14,10,4,4,0,0,8,0,0,0,0,0,2,2,0,2,32,0,0,0,0,0,2,0,0,0,0,0,0,0,0,0,0,0,0,0,0,0,0,0,0,0,0,0,0,0,0,0,0,2,2,0,12,0,0,0
4,0,0,0,0,0,2,2,0,0,0,0,0,0,0,0,0,0,0,0,0,0,0,0,0,0,0,0,0,0,0,0,0,0,0,0,0,0,2,0,4,0,0,0,0,0,4,0,4,6,0,2,0,0,8,0,4,0,0,0,0,0,30,0,0,0,0,16,0,0,0,0,0,4,2,0,0,4,0,4,2,0,6,4,0,0,0,2,8,4,6,14,0,0,0,0,0,0,0,0,0,0,0,0,0,0,0,0,0,0,0,0,0,0,0,0,0,0,0,0,0,0,0,0,0,0,0,0,0,0,0,0,0,0,0,0,0,0,0,0,0,0,0,0,0,0,0,0,0,0,0,0,0,0,0,0,0,0,0,0,0,0,0,0,0,0,0,0,0,0,0,0,0,2,0,0,0,0,0,0,0,0,0,0,0,0,0,0,0,0,0,0,0,0,0,0,0,0,0,0,0,0,0,0,4,8,0,0,2
4,0,0,0,0,0,0,0,0,0,0,0,0,0,0,0,0,0,0,0,0,0,0,0,0,0,0,0,0,0,0,0,0,0,0,0,0,4,4,2,0,0,0,0,0,0,2,0,0,24,0,0,0,6,10,0,6,0,0,0,0,0,0,16,0,0,0,16,0,0,0,0,0,12,6,4,2,2,0,0,10,2,0,0,0,0,0,2,4,6,2,10,0,0,0,0,0,0,0,0,0,0,0,0,0,0,0,0,0,0,0,0,0,0,0,0,0,0,0,0,0,0,0,0,0,0,0,0,0,0,0,0,0,0,0,0,0,0,0,0,0,0,0,0,0,0,0,0,0,0,0,0,0,0,0,0,0,0,0,0,0,0,0,0,0,0,0,0,0,0,0,0,0,6,0,0,0,0,0,0,0,0,0,0,0,0,0,0,0,0,0,0,0,0,0,0,0,0,0,0,0,14,0,14,0,10,0,0,8
4,0,0,0,0,0,2,0,0,0,0,0,0,0,0,0,0,0,0,0,0,0,0,0,0,0,0,0,0,0,0,0,0,0,0,0,0,0,0,0,6,0,0,0,0,2,4,0,2,4,0,4,0,0,18,0,6,0,0,0,0,4,22,42,8,0,0,2,0,0,0,0,0,0,0,0,0,4,0,0,6,0,0,0,0,0,0,0,8,8,0,6,0,0,0,0,0,2,0,0,0,0,0,0,0,0,0,0,0,0,0,0,0,0,0,0,0,0,0,0,0,0,0,0,0,0,0,0,0,0,0,0,0,0,0,0,0,0,0,0,0,0,0,0,0,0,0,0,0,0,0,0,0,0,0,0,0,0,0,0,0,0,0,0,0,0,0,0,0,0,0,0,0,0,0,0,0,0,0,0,0,0,0,0,0,0,0,0,0,0,0,0,0,0,0,0,0,0,0,0,0,0,4,2,10,6,0,4,2
4,0,0,0,0,0,0,0,0,0,0,0,0,0,0,0,0,0,0,0,0,0,0,0,0,0,0,0,0,0,0,0,0,0,0,0,0,0,8,0,0,0,0,0,0,0,4,0,0,0,0,2,0,0,24,0,0,0,0,0,0,0,0,16,0,2,0,0,4,0,0,0,0,8,0,0,0,0,0,6,8,0,0,0,10,0,0,2,2,0,0,8,0,0,0,0,0,0,0,0,0,0,0,0,0,0,0,0,0,0,0,0,0,0,0,0,0,0,0,0,0,0,0,0,0,0,0,0,0,0,0,0,0,0,0,0,0,0,0,0,0,0,0,0,0,0,0,0,0,0,0,0,0,0,0,0,0,0,0,0,0,0,0,0,0,0,0,0,0,0,0,0,0,8,0,0,0,0,0,0,0,0,0,0,0,0,0,0,0,0,0,0,0,0,0,0,0,0,0,0,0,6,6,8,0,2,0,0,0
5,0,4,4,0,0,6,0,0,0,0,0,0,0,6,0,0,0,4,0,0,0,0,8,0,0,0,0,0,0,0,0,0,0,0,2,0,0,4,0,4,0,4,0,6,0,0,0,0,0,2,0,0,0,8,0,0,2,0,0,0,0,8,14,14,0,0,16,0,0,0,2,0,0,0,2,0,10,2,0,4,0,0,0,4,0,0,0,2,0,4,2,0,6,0,0,0,2,0,2,0,0,0,0,0,4,0,2,0,2,0,0,4,2,4,8,12,0,2,0,6,0,0,0,4,0,2,0,18,2,10,0,2,0,6,0,0,0,0,0,12,12,14,2,0,0,4,0,0,10,0,8,0,6,0,4,0,6,0,0,2,0,14,0,24,10,2,0,12,8,0,6,0,0,0,2,0,0,0,0,0,2,0,0,0,12,2,0,0,0,2,2,4,0,2,2,2,0,0,0,0,2,2,0,0,0,0,2,6
5,0,0,0,2,0,0,0,0,0,0,0,0,0,0,0,0,2,4,0,0,0,0,0,0,0,0,0,2,0,4,0,0,0,0,0,0,0,4,0,0,0,0,0,6,0,0,0,4,0,0,2,0,0,8,4,12,2,6,0,0,0,12,6,2,0,0,16,0,2,0,6,0,4,6,0,0,16,0,0,2,0,2,2,2,0,0,0,0,0,2,6,0,4,0,2,0,0,0,0,0,0,0,0,0,2,0,2,0,0,0,0,6,0,4,0,2,0,6,4,2,0,0,6,0,0,2,0,6,2,8,0,6,0,8,0,0,0,0,4,6,8,12,0,0,0,0,2,2,32,4,14,0,30,0,0,0,2,0,0,0,2,12,2,0,4,10,0,0,14,2,4,0,2,0,0,0,0,0,0,2,0,0,0,0,2,0,2,0,0,6,0,12,0,8,0,4,0,0,2,0,0,8,2,0,0,0,0,8
5,0,0,0,4,0,0,0,0,0,2,4,0,0,0,0,0,0,2,0,0,0,0,2,0,2,0,2,0,0,0,0,0,0,0,2,0,2,4,2,0,0,2,0,0,0,0,0,2,0,0,2,0,2,8,0,10,10,6,0,0,0,2,0,0,0,0,14,18,2,0,22,0,0,6,0,4,12,0,0,0,0,0,0,0,0,0,0,0,0,0,10,0,2,0,0,0,0,0,4,0,0,0,0,2,2,0,0,2,0,0,0,14,0,2,2,18,0,4,0,8,0,2,0,0,0,0,0,18,6,4,0,0,0,4,0,0,2,22,0,8,12,12,0,2,0,4,0,2,40,4,16,0,34,4,0,0,6,0,8,0,0,8,0,4,8,0,2,0,12,0,6,0,0,0,2,0,0,0,2,2,0,0,0,0,8,0,2,0,8,4,2,18,0,4,0,2,0,0,0,0,0,6,8,0,0,0,0,4
5,0,2,2,2,0,0,4,0,0,0,2,16,0,0,0,0,0,2,0,0,0,0,0,2,0,0,0,0,0,0,0,0,0,0,0,0,4,0,0,2,0,0,0,2,0,0,0,0,4,0,2,0,2,6,0,4,4,6,0,0,2,0,4,2,0,0,4,0,4,0,4,4,4,4,0,0,6,0,0,0,0,0,4,0,0,0,0,4,2,0,10,2,16,0,0,0,0,0,2,0,0,0,0,0,4,0,4,0,4,0,0,8,0,6,4,2,4,0,2,0,0,2,0,0,0,2,0,12,0,6,2,0,0,4,0,0,0,0,0,10,6,12,0,4,0,2,0,0,38,2,16,2,28,4,2,2,6,0,2,2,0,4,0,4,8,10,0,18,18,0,0,0,0,0,6,8,0,2,0,0,26,0,2,0,8,0,0,0,0,0,2,4,0,2,0,0,0,0,2,0,4,6,0,0,0,0,0,2
5,0,2,2,6,0,0,0,0,0,0,0,2,0,2,0,2,0,2,0,2,0,0,2,0,0,0,0,0,0,0,0,8,0,0,0,0,2,2,0,0,0,2,0,14,0,0,0,0,2,0,0,0,6,26,0,2,0,2,0,0,2,40,8,2,2,0,8,12,2,0,0,0,2,4,0,0,16,0,0,2,0,0,8,0,24,0,0,0,0,0,0,0,0,0,0,0,0,0,0,0,0,0,0,8,2,0,0,4,0,0,0,10,0,6,6,6,2,6,6,2,0,0,0,0,0,2,0,8,10,6,0,0,0,0,0,0,0,8,0,12,8,12,4,0,0,0,0,2,64,0,12,0,24,0,6,0,40,0,0,0,2,12,2,16,24,8,0,14,20,0,0,0,0,0,2,0,0,0,2,2,0,2,8,0,4,0,10,0,12,8,0,12,0,6,0,0,0,0,0,0,4,6,2,0,0,0,0,12
5,0,8,8,0,0,0,4,0,2,2,0,6,0,0,0,0,0,0,0,0,0,2,2,0,0,2,0,0,0,0,0,0,0,0,0,0,0,8,0,0,0,0,0,2,0,4,2,2,12,0,0,0,2,4,2,4,4,8,0,0,2,10,8,2,0,0,8,10,4,0,0,2,0,4,0,0,10,0,0,2,0,0,2,0,0,0,0,0,6,2,0,0,2,0,0,0,0,0,0,0,0,0,0,0,0,0,0,4,0,0,0,4,2,2,6,12,10,4,2,2,0,0,0,0,0,0,0,8,2,10,0,2,0,0,0,2,4,6,0,20,6,0,2,0,0,2,6,0,30,0,8,0,32,0,0,0,4,0,0,4,0,28,0,14,12,4,0,0,24,0,2,0,0,2,16,0,0,0,0,6,0,2,4,0,0,0,6,0,2,2,2,26,0,0,0,0,0,0,0,0,0,0,0,2,0,0,0,0
5,0,8,8,0,0,0,4,0,2,0,2,0,8,4,4,0,0,0,0,0,0,0,2,0,0,0,0,0,0,0,0,0,0,0,0,0,0,4,0,0,0,0,0,8,0,8,0,0,4,2,18,2,0,14,0,8,0,2,0,0,0,0,2,0,2,0,12,0,10,2,0,2,2,2,0,2,4,0,0,0,0,0,0,0,0,0,0,2,0,0,22,0,2,0,0,0,0,0,0,0,0,0,0,0,4,2,6,6,0,0,0,4,0,4,6,2,2,6,10,0,0,14,2,0,2,0,0,0,6,6,2,0,0,0,0,0,6,4,0,10,8,6,6,0,0,0,0,0,38,0,38,0,16,0,0,0,4,0,0,0,0,12,0,8,8,4,0,12,26,6,2,0,0,0,8,6,0,0,2,2,2,0,2,0,6,0,0,0,0,0,0,0,0,0,0,0,0,0,0,0,0,4,6,0,0,0,0,2
5,0,6,6,0,2,4,8,0,0,0,0,16,0,0,0,0,0,0,0,0,0,0,6,0,2,0,0,0,0,0,0,0,0,0,2,0,4,12,0,4,2,0,0,8,0,0,0,0,2,6,6,0,0,10,0,6,0,8,0,0,0,40,0,0,0,0,18,2,16,4,2,0,6,4,0,2,14,0,0,0,0,0,2,4,0,0,0,12,0,4,0,0,2,0,0,0,2,0,0,0,4,0,0,2,0,0,0,0,0,0,0,10,0,2,6,20,0,4,0,0,0,4,0,0,0,4,0,20,12,2,0,0,0,0,0,0,2,2,0,8,6,6,0,0,0,0,4,0,28,2,10,0,18,2,0,0,4,2,4,0,0,14,0,6,8,6,2,2,20,0,0,0,0,0,2,2,0,2,0,0,2,0,0,2,2,2,0,0,0,0,0,0,0,0,0,0,0,0,4,8,0,2,10,0,0,0,0,2
5,0,4,4,0,0,0,0,0,2,0,0,0,0,0,0,0,0,0,0,0,0,0,4,0,0,0,0,0,0,0,0,0,0,0,0,0,0,0,0,0,6,0,2,8,0,0,0,0,14,0,0,2,0,24,4,8,6,6,0,0,0,4,12,4,0,0,14,4,6,4,18,0,2,4,0,0,2,4,6,0,0,0,0,0,6,0,2,0,0,0,0,0,4,0,0,0,0,0,2,4,0,0,0,4,4,0,0,12,0,0,0,2,0,0,16,26,4,10,0,2,2,16,2,0,0,0,0,20,14,0,0,0,0,2,0,0,2,0,8,8,8,0,0,4,0,0,0,0,46,2,10,0,24,0,0,0,6,0,0,0,0,18,0,0,8,2,0,14,20,4,0,0,2,0,2,14,0,0,0,0,0,0,0,0,0,0,0,0,0,0,0,0,0,0,0,0,0,0,0,4,0,0,6,0,2,0,0,0
5,0,4,4,0,8,4,4,2,2,0,0,0,0,0,0,0,0,0,0,0,2,0,4,2,0,0,0,0,2,2,0,0,0,0,2,0,0,0,0,0,2,0,2,4,0,4,0,0,0,0,0,0,2,22,0,2,6,16,2,0,2,0,0,0,0,0,12,16,0,4,24,2,2,0,0,4,14,0,2,2,0,0,0,0,0,0,0,2,6,0,0,0,4,0,0,0,0,0,2,0,2,0,0,0,4,0,0,4,0,0,0,4,2,0,0,22,4,8,0,0,0,6,2,2,0,2,0,4,0,14,0,0,0,2,0,0,12,4,0,4,6,0,2,0,0,0,8,0,44,4,36,0,30,6,0,0,8,0,8,0,0,30,0,26,10,4,0,4,12,2,0,0,2,0,10,2,0,0,0,0,0,0,0,0,0,0,0,0,0,0,0,0,0,0,0,0,0,0,2,0,0,4,16,0,0,0,0,0
5,0,4,4,2,0,0,12,0,0,4,0,0,0,0,0,0,0,0,0,0,0,0,2,0,0,0,0,0,0,0,0,0,0,0,4,0,0,0,0,0,0,0,2,0,0,2,0,0,6,0,4,0,0,8,0,10,6,12,0,0,0,0,54,4,2,2,2,0,8,8,14,2,0,0,0,0,4,0,12,4,0,0,8,0,0,0,0,8,2,2,0,0,0,0,0,0,0,0,0,2,2,0,0,4,2,2,4,0,2,0,0,8,0,2,2,12,4,12,0,0,0,8,2,0,0,2,2,38,2,4,0,0,0,2,0,0,6,0,0,6,2,0,2,0,0,0,4,0,44,2,14,0,14,4,0,0,0,0,6,0,0,12,0,2,10,4,0,8,28,4,0,2,0,0,10,8,0,8,0,0,0,0,0,4,0,0,0,0,0,0,0,0,0,0,0,0,0,0,2,0,8,0,24,0,10,2,0,0
5,0,4,4,2,0,0,6,2,0,0,0,0,0,0,0,0,0,0,2,0,4,0,4,0,0,0,0,0,0,2,0,0,0,0,0,0,0,0,4,0,0,0,0,0,0,12,0,0,10,0,0,4,0,4,0,4,4,8,0,0,2,0,14,0,6,0,12,0,4,8,16,0,0,2,0,0,0,2,4,0,0,0,0,0,0,0,2,14,0,0,8,0,4,0,0,0,2,0,2,2,0,0,0,0,12,0,0,4,0,0,0,4,0,2,6,4,4,18,0,4,0,2,0,0,0,4,0,6,0,2,0,0,0,0,0,0,4,0,0,10,2,0,0,2,0,0,0,0,48,0,22,0,22,4,0,0,2,0,0,0,6,30,0,0,10,12,0,12,28,0,0,0,2,0,14,2,0,2,0,0,0,0,0,0,0,0,0,0,0,0,0,0,0,0,0,0,0,0,12,2,2,6,12,10,8,0,0,0
5,0,0,0,0,0,2,6,0,0,0,0,0,0,0,0,0,0,0,0,0,0,0,0,0,0,0,0,0,0,0,0,0,0,0,0,0,0,6,4,0,2,0,0,0,0,8,0,0,2,0,2,0,0,14,0,8,0,0,0,0,0,2,16,0,0,0,6,0,0,2,0,0,4,4,4,0,6,0,4,10,0,0,0,0,2,0,0,4,10,0,10,0,0,0,0,0,0,0,0,0,0,0,0,0,0,0,0,0,0,0,0,0,0,0,0,14,2,0,0,2,0,14,2,0,0,0,0,0,0,4,0,0,0,0,0,0,0,0,0,10,8,0,0,0,0,6,2,2,0,0,18,2,24,2,0,0,2,4,4,0,0,0,0,6,14,2,0,0,18,0,0,0,14,2,4,10,0,0,0,0,0,0,0,0,0,0,0,0,0,0,0,0,0,0,0,0,0,0,6,2,2,8,18,2,8,0,0,0
5,0,0,0,0,0,2,0,0,0,0,0,0,0,0,0,0,0,0,0,0,0,0,0,0,0,0,0,0,0,0,0,0,0,0,0,0,2,0,0,0,0,0,0,0,0,8,0,0,22,0,0,0,0,8,0,4,0,0,0,0,0,12,86,2,0,2,8,2,0,6,2,0,0,2,0,4,4,0,2,8,0,2,4,0,0,0,4,6,4,0,0,0,0,0,0,0,2,0,0,0,0,0,0,0,0,0,0,0,0,0,0,0,0,0,0,10,10,0,0,4,0,18,4,0,0,0,0,0,0,0,0,0,0,0,0,0,0,0,0,4,0,4,0,0,0,0,10,4,0,0,4,0,16,2,0,0,2,0,0,0,0,0,0,10,12,8,0,2,26,0,0,0,0,0,2,0,0,0,0,0,0,0,0,0,0,0,0,0,0,0,0,0,0,0,0,0,0,0,0,0,0,2,12,2,0,0,2,0
5,0,0,0,0,0,2,0,0,0,0,0,0,0,0,0,0,0,0,0,0,0,0,0,0,0,0,0,0,0,0,0,0,0,0,0,0,0,4,0,4,2,0,0,0,0,0,0,0,8,0,2,0,22,18,0,0,0,0,0,0,0,12,2,0,0,0,12,0,0,8,0,0,2,0,0,0,6,4,2,2,0,2,0,10,8,0,0,0,2,0,6,0,0,0,0,0,0,0,0,0,0,0,0,0,0,0,0,0,0,0,0,0,0,0,0,24,4,0,0,2,0,30,2,2,0,0,0,0,0,0,0,0,0,0,0,0,0,0,0,6,0,0,0,0,0,0,2,0,0,0,18,0,24,6,2,0,0,2,2,0,0,0,0,24,22,12,0,4,12,0,0,0,2,0,0,0,0,0,0,0,0,0,0,0,0,0,0,0,0,0,0,0,0,0,0,0,0,0,0,0,0,6,0,0,4,0,0,0
5,0,0,0,0,0,2,2,0,0,0,0,0,0,0,0,0,0,0,0,0,0,0,0,0,0,0,0,0,0,0,0,0,0,0,0,0,0,0,0,6,2,0,0,0,0,4,0,2,24,0,2,0,0,2,0,12,0,0,0,0,4,0,2,0,0,0,6,4,0,2,0,0,0,4,0,0,0,0,0,10,0,2,0,4,0,0,0,6,8,0,6,0,0,0,0,0,0,0,0,0,0,0,0,0,0,0,0,0,0,0,0,0,0,0,0,6,6,0,0,0,0,14,0,0,0,0,0,0,0,0,0,0,0,0,0,0,0,0,0,0,0,0,0,0,0,0,0,0,0,0,10,0,14,0,2,0,0,0,0,0,0,0,0,0,6,8,0,0,8,0,0,0,2,0,0,0,0,0,0,0,0,0,0,0,0,0,0,0,0,0,0,0,0,0,0,0,0,0,0,0,0,6,10,2,2,0,0,4
5,0,0,0,0,0,4,2,0,0,0,0,0,0,0,0,0,0,0,0,0,0,0,0,0,0,0,0,0,0,0,0,0,0,0,0,0,12,0,0,4,0,0,0,0,0,6,0,0,20,0,6,0,0,18,0,4,0,0,0,0,0,0,0,0,0,0,18,2,0,0,0,0,2,0,0,0,0,0,4,8,0,0,2,0,2,0,2,4,6,6,12,0,0,0,0,0,0,0,0,0,0,0,0,0,0,0,0,0,0,0,0,0,0,0,0,0,0,0,0,0,0,0,0,0,0,0,0,0,0,0,0,0,0,0,0,0,0,0,0,0,0,0,0,0,0,0,0,0,0,0,0,0,0,0,0,0,0,0,0,0,0,0,0,0,0,0,0,0,0,0,0,0,2,0,0,0,0,0,0,0,0,0,0,0,0,0,0,0,0,0,0,0,0,0,0,0,0,0,0,0,0,6,4,0,12,2,0,2
5,0,0,0,0,0,0,0,0,0,0,0,0,0,0,0,0,0,0,0,0,0,0,0,0,0,0,0,0,0,0,0,0,0,0,0,0,0,4,0,4,0,0,0,0,0,0,0,0,10,0,0,0,6,12,0,14,0,0,0,0,0,2,4,0,0,0,16,0,0,0,0,0,2,2,0,2,2,0,0,4,0,0,0,0,0,0,0,2,4,0,14,0,0,0,0,0,0,0,0,0,0,0,0,0,0,0,0,0,0,0,0,0,0,0,0,0,0,0,0,0,0,0,0,0,0,0,0,0,0,0,0,0,0,0,0,0,0,0,0,0,0,0,0,0,0,0,0,0,0,0,0,0,0,0,0,0,0,0,0,0,0,0,0,0,0,0,0,0,0,0,0,0,10,0,0,0,0,0,0,0,0,0,0,0,0,0,0,0,0,0,0,0,0,0,0,0,0,0,0,0,0,10,18,2,6,0,0,4
5,0,0,0,0,0,2,0,0,0,0,0,0,0,0,0,0,0,0,0,0,0,0,0,0,0,0,0,0,0,0,0,0,0,0,0,0,0,0,0,4,2,0,0,0,0,0,0,0,12,0,0,0,4,34,0,6,0,0,0,0,0,0,10,2,0,0,18,0,0,0,0,0,0,0,0,0,2,2,4,4,0,0,0,2,0,2,6,12,8,2,0,0,0,0,0,0,0,0,0,0,0,0,0,0,0,0,0,0,0,0,0,0,0,0,0,0,0,0,0,0,0,0,0,0,0,0,0,0,0,0,0,0,0,0,0,0,0,0,0,0,0,0,0,0,0,0,0,0,0,0,0,0,0,0,0,0,0,0,0,0,0,0,0,0,0,0,0,0,0,0,0,0,16,0,0,0,0,0,0,0,0,0,0,0,0,0,0,0,0,0,0,0,0,0,0,0,0,0,0,0,0,12,4,2,2,0,0,0
5,0,0,0,0,0,6,0,0,0,0,0,0,0,0,0,0,0,0,0,0,0,0,0,0,0,0,0,0,0,0,0,0,0,0,0,0,2,0,0,14,0,0,0,0,0,6,0,0,4,0,2,0,2,16,0,12,0,0,0,0,0,0,0,0,0,0,10,0,0,0,0,0,0,4,0,0,0,2,2,4,0,0,0,2,0,0,2,4,12,2,0,0,0,0,0,0,0,0,0,0,0,0,0,0,0,0,0,0,0,0,0,0,0,0,0,0,0,0,0,0,0,0,0,0,0,0,0,0,0,0,0,0,0,0,0,0,0,0,0,0,0,0,0,0,0,0,0,0,0,0,0,0,0,0,0,0,0,0,0,0,0,0,0,0,0,0,0,0,0,0,0,0,0,0,0,0,0,0,0,0,0,0,0,0,0,0,0,0,0,0,0,0,0,0,0,0,0,0,0,0,2,8,34,0,0,0,0,0
6,0,2,2,0,0,2,0,0,0,2,0,0,0,0,0,0,0,8,0,0,0,2,4,2,0,0,0,0,0,2,0,0,0,0,0,0,0,2,0,6,4,0,0,2,0,2,0,0,0,12,2,0,0,4,2,0,0,6,0,0,0,2,0,0,0,0,12,2,0,0,6,0,4,4,2,4,6,0,0,0,2,0,2,0,0,0,0,2,0,0,4,0,8,0,0,0,0,0,0,0,0,0,0,0,0,2,4,10,0,0,0,4,2,0,0,8,2,0,0,2,0,8,0,0,0,2,0,6,6,14,4,2,2,6,0,0,0,6,0,0,2,0,0,0,0,0,0,0,28,0,10,0,18,0,0,2,6,0,0,0,0,8,2,38,24,18,4,8,26,0,10,0,0,0,10,4,0,4,0,0,0,0,0,2,4,0,0,0,0,4,6,14,0,0,0,0,18,8,0,0,0,6,0,0,0,0,0,4
6,6,0,0,0,0,6,0,0,2,0,0,2,6,0,0,0,0,2,0,0,0,0,0,2,2,2,0,4,0,0,0,0,0,0,2,0,0,2,0,6,0,6,2,0,2,0,0,0,2,2,6,0,0,2,0,6,2,6,0,0,0,0,0,0,2,0,12,4,0,0,10,0,0,8,0,8,4,2,4,0,0,0,0,10,0,0,0,2,2,0,0,0,0,0,0,0,0,0,0,2,0,0,2,0,2,4,4,8,2,0,0,0,0,8,8,8,0,0,4,0,0,0,0,0,0,2,0,20,8,10,2,0,0,0,0,0,0,8,0,10,4,8,0,2,0,2,2,0,24,0,18,0,38,8,0,0,0,0,0,0,0,16,0,16,18,12,0,0,26,0,6,0,0,0,0,0,0,0,2,0,0,0,0,0,0,0,0,0,0,2,0,10,0,6,0,0,0,8,0,2,0,6,2,0,0,2,0,22
6,0,2,2,0,0,2,0,0,0,0,4,8,0,2,0,2,0,12,0,0,0,0,4,0,2,0,2,0,0,0,0,0,0,0,0,2,2,2,0,2,4,4,4,4,2,0,0,2,4,0,4,0,0,10,0,2,14,10,0,0,0,2,2,2,0,0,18,2,0,0,12,4,2,10,2,2,0,0,0,2,0,0,0,0,0,0,0,0,0,2,0,0,2,0,2,0,0,0,0,4,0,4,0,0,6,6,2,22,2,0,0,2,0,4,4,10,0,4,4,6,0,22,2,0,0,0,0,18,6,2,0,2,0,0,0,0,0,4,0,6,4,14,2,0,0,0,2,0,24,2,16,0,50,0,0,0,4,0,0,0,0,10,0,20,18,12,0,0,24,0,10,0,0,0,10,0,0,0,0,2,0,0,0,0,0,2,0,0,0,2,0,4,0,6,0,2,0,8,2,0,0,6,4,0,0,0,0,6
6,0,0,0,2,2,6,4,0,0,0,0,20,8,2,0,0,0,4,0,0,0,0,2,0,4,0,0,6,0,2,0,2,0,0,0,0,2,0,0,2,0,2,2,0,2,4,0,4,12,2,4,0,0,6,0,4,4,6,0,0,0,2,6,0,0,0,10,0,8,0,24,0,0,4,2,0,4,0,0,2,0,0,0,6,0,0,0,0,0,0,0,0,2,0,0,2,0,0,0,0,2,0,0,0,6,6,2,14,2,0,0,6,0,6,0,32,2,4,4,6,0,8,2,0,2,12,0,8,8,10,4,4,0,2,0,2,0,4,0,4,4,12,0,2,0,6,2,0,30,6,18,0,26,4,2,0,12,0,2,0,0,20,12,30,28,6,2,2,24,0,4,0,0,0,2,0,0,0,0,2,2,0,2,2,0,2,0,0,2,10,2,6,0,2,0,0,0,2,0,4,0,6,2,2,0,0,0,2
6,0,8,8,0,0,2,2,0,2,0,0,2,0,4,0,0,0,4,0,0,0,10,0,0,2,0,4,2,0,0,0,6,0,0,0,0,0,0,0,0,0,0,0,8,0,0,2,0,14,2,16,0,0,14,0,6,10,0,0,0,2,6,2,0,0,0,20,0,8,0,4,0,2,0,0,8,2,0,2,2,2,0,0,6,0,0,0,4,0,2,4,0,2,0,0,0,0,0,2,2,6,0,0,0,4,2,0,14,0,0,0,2,0,2,4,14,4,8,2,0,0,2,2,2,0,8,6,14,12,10,8,2,0,0,0,0,0,10,0,12,6,8,0,2,0,0,2,0,40,4,14,0,30,0,0,0,0,4,0,2,0,22,0,28,16,16,0,4,34,22,12,0,4,0,4,6,0,0,0,4,0,0,2,2,6,2,0,0,0,0,0,4,0,2,0,2,0,0,0,2,0,4,4,0,0,0,84,8
6,0,2,2,0,6,12,0,0,0,0,0,0,0,2,0,0,0,0,0,2,0,4,0,2,4,0,2,0,0,0,0,8,0,0,2,0,0,8,2,4,0,0,2,2,6,6,0,0,2,2,8,0,2,4,0,12,4,2,0,0,2,0,2,0,0,0,16,4,14,0,0,2,0,2,2,0,2,0,2,4,0,0,0,2,0,0,0,0,10,2,10,0,0,0,0,0,0,0,0,0,4,0,0,0,14,2,2,6,0,0,0,0,0,4,6,30,2,4,8,0,0,6,0,0,2,8,0,12,0,2,4,0,0,2,0,0,0,6,0,2,4,2,0,0,0,0,0,0,36,0,20,0,30,4,0,0,0,0,0,0,0,10,6,24,18,8,0,34,18,20,14,0,0,2,24,0,0,2,0,0,0,2,4,0,6,0,0,0,0,2,2,0,0,2,2,0,8,4,10,4,2,0,2,0,2,0,0,4
6,0,0,0,8,0,2,0,0,0,0,0,12,4,0,0,0,0,0,0,0,0,0,0,0,2,2,0,0,0,0,0,0,0,0,2,0,0,4,0,0,0,0,0,6,0,0,0,2,10,0,6,0,4,6,0,10,4,8,0,0,0,12,18,2,0,0,20,2,6,0,0,2,2,12,2,0,8,2,0,0,0,0,2,6,0,0,0,4,4,0,0,0,0,0,0,0,2,0,0,0,0,0,0,0,0,0,0,4,2,0,0,8,0,4,8,14,6,4,6,6,0,2,2,0,0,4,0,6,0,0,4,2,0,4,0,2,0,0,0,2,8,4,2,0,0,0,0,2,26,0,28,0,44,0,4,0,0,2,6,0,2,14,0,8,20,4,0,2,16,0,0,0,4,0,6,0,0,0,0,0,0,0,4,0,0,0,0,0,2,4,0,12,0,6,0,0,0,0,0,0,0,10,2,0,0,0,0,0
6,0,4,4,6,12,4,0,0,0,0,0,14,0,0,0,0,0,0,0,0,0,2,12,2,0,2,0,0,0,0,0,2,0,0,0,0,2,12,0,6,0,2,0,4,0,0,0,2,4,0,0,0,28,0,0,16,6,4,0,0,0,22,4,0,0,0,24,6,8,0,0,0,12,2,2,0,12,0,6,0,0,0,2,0,0,0,4,0,4,0,4,2,2,2,0,0,0,0,0,0,0,0,0,2,2,0,0,0,0,0,0,0,0,8,8,2,6,2,8,0,0,4,0,0,2,18,4,10,8,8,0,0,0,0,0,0,4,4,0,6,6,2,0,4,0,4,0,2,52,0,20,0,26,6,2,0,8,2,6,2,2,22,0,0,14,0,0,4,12,0,0,0,0,0,14,2,0,6,0,0,0,2,4,2,0,0,4,0,0,4,6,4,0,6,0,0,0,2,0,0,0,0,8,2,0,0,0,4
6,0,2,2,0,4,2,8,0,2,0,2,2,0,0,0,0,0,0,0,0,0,0,8,0,2,0,0,2,0,0,0,16,0,0,0,0,0,12,2,0,0,0,2,2,2,0,0,0,2,2,20,0,10,18,0,8,8,2,0,0,0,4,16,0,0,0,26,10,0,8,26,2,0,0,0,0,8,0,0,0,0,0,0,12,0,0,0,0,12,0,0,0,4,0,0,0,0,0,0,0,0,0,0,0,4,2,0,4,0,0,0,2,0,2,14,16,4,8,0,2,0,6,2,4,0,6,6,4,10,2,0,0,0,2,0,2,2,0,0,8,8,2,0,0,0,0,0,2,42,2,32,2,20,6,0,0,4,4,10,0,2,22,0,0,10,8,0,0,30,0,14,0,14,0,18,10,0,0,0,0,0,0,0,0,10,12,6,0,0,2,2,8,0,6,0,0,0,0,0,0,2,4,20,0,0,0,0,0
6,0,10,10,0,0,0,2,0,4,4,2,6,0,2,0,0,0,0,0,0,8,0,2,0,0,0,0,0,0,0,0,0,0,0,0,0,0,8,0,0,0,0,0,2,0,0,2,4,0,2,0,0,6,12,0,0,22,18,0,0,6,2,2,0,0,0,22,8,4,2,8,2,0,6,0,2,4,2,0,0,0,0,2,4,0,0,0,0,8,2,14,0,2,0,0,0,0,0,0,0,0,0,0,0,2,0,0,4,0,0,0,0,4,0,0,22,10,4,0,6,0,12,0,0,0,20,0,16,6,4,2,0,0,0,0,0,0,0,0,20,14,2,2,0,0,0,4,0,42,0,12,0,18,4,0,0,2,0,8,0,2,18,0,0,8,6,0,2,26,4,16,2,2,0,14,16,0,8,0,0,0,0,0,0,12,2,8,0,2,2,2,6,0,2,2,0,0,0,0,0,2,6,22,0,16,0,0,2
6,0,2,2,2,0,0,0,0,0,0,0,0,0,4,0,0,0,0,0,0,6,0,4,0,0,0,0,0,0,0,0,2,0,0,4,0,0,2,0,0,0,0,0,0,0,6,2,6,14,2,6,0,4,22,0,6,10,14,0,0,0,2,0,0,0,0,20,2,2,2,10,2,2,2,2,0,0,0,0,6,0,2,0,4,0,0,0,4,0,0,26,0,2,0,0,0,0,0,0,2,0,0,0,0,4,0,2,12,2,0,0,8,0,8,8,12,2,6,0,0,0,0,0,0,0,16,0,4,8,0,0,0,0,0,0,0,12,0,0,14,16,0,0,0,0,2,0,0,40,0,22,4,46,4,0,0,2,0,2,2,0,10,0,0,10,0,2,14,28,2,0,0,0,0,10,4,0,6,0,0,0,0,0,0,0,0,0,0,0,0,0,12,0,2,0,0,0,0,0,0,0,0,14,2,6,0,0,0
6,0,0,0,2,0,4,0,0,2,0,0,0,0,0,0,0,0,0,0,0,0,2,8,0,0,0,0,0,0,4,0,0,0,0,2,0,0,0,2,2,0,0,4,2,0,10,0,0,2,0,4,0,8,14,0,6,2,14,0,0,0,10,32,4,0,0,16,6,0,4,0,2,0,0,0,0,6,2,2,2,0,0,0,6,2,0,0,6,4,0,0,0,4,0,0,0,0,0,0,2,0,0,0,0,2,0,0,6,0,0,0,2,0,6,6,20,8,14,0,2,0,30,0,0,0,0,0,18,6,6,4,0,0,0,0,0,10,0,0,18,6,2,0,0,2,0,8,0,38,0,32,2,16,8,2,0,10,0,6,0,0,14,0,4,8,0,0,4,28,0,0,0,12,0,2,10,0,0,0,0,0,0,0,0,0,0,0,2,14,4,6,10,0,16,0,0,0,2,0,0,0,4,12,4,6,0,0,0
6,0,0,0,0,0,2,6,0,0,0,0,0,0,0,0,0,0,0,0,0,0,0,0,0,0,0,0,0,0,0,0,0,0,0,0,0,0,0,2,0,0,0,2,0,2,4,4,2,8,0,6,0,6,12,0,6,0,0,0,0,0,2,0,0,0,0,12,0,0,12,0,0,4,0,2,0,2,2,0,4,2,0,0,0,0,0,0,0,8,0,0,0,0,0,0,0,0,0,0,0,0,0,0,0,0,0,0,0,0,0,0,0,0,0,0,26,4,0,0,0,0,48,0,0,0,0,0,0,0,2,0,0,0,0,0,0,0,0,0,8,4,6,0,0,0,2,0,0,0,0,10,0,32,2,4,0,6,0,2,0,0,0,0,4,12,4,0,4,28,4,0,0,6,0,8,0,0,0,0,0,0,0,0,0,0,0,2,0,0,0,2,16,0,2,0,0,6,4,0,0,0,2,12,2,2,2,0,2
6,0,0,0,0,0,0,0,0,0,0,0,0,0,0,0,0,0,0,0,0,0,0,0,0,0,0,0,0,0,0,0,0,0,0,0,0,2,2,6,2,0,0,0,0,0,0,0,0,16,0,2,0,2,38,0,10,0,0,0,0,4,12,2,0,4,0,10,2,2,26,8,0,0,0,2,2,2,0,6,4,2,0,0,0,0,0,2,2,0,2,0,0,0,0,0,0,4,0,0,0,0,0,0,0,0,0,0,0,0,0,0,0,0,0,0,18,2,0,0,0,0,2,0,0,0,0,0,0,0,0,0,0,0,0,0,0,0,0,0,2,0,0,0,0,0,0,0,0,0,0,26,0,24,0,4,0,0,0,4,0,0,0,0,8,20,8,0,2,22,0,0,0,2,0,0,0,0,0,0,0,0,0,0,0,0,0,2,0,0,2,0,20,0,0,0,0,0,0,0,0,0,4,0,0,2,0,0,0
6,0,0,0,0,0,0,0,0,0,0,0,0,0,0,0,0,0,0,0,0,0,0,0,0,0,0,0,0,0,0,0,0,0,0,0,0,0,14,0,0,0,0,0,0,0,10,2,2,6,0,2,0,14,14,0,6,0,0,0,0,0,12,6,0,0,0,18,4,2,14,0,0,2,4,2,0,2,0,4,4,0,0,2,4,0,0,0,2,0,2,12,0,0,0,0,0,2,0,0,0,0,0,0,0,0,0,0,0,0,0,0,0,0,0,0,14,14,0,0,2,0,22,0,0,0,0,0,0,0,0,0,0,0,0,0,0,0,0,0,6,0,0,0,0,0,4,0,0,0,0,32,2,26,8,8,0,10,0,2,0,0,0,0,0,2,16,0,6,14,0,0,0,12,0,2,0,0,0,0,0,0,0,0,0,0,0,12,0,0,8,0,4,0,0,0,0,0,0,0,0,14,4,0,0,2,0,2,2
6,0,0,0,0,0,2,0,0,0,0,0,0,0,0,0,0,0,0,0,0,0,0,0,0,0,0,0,0,0,0,0,0,0,0,0,0,0,8,0,2,0,0,0,0,0,0,0,0,12,0,2,0,2,6,0,6,0,0,0,0,0,2,34,2,4,0,18,0,0,4,2,0,6,0,4,0,0,0,6,2,2,0,0,4,0,0,2,0,8,0,2,0,0,0,0,0,0,0,0,0,0,0,0,0,0,0,0,0,0,0,0,0,0,0,0,10,4,0,0,4,0,18,0,0,0,0,0,0,0,0,0,0,0,0,0,0,0,0,0,2,0,2,2,0,0,0,2,0,0,0,16,0,24,0,0,0,4,0,6,0,0,0,0,6,8,8,0,4,10,0,0,0,4,0,0,0,0,0,0,0,0,0,0,0,0,0,0,0,0,0,0,0,0,0,0,0,0,0,0,0,6,8,2,2,8,0,0,0
6,0,0,0,0,0,4,2,0,0,0,0,0,0,0,0,0,0,0,0,0,0,0,0,0,0,0,0,0,0,0,0,0,0,0,0,0,0,8,0,0,0,0,0,0,2,8,2,0,8,0,4,0,6,32,0,14,0,0,0,0,4,6,10,4,0,0,10,2,0,0,0,0,4,0,0,0,0,0,4,0,0,0,0,4,0,0,2,2,6,2,6,0,0,0,0,0,0,0,0,0,0,0,0,0,0,0,0,0,0,0,0,0,0,0,0,0,0,0,0,0,0,0,0,0,0,0,0,0,0,0,0,0,0,0,0,0,0,0,0,0,0,0,0,0,0,0,0,0,0,0,0,0,0,0,0,0,0,0,0,0,0,0,0,0,0,0,0,0,0,0,0,0,14,0,0,0,0,0,0,0,0,0,0,0,0,0,0,0,0,0,0,0,0,0,0,0,0,0,0,0,0,2,0,30,8,0,2,0
6,0,0,0,0,0,0,2,0,0,0,0,0,0,0,0,0,0,0,0,0,0,0,0,0,0,0,0,0,0,0,0,0,0,0,0,0,0,12,2,2,2,0,0,0,0,0,0,0,12,0,0,0,0,10,0,14,0,0,0,0,2,0,0,0,0,2,16,0,0,0,0,0,4,0,0,0,4,0,4,2,0,0,0,4,0,0,0,2,4,0,8,0,0,0,0,0,0,0,0,0,0,0,0,0,0,0,0,0,0,0,0,0,0,0,0,0,0,0,0,0,0,0,0,0,0,0,0,0,0,0,0,0,0,0,0,0,0,0,0,0,0,0,0,0,0,0,0,0,0,0,0,0,0,0,0,0,0,0,0,0,0,0,0,0,0,0,0,0,0,0,0,0,12,0,0,0,0,0,0,0,0,0,0,0,0,0,0,0,0,0,0,0,0,0,0,0,0,0,0,0,12,2,0,0,8,0,0,4
6,0,0,0,0,0,12,0,0,0,0,0,0,0,0,0,0,0,0,0,0,0,0,0,0,0,0,0,0,0,0,0,0,0,0,0,0,2,0,0,0,0,0,0,0,0,0,0,0,8,0,6,0,12,14,0,6,0,0,0,0,0,2,10,0,0,0,6,2,0,0,0,0,4,6,0,0,4,0,4,2,0,0,0,2,0,0,4,10,4,0,4,0,0,0,0,0,0,0,0,0,0,0,0,0,0,0,0,0,0,0,0,0,0,0,0,0,0,0,0,0,0,0,0,0,0,0,0,0,0,0,0,0,0,0,0,0,0,0,0,0,0,0,0,0,0,0,0,0,0,0,0,0,0,0,0,0,0,0,0,0,0,0,0,0,0,0,0,0,0,0,0,0,8,0,0,0,0,0,0,0,0,0,0,0,0,0,0,0,0,0,0,0,0,0,0,0,0,0,0,0,0,2,6,0,8,0,4,12
6,0,0,0,0,0,6,0,0,0,0,0,0,0,0,0,0,0,0,0,0,0,0,0,0,0,0,0,0,0,0,0,0,0,0,0,0,0,0,0,12,0,4,0,0,0,0,0,0,6,0,0,0,4,2,0,2,0,0,0,0,0,0,0,0,0,0,30,2,0,0,0,0,0,6,0,2,0,0,0,4,2,0,0,6,0,0,2,8,0,6,18,0,0,0,0,0,0,0,0,0,0,0,0,0,0,0,0,0,0,0,0,0,0,0,0,0,0,0,0,0,0,0,0,0,0,0,0,0,0,0,0,0,0,0,0,0,0,0,0,0,0,0,0,0,0,0,0,0,0,0,0,0,0,0,0,0,0,0,0,0,0,0,0,0,0,0,0,0,0,0,0,0,0,0,0,0,0,0,0,0,0,0,0,0,0,0,0,0,0,0,0,0,0,0,0,0,0,0,0,0,6,8,0,0,4,0,2,12
7,2,4,4,4,0,8,0,0,0,2,0,0,0,0,2,0,0,2,0,0,0,6,4,4,0,2,2,0,0,4,0,0,0,0,0,0,2,0,0,4,6,0,0,0,0,2,0,0,0,2,0,0,0,4,0,2,4,6,0,0,0,0,0,0,0,0,46,0,0,0,2,2,8,0,0,0,0,0,2,0,0,0,2,2,0,0,0,0,14,0,22,0,6,2,0,0,2,0,2,2,0,2,0,0,8,10,6,10,6,0,0,0,0,8,14,12,0,4,14,14,0,0,2,6,2,2,0,16,20,10,0,0,0,0,2,0,6,14,0,6,4,2,0,0,0,2,0,0,14,2,20,0,34,2,4,0,2,0,0,0,0,2,0,4,10,14,0,2,20,4,28,0,0,0,0,0,0,0,0,0,0,0,0,0,4,2,0,0,0,0,0,0,0,6,4,8,14,8,0,0,0,10,2,0,0,0,0,20
7,0,0,0,0,0,2,2,0,0,0,4,8,2,0,0,0,0,6,0,0,0,0,4,0,6,0,0,0,0,0,0,0,0,0,0,0,0,0,0,0,0,0,0,2,0,0,0,0,0,0,2,0,0,4,0,4,0,2,0,0,2,0,0,2,0,0,36,0,0,0,16,0,0,2,0,0,8,0,0,0,0,0,4,2,4,0,0,0,2,0,2,2,8,0,0,0,2,0,0,0,2,0,0,0,4,2,0,10,2,0,0,6,0,4,6,0,0,6,8,2,0,6,0,4,0,4,0,14,2,18,0,0,0,2,0,0,4,8,0,6,8,2,0,0,0,0,0,0,34,0,28,0,32,4,0,0,4,0,0,0,0,14,0,0,8,0,0,4,12,12,24,0,0,0,0,0,0,0,0,0,0,0,0,0,0,2,0,0,0,2,0,6,0,0,0,0,0,2,2,0,2,14,0,0,0,0,0,20
7,0,4,4,0,0,2,0,0,0,0,12,0,0,0,2,0,0,2,0,0,0,0,2,0,6,0,6,0,0,0,0,0,0,0,0,0,2,0,0,0,0,0,4,0,0,0,0,0,0,0,0,0,0,10,6,8,4,4,0,0,0,0,22,2,0,0,28,2,0,0,4,0,2,0,0,2,12,2,0,0,0,0,0,2,0,0,0,0,2,0,14,0,4,0,0,0,0,0,0,2,2,0,0,0,8,6,2,12,2,0,0,6,2,10,0,2,2,2,4,0,0,0,0,0,0,6,0,20,10,2,0,2,4,4,0,0,0,4,0,8,6,8,2,4,0,0,0,0,28,0,10,0,34,0,0,2,2,6,2,0,0,10,0,14,18,10,0,2,12,2,8,0,0,0,4,0,0,0,0,2,0,0,4,0,10,0,2,0,0,0,0,10,0,0,2,2,0,2,2,0,0,6,0,0,0,0,0,12
7,2,2,2,0,0,0,0,0,0,0,2,10,0,0,0,0,0,4,0,2,0,4,0,0,6,0,0,0,0,0,0,0,0,0,0,0,2,0,0,0,2,0,0,0,4,0,0,0,0,10,6,0,0,18,0,4,12,2,0,0,0,0,18,2,0,0,30,0,6,0,4,0,0,0,0,0,4,0,2,0,0,0,0,2,0,0,0,4,6,0,2,0,4,0,0,0,0,0,0,0,0,2,0,0,2,6,2,18,2,0,0,0,0,0,8,10,4,2,6,2,0,6,0,2,0,10,0,18,26,4,2,2,0,2,0,4,0,8,0,6,2,4,2,0,0,0,4,0,24,8,22,0,36,8,0,0,6,0,0,0,0,10,0,16,20,14,0,6,12,0,2,0,0,0,2,2,0,0,2,0,0,2,0,0,4,0,2,0,0,6,2,16,0,6,0,0,0,0,2,4,2,30,2,0,0,0,0,4
7,0,0,0,2,0,4,2,0,2,0,0,10,0,0,0,0,0,8,0,2,0,0,2,0,0,0,2,0,0,0,0,0,0,0,0,0,2,0,0,2,0,0,0,6,0,0,0,0,8,2,2,0,0,4,0,2,4,8,0,0,0,0,8,0,0,0,24,0,4,0,2,2,4,0,0,0,6,0,8,0,0,0,0,8,8,0,2,0,8,0,8,0,4,0,0,0,2,0,0,0,2,0,0,0,2,8,4,12,2,0,0,6,6,4,4,22,12,12,10,0,0,14,4,2,0,6,0,16,2,4,0,0,0,0,0,0,0,4,0,10,8,10,2,0,0,0,0,0,36,0,12,0,18,0,0,0,0,0,0,0,0,2,0,4,12,8,0,6,20,0,12,0,0,0,0,4,0,0,0,10,0,2,6,4,10,6,0,0,6,0,2,10,0,8,0,0,0,2,12,12,2,0,4,0,2,0,0,6
7,0,8,8,0,6,6,0,0,0,0,0,8,2,0,0,0,0,0,0,0,0,0,0,0,0,0,0,0,0,0,0,0,0,0,0,0,0,0,0,0,0,0,2,6,0,2,0,2,14,0,2,0,0,8,0,4,0,4,0,0,0,0,10,4,2,0,22,4,16,0,0,2,2,0,0,0,2,4,2,0,0,0,2,0,0,0,0,0,10,4,6,0,8,0,0,0,0,0,2,2,2,4,0,0,0,4,0,18,0,2,0,2,0,2,2,16,10,14,4,0,0,0,4,0,0,4,0,14,2,2,0,0,0,0,0,0,0,0,0,14,10,8,0,2,0,0,4,0,46,2,20,2,32,6,0,0,2,0,2,0,2,14,2,0,16,10,0,0,14,0,0,0,4,0,0,2,0,0,0,0,2,0,6,8,10,4,2,0,2,4,0,12,0,12,0,4,0,0,8,4,14,2,4,0,2,0,0,4
7,0,6,6,0,0,0,0,0,2,0,2,16,0,2,0,0,0,0,0,0,0,0,2,0,4,0,0,4,0,0,0,0,0,0,4,0,4,2,0,0,0,0,12,6,0,6,2,2,8,0,2,0,0,0,0,4,10,12,0,0,0,2,16,0,0,0,24,2,2,0,0,0,0,2,0,2,0,0,0,2,0,2,0,4,0,0,0,2,2,0,16,0,4,0,0,0,0,0,0,4,0,2,2,0,0,6,4,16,2,0,0,2,0,4,8,22,0,12,20,0,0,0,0,0,0,6,0,24,4,2,6,2,0,0,0,0,2,0,0,2,2,10,0,0,0,0,2,0,44,0,20,2,22,6,0,0,0,0,2,0,0,14,0,16,14,10,0,4,24,6,26,0,8,0,0,6,0,2,0,10,0,2,6,0,0,0,0,0,2,2,2,16,0,14,2,2,0,2,0,2,0,2,8,2,0,0,0,4
7,0,0,0,0,0,2,0,0,0,0,2,4,2,2,0,0,0,0,0,0,0,0,0,0,0,0,0,0,0,0,0,0,2,0,4,0,6,2,0,4,0,0,4,2,0,0,0,0,2,0,2,0,0,16,0,8,8,6,0,0,4,0,4,0,0,0,6,0,10,4,0,2,4,2,0,0,0,0,0,6,0,0,0,4,0,0,0,0,8,2,8,0,0,0,0,0,0,0,2,2,2,0,0,0,2,0,0,0,0,0,0,2,0,0,10,10,6,10,10,0,0,2,2,2,2,10,2,28,6,2,0,0,0,0,2,0,2,0,0,4,16,0,2,0,0,0,0,0,46,2,22,0,38,6,4,0,0,2,0,2,0,28,0,10,18,12,0,6,20,2,0,0,2,0,14,12,0,2,0,0,0,6,10,0,0,0,6,0,8,10,0,10,0,12,4,4,6,4,10,2,0,4,4,0,0,2,0,4
7,0,8,8,0,2,2,0,0,2,4,2,0,0,0,0,0,0,0,0,0,0,2,2,0,2,0,0,2,0,0,0,0,0,0,0,0,0,2,0,0,0,0,10,4,0,0,0,0,6,0,0,2,16,10,0,8,4,8,0,0,0,0,6,0,0,0,8,2,0,14,14,0,0,2,0,2,2,2,0,4,0,0,0,4,2,0,0,0,10,0,6,2,2,6,0,0,0,0,0,0,0,0,0,0,0,2,0,12,0,0,0,0,0,0,0,14,0,8,0,0,0,8,0,0,2,6,0,40,10,2,0,0,0,2,0,0,2,0,0,8,4,0,0,2,0,0,0,0,46,2,24,4,38,2,4,0,10,0,0,0,0,20,2,2,14,4,0,0,24,0,0,0,0,0,8,2,0,6,0,0,2,0,0,0,0,0,0,0,0,0,0,0,0,0,0,0,0,0,0,0,0,8,8,2,2,0,0,2
7,0,4,4,4,0,2,0,0,2,2,0,0,8,0,0,0,0,0,0,0,2,0,6,0,2,0,0,0,0,0,0,0,0,0,4,0,0,0,4,0,2,0,0,4,0,8,0,0,0,0,6,0,4,24,6,14,8,10,0,0,0,0,22,2,0,0,12,2,8,18,18,10,0,2,2,0,2,0,4,8,0,2,4,0,0,0,0,8,8,0,0,0,0,2,0,0,2,0,2,2,0,0,0,0,6,4,0,14,2,0,0,0,2,2,4,18,0,8,0,0,0,6,0,0,0,8,4,48,6,0,0,2,0,0,2,0,10,0,0,12,4,2,0,0,0,2,0,0,58,0,20,2,28,6,6,0,2,2,6,0,0,14,4,18,22,12,0,6,18,0,4,0,6,0,6,6,0,2,0,0,0,0,0,0,0,0,0,0,0,0,0,0,0,0,0,0,0,0,0,0,4,4,30,0,2,0,0,0
7,0,10,10,0,0,0,8,0,0,0,0,0,0,2,0,0,0,0,0,0,0,0,2,0,0,0,0,0,0,2,0,2,0,0,6,0,14,10,2,4,2,4,2,0,0,0,0,2,0,0,4,4,0,20,0,10,2,2,2,0,2,2,20,0,0,0,16,6,0,2,2,2,0,0,2,0,4,4,12,16,0,0,0,0,0,0,0,0,4,4,0,0,0,0,0,0,0,0,0,0,0,0,0,0,4,0,0,18,2,0,0,2,0,4,6,6,6,12,0,0,0,4,2,2,0,28,12,18,6,2,0,0,0,0,0,2,0,2,0,8,10,0,8,0,0,0,0,0,48,0,38,0,36,10,0,0,10,0,2,0,4,14,6,4,14,8,0,2,22,0,2,0,2,0,18,4,0,6,0,0,0,0,0,0,0,0,0,0,0,0,0,0,0,0,0,0,0,0,0,0,0,4,8,0,8,0,0,0
7,0,10,10,4,2,4,0,0,2,2,0,0,0,0,0,0,0,0,0,0,0,2,2,0,0,0,0,0,0,4,0,0,0,0,6,0,2,0,0,2,0,2,4,4,0,0,2,0,4,0,0,2,0,24,0,2,16,10,0,0,4,4,4,8,0,2,24,0,0,12,6,4,4,0,0,0,0,0,2,0,0,2,4,4,0,0,2,2,4,2,6,0,4,0,0,0,0,0,0,0,2,0,0,0,8,4,0,14,4,0,0,0,0,2,0,18,2,18,0,0,0,0,0,0,0,4,2,10,0,2,0,2,0,2,0,0,0,0,0,14,4,0,4,0,0,0,0,0,52,4,22,0,26,6,0,0,2,0,2,0,0,2,0,0,10,4,0,0,30,2,6,0,2,0,4,20,0,2,0,0,0,0,0,0,0,0,0,0,0,0,0,0,0,0,0,0,0,0,0,0,0,6,8,2,10,0,0,2
7,0,0,0,0,0,2,0,0,0,0,0,0,0,0,0,0,0,0,0,0,0,0,0,0,0,0,0,0,0,0,0,0,0,0,0,4,0,10,0,0,0,0,0,0,0,6,0,0,32,0,6,0,12,18,0,4,0,0,0,0,0,4,0,2,0,0,12,0,0,6,0,0,0,2,2,0,4,2,4,0,0,0,0,4,0,0,0,0,10,0,8,0,0,0,0,0,0,0,0,0,0,0,0,0,0,0,0,0,0,0,0,0,0,0,0,12,0,0,0,0,0,2,0,0,4,0,0,0,0,8,0,0,0,0,0,0,0,0,0,0,0,0,0,0,0,2,2,0,0,0,28,0,42,6,0,6,0,0,2,0,0,0,0,14,12,2,0,0,18,0,0,0,2,0,8,0,0,0,0,0,0,0,0,0,0,0,0,0,0,0,0,0,0,0,0,0,0,0,0,0,0,6,30,0,6,0,0,0
7,0,0,0,0,0,2,0,0,0,0,0,0,0,0,0,0,0,0,0,0,0,0,0,0,0,0,0,0,0,0,0,0,0,0,0,0,2,0,2,0,0,0,0,0,0,0,2,0,14,2,8,0,2,12,0,0,0,0,0,0,0,2,2,0,0,0,2,2,0,0,0,0,2,4,2,0,0,0,0,0,0,0,0,8,0,0,2,0,4,0,14,0,0,0,0,0,2,0,0,0,0,0,0,0,0,0,0,0,0,0,0,0,0,0,0,20,2,0,0,4,2,42,2,0,0,0,0,0,0,0,0,0,0,0,0,0,0,0,0,8,0,0,0,0,0,0,0,0,0,0,30,2,64,0,0,0,8,2,4,0,0,0,0,36,12,6,0,4,22,0,0,0,6,0,0,0,0,0,0,0,0,0,0,0,0,0,0,0,0,0,0,0,0,0,0,0,0,0,0,0,2,10,2,0,8,0,0,0
7,0,0,0,0,0,0,4,0,0,0,0,0,0,0,0,0,0,0,0,0,0,0,0,0,0,0,0,0,0,0,0,0,0,0,0,0,2,0,0,0,0,0,0,0,0,16,0,0,22,0,0,0,12,4,0,4,0,0,0,0,0,2,0,0,0,0,16,0,0,2,0,0,2,0,0,0,4,0,0,0,0,2,2,4,0,2,2,2,8,0,0,0,0,0,0,0,0,0,0,0,0,0,0,0,0,0,0,0,0,0,0,0,0,0,0,18,6,0,0,2,0,6,0,0,0,0,0,0,0,0,0,0,0,0,0,0,0,0,0,2,0,0,0,0,0,0,2,0,0,0,28,2,24,10,2,0,2,0,8,0,0,0,0,0,14,10,0,8,38,0,0,0,8,0,2,0,0,0,0,0,0,0,0,0,0,0,0,0,0,0,0,0,0,0,0,0,0,0,0,0,0,4,10,0,6,0,2,0
7,0,0,0,0,0,0,0,0,0,0,0,0,0,0,0,0,0,0,0,0,0,0,0,0,0,0,0,0,0,0,0,0,0,0,0,0,0,0,0,6,0,0,0,0,0,8,0,0,2,0,0,0,4,12,0,2,0,0,0,0,0,20,0,0,0,0,4,0,0,0,0,0,4,0,2,0,2,0,0,0,0,0,0,14,0,0,0,2,10,0,4,0,0,0,0,0,0,0,0,0,0,0,0,0,0,0,0,0,0,0,0,0,0,0,0,20,4,0,0,0,0,34,0,0,0,0,0,0,0,0,0,0,0,0,0,0,0,0,0,0,0,0,2,0,0,0,0,0,0,0,18,0,30,0,2,0,0,4,2,0,0,0,0,0,6,2,0,0,18,0,0,0,24,0,2,0,0,0,0,0,0,0,0,0,0,0,0,0,0,0,0,0,0,0,0,0,0,0,0,0,0,14,0,2,6,0,4,2
7,0,0,0,0,0,2,4,0,0,0,0,0,0,0,0,0,0,0,0,0,0,0,0,0,0,0,0,0,0,0,0,0,0,0,0,0,0,2,0,10,2,4,0,0,0,2,0,0,0,0,0,0,0,14,0,12,0,0,0,0,0,14,22,0,0,0,10,0,0,0,0,0,0,0,0,0,0,0,0,4,0,0,2,8,0,0,0,8,4,4,4,0,0,0,0,0,0,0,0,0,0,0,0,0,0,0,0,0,0,0,0,0,0,0,0,0,0,0,0,0,0,0,0,0,0,0,0,0,0,0,0,0,0,0,0,0,0,0,0,0,0,0,0,0,0,0,0,0,0,0,0,0,0,0,0,0,0,0,0,0,0,0,0,0,0,0,0,0,0,0,0,0,4,0,0,0,0,0,0,0,0,0,0,0,0,0,0,0,0,0,0,0,0,0,0,0,0,0,0,0,6,2,10,0,10,0,14,0
7,0,0,0,0,0,0,0,2,0,0,0,0,0,0,0,0,0,0,0,0,0,0,0,0,0,0,0,0,0,0,0,0,0,0,0,0,2,0,0,0,0,0,0,0,0,2,0,0,2,0,0,0,0,16,0,0,0,0,0,0,0,0,0,0,0,0,18,2,0,0,0,0,0,2,0,0,2,0,0,0,0,0,0,16,0,0,0,2,6,0,16,0,0,0,0,0,0,0,0,0,0,0,0,0,0,0,0,0,0,0,0,0,0,0,0,0,0,0,0,0,0,0,0,0,0,0,0,0,0,0,0,0,0,0,0,0,0,0,0,0,0,0,0,0,0,0,0,0,0,0,0,0,0,0,0,0,0,0,0,0,0,0,0,0,0,0,0,0,0,0,0,0,10,0,0,0,0,0,0,0,0,0,0,0,0,0,0,0,0,0,0,0,0,0,0,0,0,0,0,0,6,6,6,0,20,0,0,0
7,0,0,0,0,0,0,0,0,0,0,0,0,0,0,0,0,0,0,0,0,0,0,0,0,0,0,0,0,0,0,0,0,0,0,0,0,2,2,0,12,2,0,0,0,0,8,0,2,26,0,4,0,6,6,0,14,0,0,0,0,6,0,2,2,0,0,4,0,0,0,0,0,0,0,2,0,0,0,4,2,0,0,0,0,0,0,2,0,2,0,24,0,0,0,0,0,0,0,0,0,0,0,0,0,0,0,0,0,0,0,0,0,0,0,0,0,0,0,0,0,0,0,0,0,0,0,0,0,0,0,0,0,0,0,0,0,0,0,0,0,0,0,0,0,0,0,0,0,0,0,0,0,0,0,0,0,0,0,0,0,0,0,0,0,0,0,0,0,0,0,0,0,4,0,0,0,0,0,0,0,0,0,0,0,0,0,0,0,0,0,0,0,0,0,0,0,0,0,0,0,10,12,6,0,10,0,4,0
7,0,0,0,0,0,2,0,0,0,0,0,0,0,0,0,0,0,0,0,0,0,0,0,0,0,0,0,0,0,0,0,0,0,0,0,0,0,0,2,12,4,2,0,0,0,0,0,0,20,0,2,0,0,6,0,8,0,0,0,0,6,0,0,0,0,0,10,0,0,0,0,0,4,0,0,0,0,0,0,4,0,0,0,2,0,0,0,0,0,0,26,0,0,0,0,0,0,0,0,0,0,0,0,0,0,0,0,0,0,0,0,0,0,0,0,0,0,0,0,0,0,0,0,0,0,0,0,0,0,0,0,0,0,0,0,0,0,0,0,0,0,0,0,0,0,0,0,0,0,0,0,0,0,0,0,0,0,0,0,0,0,0,0,0,0,0,0,0,0,0,0,0,6,0,0,0,0,0,0,0,0,0,0,0,0,0,0,0,0,0,0,0,0,0,0,0,0,0,0,0,4,6,2,4,16,0,2,0
8,0,2,2,4,0,6,0,0,0,0,2,6,0,0,2,0,0,4,0,0,0,0,2,0,0,0,0,4,0,2,0,0,0,0,2,0,4,2,0,6,0,4,0,4,0,0,0,0,0,6,2,2,0,4,0,4,4,0,0,0,0,0,2,2,0,0,30,0,2,2,12,0,6,0,0,0,2,0,4,2,0,0,8,0,0,0,0,0,20,0,16,0,2,0,0,0,0,0,0,0,6,0,0,4,6,10,2,6,0,6,2,0,0,0,6,6,2,6,6,6,0,0,0,2,2,2,0,8,2,8,0,2,0,0,0,0,4,6,0,4,2,8,0,2,0,0,2,0,54,4,26,0,20,2,0,0,6,0,2,2,0,20,0,2,2,0,0,10,34,0,2,0,0,0,4,2,0,4,0,8,0,0,0,0,2,0,0,0,0,2,0,2,0,4,0,0,0,2,0,0,2,4,0,0,0,0,0,12
8,0,2,2,0,0,2,0,0,0,0,0,6,0,4,2,0,0,0,0,0,0,0,0,8,0,0,0,0,0,4,0,0,0,0,2,0,0,2,0,14,6,2,0,8,0,4,0,0,0,8,4,6,0,0,0,6,0,6,0,0,2,0,0,0,0,0,30,0,0,0,22,2,10,0,2,2,2,0,2,0,0,0,2,0,2,0,2,0,14,0,2,0,4,0,0,0,4,0,2,2,0,4,0,0,4,10,6,14,6,0,0,4,0,6,4,12,0,8,12,2,0,0,0,0,0,2,0,8,4,6,2,2,0,14,0,0,0,0,0,6,0,6,0,2,0,2,0,0,36,2,10,0,44,4,0,0,0,0,2,0,0,16,0,0,10,8,0,6,28,2,6,0,0,0,2,0,0,6,2,0,2,0,0,0,0,0,2,0,0,0,0,2,0,2,0,0,0,4,0,0,4,2,0,0,0,2,0,32
8,0,4,4,4,0,2,0,0,0,0,0,4,0,6,0,0,0,4,0,0,0,0,4,0,2,0,0,0,0,0,0,0,0,0,6,0,0,0,0,4,8,4,2,10,0,0,0,4,0,8,2,0,0,6,0,10,6,4,0,0,0,0,6,0,0,0,32,0,4,0,4,0,4,2,0,0,10,0,2,0,0,0,2,6,0,0,0,0,8,0,16,0,0,0,2,0,0,0,2,0,0,4,0,0,0,8,4,22,0,0,0,12,0,8,6,14,2,8,10,6,0,4,0,2,0,16,6,12,4,2,2,2,2,2,0,4,0,4,0,2,4,2,0,0,0,2,0,0,60,6,20,2,32,6,2,0,0,2,2,2,2,18,0,0,6,0,0,4,34,0,2,0,0,0,6,4,0,0,2,2,4,0,0,0,0,0,0,0,0,0,0,4,0,4,0,2,0,0,0,2,0,2,2,2,0,0,0,10
8,0,2,2,10,0,0,0,0,0,0,2,6,0,2,2,0,0,8,0,0,0,0,2,0,2,0,6,0,0,0,0,0,0,0,0,0,0,6,0,4,4,8,0,4,0,4,0,0,6,0,0,0,0,4,0,8,12,12,0,0,4,0,0,0,0,0,24,0,0,2,12,2,2,0,0,0,0,0,0,2,0,2,4,10,0,0,0,0,8,0,2,0,4,0,0,0,0,0,2,2,0,0,0,0,12,0,4,4,2,0,0,8,0,2,12,8,4,6,10,4,0,6,4,2,0,4,2,8,4,8,0,0,0,0,0,0,2,6,0,20,6,8,6,0,0,2,6,0,48,2,8,0,46,0,2,2,4,0,6,0,0,4,8,0,2,4,0,4,22,0,2,0,0,0,12,0,0,0,0,0,0,2,4,0,0,0,4,0,4,0,0,4,0,8,0,0,0,0,0,0,0,4,0,0,2,0,0,2
8,0,4,4,0,4,0,2,0,0,0,0,16,2,0,0,0,0,2,0,0,0,0,2,0,0,0,0,0,0,0,0,0,0,0,4,0,0,2,0,2,4,6,0,0,0,0,0,0,4,0,0,0,0,8,0,8,6,8,0,0,0,0,2,2,0,0,12,0,8,2,6,0,6,4,0,2,2,0,12,2,0,4,2,8,2,0,0,0,2,0,2,0,0,0,0,0,0,0,0,4,2,0,0,0,2,4,0,10,2,0,0,6,2,2,0,14,0,8,20,2,0,0,2,2,0,10,2,12,6,12,6,2,0,0,0,0,4,8,0,4,2,4,0,0,0,6,4,0,50,2,8,2,8,0,12,0,0,2,0,2,2,12,0,2,8,4,0,2,28,4,14,0,0,0,2,0,0,0,0,0,0,0,4,0,6,0,2,0,4,12,0,16,0,18,0,0,0,0,4,14,0,18,4,0,2,0,0,32
8,0,0,0,0,2,0,0,0,2,0,0,2,0,0,0,0,0,0,0,0,0,2,2,0,0,0,0,0,0,0,0,0,0,0,2,0,2,0,0,2,4,2,2,0,0,0,0,0,2,0,6,0,0,2,0,8,2,4,0,0,0,0,2,2,2,0,6,10,4,0,2,0,12,0,0,0,0,0,4,4,2,0,4,10,10,0,0,0,8,0,16,0,2,0,0,0,0,0,4,4,0,2,0,0,6,0,4,10,2,0,0,16,6,4,2,34,0,18,22,0,0,8,0,0,0,4,0,14,2,8,2,2,0,4,0,0,2,10,0,2,2,2,0,2,0,0,0,0,42,0,10,6,36,2,2,0,2,0,2,0,0,4,0,10,20,12,0,14,24,0,0,0,0,0,4,0,0,2,0,0,8,0,4,0,0,0,2,0,4,2,2,10,0,6,0,2,0,4,2,0,0,4,0,0,0,0,0,0
8,0,4,4,0,6,0,6,0,12,0,2,8,2,2,0,0,0,0,0,2,0,0,8,0,0,0,6,0,0,0,0,4,0,0,2,0,2,0,0,0,2,0,0,4,2,2,0,4,20,0,0,0,0,6,2,6,6,6,0,0,6,2,0,2,2,0,16,0,14,16,0,2,4,0,2,0,6,2,4,10,0,0,2,8,0,0,2,6,12,4,4,0,2,0,2,0,0,0,2,0,0,0,0,0,4,2,0,12,4,0,0,8,2,0,2,30,4,10,26,0,0,4,0,2,0,6,0,40,4,8,0,2,0,0,0,0,2,0,4,4,6,4,0,2,0,2,0,0,26,2,20,0,44,12,8,4,4,0,4,2,2,4,0,2,6,10,0,4,24,0,6,0,0,0,6,12,0,0,0,0,0,0,2,0,0,0,12,0,0,2,0,8,2,8,0,0,0,0,2,2,0,4,4,0,0,0,0,6
8,0,6,6,0,2,4,0,0,0,0,0,0,8,0,0,0,0,0,0,0,0,0,8,2,0,0,0,0,0,0,0,0,0,0,0,0,0,4,0,8,6,4,12,8,0,0,0,0,16,6,0,0,8,6,0,6,0,2,0,0,2,0,6,2,0,0,22,12,18,6,6,4,4,0,0,0,2,2,0,8,4,0,0,0,0,0,0,0,10,2,18,0,0,0,0,2,2,0,0,0,0,0,0,0,0,0,0,8,2,0,0,4,0,0,8,18,0,8,8,0,0,6,2,0,0,10,0,6,2,4,0,0,0,0,0,2,0,0,0,4,12,2,0,2,0,0,0,0,64,2,20,0,32,12,2,0,2,0,4,2,0,14,0,0,4,4,0,10,22,0,0,0,4,0,2,4,0,4,0,0,0,0,0,0,0,0,8,0,2,0,0,12,0,0,0,0,0,0,0,0,0,2,0,2,0,2,0,10
8,0,2,2,6,2,2,14,0,6,0,2,0,6,0,0,0,0,0,0,0,0,0,8,0,0,0,0,0,0,0,0,0,0,0,2,0,8,2,0,4,8,2,0,2,0,0,0,2,0,0,2,4,0,10,0,10,6,0,0,0,2,2,0,4,0,0,6,0,0,0,6,2,4,4,2,2,0,0,0,0,0,0,6,12,0,0,0,2,16,0,0,0,4,0,0,0,0,0,2,0,2,0,0,2,4,2,4,16,6,0,0,6,2,0,10,2,4,22,0,0,0,10,0,0,0,4,0,16,2,8,0,2,0,4,0,0,4,2,2,2,6,0,0,6,0,0,0,0,66,2,20,0,28,0,0,6,10,2,4,0,4,16,2,4,10,6,0,4,4,10,8,0,8,0,10,18,2,0,0,0,0,0,0,0,0,0,0,0,0,0,0,0,0,0,0,0,0,0,0,0,0,2,0,0,2,0,0,22
8,0,0,0,0,2,0,4,0,0,0,0,0,2,0,0,0,0,0,0,0,0,0,8,0,0,0,0,0,0,0,0,0,0,0,2,0,0,4,0,6,8,2,0,8,0,2,0,4,18,0,8,6,0,8,0,12,10,6,2,0,0,0,2,2,2,0,4,0,6,0,6,2,4,0,0,0,0,0,0,0,0,0,0,2,0,0,0,0,20,2,16,2,0,0,0,0,0,0,0,0,0,0,0,0,12,0,0,16,2,0,0,22,8,6,0,16,8,26,0,0,0,6,0,0,0,8,0,24,16,4,0,2,0,2,0,0,8,2,0,8,10,2,2,0,0,0,4,0,58,4,18,2,38,2,0,2,12,4,2,0,0,4,0,0,2,0,2,2,30,2,8,0,0,0,2,10,0,4,0,0,0,0,0,0,0,0,0,0,0,0,0,0,0,0,0,0,0,0,0,0,0,4,14,0,2,0,0,6
8,0,2,2,4,4,0,0,0,0,0,0,0,2,4,0,0,0,0,0,0,0,2,4,0,2,0,0,0,0,2,0,4,0,0,4,0,2,0,0,6,4,2,0,4,0,2,2,0,12,0,14,2,6,14,2,6,2,4,0,0,0,0,2,0,0,0,0,0,0,0,2,0,2,0,0,0,6,0,6,2,2,0,2,0,0,0,0,0,10,2,2,0,8,2,2,0,0,0,0,0,2,0,0,0,2,4,4,4,2,0,0,4,0,4,10,16,8,22,0,0,0,10,4,0,0,8,0,30,8,0,0,2,0,2,0,0,0,0,0,4,2,0,0,2,0,6,0,0,54,2,4,0,40,4,0,0,0,0,10,0,0,14,0,2,8,10,0,10,34,0,2,0,10,0,14,6,0,8,0,0,0,0,0,0,0,0,0,0,0,0,0,0,0,0,0,0,0,0,0,0,0,0,22,2,6,0,0,2
8,0,4,4,12,6,2,0,0,0,2,0,0,2,0,0,0,0,0,0,0,0,0,2,0,0,0,0,0,0,0,0,0,0,0,0,0,0,4,0,0,6,0,6,2,0,0,2,2,8,0,0,0,0,2,0,8,4,10,0,0,2,0,0,4,0,0,20,4,0,0,2,8,16,2,0,0,4,2,2,4,0,0,4,0,10,0,0,6,12,0,6,0,8,0,0,2,2,0,0,2,2,0,0,0,2,2,2,14,0,0,0,2,4,8,2,20,2,0,0,0,0,2,0,0,0,8,0,10,0,2,0,0,0,0,0,0,8,0,0,4,4,0,0,2,0,0,4,0,52,0,26,0,22,0,2,2,0,0,2,0,0,14,0,2,2,4,2,4,10,0,0,0,6,0,8,6,0,4,0,0,0,0,0,0,0,0,0,0,0,0,0,0,0,0,0,0,0,0,0,0,0,12,20,0,6,0,0,2
8,0,0,0,0,0,0,4,0,0,0,0,0,0,0,0,0,0,0,0,0,0,0,0,0,0,0,0,0,0,0,0,0,0,0,0,0,0,0,0,0,6,4,2,0,0,8,0,0,12,0,0,0,0,6,0,2,0,0,0,0,4,0,0,0,0,0,26,0,0,0,4,0,6,0,0,0,2,0,0,2,0,0,0,4,0,0,0,2,12,0,2,0,0,0,0,0,0,0,0,0,0,0,0,0,0,0,0,0,0,0,0,0,0,0,0,20,4,0,0,2,0,22,0,0,2,0,0,0,0,2,0,0,0,0,0,0,0,0,0,10,0,0,0,0,0,2,8,0,0,0,24,0,36,6,2,0,10,0,2,0,0,0,0,6,16,8,0,12,6,0,0,0,2,0,4,0,0,0,0,0,0,0,0,0,0,0,0,0,0,0,0,0,0,0,0,0,0,0,0,0,2,0,0,2,2,0,0,6
8,0,0,0,0,0,0,2,0,0,0,0,0,0,0,0,0,0,0,0,0,0,0,0,0,0,0,0,0,0,0,0,0,0,0,0,0,0,6,0,2,8,2,2,0,0,4,2,0,10,0,0,0,8,6,0,10,0,0,0,0,2,0,0,0,0,0,12,0,0,4,0,0,6,8,2,0,2,0,2,0,0,0,0,6,0,2,0,2,6,2,0,0,0,0,0,0,0,0,0,0,0,0,0,0,0,0,0,0,0,0,0,0,0,0,0,16,8,0,0,4,0,8,2,2,0,0,0,0,0,2,0,0,0,0,0,0,0,0,0,12,2,2,0,0,0,2,0,4,0,0,18,2,44,0,2,0,4,0,2,0,0,0,0,0,8,2,0,4,22,0,0,0,0,0,0,0,0,0,0,0,0,0,0,0,0,0,0,0,0,0,0,0,0,0,0,0,0,0,0,0,0,0,2,0,2,0,0,0
8,0,0,0,0,0,0,0,0,0,0,0,0,0,0,0,0,0,0,0,0,0,0,0,0,0,0,0,0,0,0,0,0,0,0,0,0,0,4,0,6,4,6,0,0,0,0,0,0,10,0,0,0,0,4,0,4,0,0,0,0,0,2,0,0,0,0,10,2,0,2,0,0,8,2,0,0,4,0,4,0,0,0,0,0,0,0,0,4,12,0,8,0,0,0,0,0,0,0,0,0,0,0,0,0,0,0,0,0,0,0,0,0,0,0,0,12,2,0,0,2,0,14,0,0,0,0,0,0,0,2,0,0,0,0,0,0,0,0,0,10,0,0,0,0,0,0,4,0,0,0,26,0,46,6,0,0,0,0,4,0,0,0,0,0,6,2,0,8,20,0,0,0,8,0,6,0,0,0,0,0,0,0,0,0,0,0,0,0,0,0,0,0,0,0,0,0,0,0,0,0,0,0,12,2,0,0,0,0
8,0,0,0,0,0,2,0,0,0,0,0,0,0,0,0,0,0,0,0,0,0,0,0,0,0,0,0,0,0,0,0,0,0,0,0,0,0,2,0,16,8,2,0,0,0,0,0,2,38,4,4,0,4,24,0,6,0,0,0,0,2,0,2,8,2,0,2,0,0,0,0,0,14,2,2,0,0,0,2,0,0,0,0,8,0,0,0,2,20,0,0,0,0,0,0,0,2,0,0,0,0,0,0,0,0,0,0,0,0,0,0,0,0,0,0,24,2,0,0,0,0,24,4,2,0,0,0,0,0,0,0,0,0,0,0,0,0,0,0,2,0,2,0,0,0,4,0,0,0,0,26,4,26,10,2,0,0,0,2,0,0,0,0,0,12,8,0,6,26,0,0,0,14,0,0,0,0,0,0,0,0,0,0,0,0,0,0,0,0,0,0,0,0,0,0,0,0,0,0,0,0,2,0,2,2,0,4,0
8,0,0,0,0,0,2,0,0,0,0,0,0,0,0,0,0,0,0,0,0,0,0,0,0,0,0,0,0,0,0,0,0,0,0,0,0,0,2,0,10,0,2,0,0,0,4,0,2,16,0,0,0,0,0,0,8,0,0,0,0,0,0,2,2,2,0,8,0,0,0,0,0,8,4,2,0,2,0,0,0,0,2,2,4,0,0,0,0,8,2,2,0,0,0,0,0,0,0,0,0,0,0,0,0,0,0,0,0,0,0,0,0,0,0,0,0,0,0,0,0,0,0,0,0,0,0,0,0,0,0,0,0,0,0,0,0,0,0,0,0,0,0,0,0,0,0,0,0,0,0,0,0,0,0,0,0,0,0,0,0,0,0,0,0,0,0,0,0,0,0,0,0,2,0,0,0,0,0,0,0,0,0,0,0,0,0,0,0,0,0,0,0,0,0,0,0,0,0,0,0,0,4,2,2,6,0,4,6
8,0,0,0,0,0,0,0,0,0,0,0,0,0,0,0,0,0,0,0,0,0,0,0,0,0,0,0,0,0,0,0,0,0,0,0,0,2,2,0,6,8,10,0,0,0,2,0,0,26,0,2,0,0,0,0,12,0,0,0,0,4,0,0,0,0,0,6,2,0,0,0,0,8,0,0,0,2,0,4,2,2,0,0,10,0,0,0,0,12,0,0,0,0,0,0,0,2,0,0,0,0,0,0,0,0,0,0,0,0,0,0,0,0,0,0,0,0,0,0,0,0,0,0,0,0,0,0,0,0,0,0,0,0,0,0,0,0,0,0,0,0,0,0,0,0,0,0,0,0,0,0,0,0,0,0,0,0,0,0,0,0,0,0,0,0,0,0,0,0,0,0,0,4,0,0,0,0,0,0,0,0,0,0,0,0,0,0,0,0,0,0,0,0,0,0,0,0,0,0,0,4,2,4,0,6,0,0,0
8,0,0,0,0,0,2,4,0,0,0,0,0,0,0,0,0,0,0,0,0,0,0,0,0,0,0,0,0,0,0,0,0,0,0,0,0,0,2,0,12,4,2,0,0,0,0,0,0,20,0,0,0,6,4,0,2,0,0,0,0,4,2,0,2,0,0,4,0,0,0,0,0,8,12,0,0,2,0,2,6,0,0,2,2,0,0,0,2,20,6,6,0,0,0,0,0,0,0,0,0,0,0,0,0,0,0,0,0,0,0,0,0,0,0,0,0,0,0,0,0,0,0,0,0,0,0,0,0,0,0,0,0,0,0,0,0,0,0,0,0,0,0,0,0,0,0,0,0,0,0,0,0,0,0,0,0,0,0,0,0,0,0,0,0,0,0,0,0,0,0,0,0,4,0,0,0,0,0,0,0,0,0,0,0,0,0,0,0,0,0,0,0,0,0,0,0,0,0,0,0,0,14,12,0,0,0,2,2
8,0,0,0,0,0,0,6,0,0,0,0,0,0,0,0,0,0,0,0,0,0,0,0,0,0,0,0,0,0,0,0,0,0,0,0,0,0,0,0,10,6,4,0,0,0,2,0,0,12,2,0,0,0,8,0,0,0,0,0,0,8,0,2,0,0,0,16,2,0,0,0,0,2,2,0,0,2,0,0,8,2,0,0,2,0,2,0,2,0,0,12,0,0,0,0,0,2,0,0,0,0,0,0,0,0,0,0,0,0,0,0,0,0,0,0,0,0,0,0,0,0,0,0,0,0,0,0,0,0,0,0,0,0,0,0,0,0,0,0,0,0,0,0,0,0,0,0,0,0,0,0,0,0,0,0,0,0,0,0,0,0,0,0,0,0,0,0,0,0,0,0,0,18,0,0,0,0,0,0,0,0,0,0,0,0,0,0,0,0,0,0,0,0,0,0,0,0,0,0,0,2,0,2,0,6,0,2,6
9,0,4,4,10,2,6,0,0,0,0,0,2,2,0,0,0,0,6,0,2,0,8,6,6,0,0,0,0,0,0,0,0,0,0,0,2,10,2,0,0,0,2,0,0,0,2,0,2,0,6,0,0,0,0,0,0,2,2,0,0,0,0,0,0,0,0,8,0,2,0,2,2,4,6,2,4,2,0,0,0,0,0,4,2,0,0,0,0,10,0,2,2,4,0,2,0,2,0,0,0,0,0,0,0,14,2,4,4,6,0,0,16,8,2,6,16,4,10,10,0,0,0,0,0,0,0,0,26,16,10,0,0,0,0,0,0,0,10,0,10,10,12,4,2,0,0,2,0,14,0,14,2,26,0,0,0,6,0,0,0,4,14,2,0,8,2,20,2,16,0,4,0,0,0,2,0,0,0,4,6,2,2,0,0,0,0,4,0,2,4,0,8,0,4,0,2,0,2,0,0,4,0,0,0,0,0,0,14
9,0,2,2,0,0,0,0,2,0,0,6,8,0,8,0,0,0,2,0,0,0,2,0,0,0,0,0,0,0,0,0,0,0,0,2,0,0,0,0,6,4,4,0,2,0,6,0,0,0,10,4,0,0,2,0,0,2,10,0,0,0,0,8,4,0,0,6,0,0,0,2,0,8,0,0,2,0,0,0,0,0,0,2,0,0,0,0,2,8,2,18,0,2,0,2,0,0,0,0,0,0,0,6,12,24,0,6,6,2,0,0,12,2,8,2,6,2,4,4,2,0,8,4,0,2,2,0,34,28,12,6,2,0,2,0,0,0,16,0,8,0,10,0,4,0,4,0,0,24,0,8,2,42,0,0,0,6,0,2,0,4,12,6,0,6,0,0,8,20,4,12,0,0,0,4,4,0,0,2,6,0,0,4,0,0,0,0,0,0,0,0,6,0,0,0,4,0,0,0,0,6,4,2,0,0,2,0,18
9,0,4,4,4,6,2,0,0,0,0,2,12,0,0,0,0,0,10,0,0,0,4,0,0,0,0,8,0,0,0,0,0,2,0,2,0,0,0,0,0,0,4,0,0,0,0,0,8,0,4,4,0,0,8,0,6,4,12,0,0,0,0,4,2,4,0,4,0,6,0,6,0,0,0,0,0,0,4,0,0,0,0,4,2,0,0,0,2,14,0,10,0,6,0,0,2,0,0,0,2,6,0,0,0,2,0,4,0,2,0,0,8,0,0,6,6,4,4,6,4,0,10,6,2,0,4,0,18,20,2,0,0,0,4,0,0,0,0,0,4,8,6,2,0,0,0,0,0,16,0,8,2,26,2,2,0,2,2,0,4,0,16,12,0,4,2,0,6,20,4,10,0,0,0,14,2,0,0,0,4,0,0,0,0,4,2,2,0,0,6,2,12,0,22,0,0,0,0,8,10,0,0,2,0,0,2,0,12
9,0,0,0,4,4,0,0,0,0,0,0,6,0,0,0,0,0,2,0,0,0,4,4,0,0,0,2,0,0,0,0,0,0,0,2,0,0,0,0,0,0,0,0,2,0,0,0,2,2,6,0,0,0,6,0,2,2,6,0,0,4,0,16,10,4,0,0,0,0,0,8,0,0,20,0,2,2,0,0,4,0,4,6,4,0,0,2,0,6,0,4,0,14,0,0,0,2,0,0,0,0,0,0,0,14,2,6,2,4,0,0,8,0,4,12,18,8,10,18,2,0,2,6,0,0,6,0,36,24,4,8,6,0,2,0,0,0,12,0,14,2,12,2,4,2,0,0,0,22,0,10,0,34,2,2,0,6,0,2,0,2,8,2,0,4,0,6,6,10,0,6,0,0,0,10,4,0,0,2,0,0,0,0,0,0,2,0,0,2,4,4,12,0,18,0,4,0,0,2,2,0,2,0,0,0,0,0,2
9,0,2,2,0,0,0,8,0,2,0,0,0,0,0,0,0,0,0,0,0,0,0,0,2,0,2,0,0,0,0,0,0,0,0,0,0,2,2,2,0,0,4,0,2,0,0,0,2,0,6,0,0,0,10,0,0,2,4,0,0,0,4,30,0,0,0,4,0,2,0,6,6,0,2,2,0,0,2,0,2,0,0,0,2,0,0,0,0,12,0,20,0,6,0,0,0,0,2,2,4,0,0,0,0,6,6,10,0,0,2,0,0,0,8,4,14,2,4,8,0,0,0,0,0,0,0,0,6,6,2,0,2,0,0,0,0,2,2,0,16,4,12,0,2,0,0,0,0,26,0,8,2,30,0,0,0,6,0,0,0,4,8,4,0,8,0,0,8,22,6,6,0,0,0,10,8,0,0,0,2,0,0,0,0,2,2,4,6,4,18,2,18,0,24,0,0,0,0,10,4,0,4,0,0,0,0,0,2
9,0,4,4,0,4,10,0,0,4,0,0,0,0,0,2,0,0,0,0,0,0,0,0,2,2,0,0,0,0,0,0,0,0,0,0,2,2,2,0,0,0,0,0,6,0,2,0,0,6,2,0,0,0,10,0,6,6,6,0,0,0,0,44,2,0,0,12,0,4,0,0,2,0,18,0,0,0,2,4,4,0,0,0,10,0,0,2,0,16,6,20,0,2,0,2,0,4,0,2,0,0,0,0,0,8,0,2,6,0,0,0,8,2,10,2,2,8,14,14,2,0,2,2,0,4,2,0,20,6,8,0,2,0,0,0,0,0,10,0,12,12,4,2,0,0,0,0,0,26,4,20,0,40,0,0,0,0,0,0,0,0,4,0,0,6,0,0,0,20,0,0,2,0,0,14,10,0,8,0,0,2,2,8,0,0,0,8,6,14,6,0,6,0,8,0,0,0,4,0,0,2,0,4,0,0,0,0,2
9,0,2,2,0,0,4,0,0,0,0,2,12,0,2,0,0,0,0,0,2,0,0,2,0,0,0,0,0,0,0,0,0,0,0,0,0,2,2,0,0,2,0,0,4,0,0,0,2,0,0,0,2,0,6,0,4,2,8,0,0,2,4,36,2,6,0,6,0,12,0,0,2,4,18,4,0,0,0,0,0,0,2,6,0,0,0,0,0,14,2,12,0,2,0,0,0,0,2,8,2,6,0,0,2,0,0,0,0,0,0,0,10,6,2,8,4,2,6,10,2,0,2,0,2,0,6,0,22,12,6,0,0,0,4,0,0,2,14,0,4,2,4,0,0,0,0,0,0,30,0,22,2,16,4,10,0,16,0,6,0,2,12,8,0,10,2,0,8,20,0,2,0,2,4,14,12,0,2,0,0,0,0,0,2,6,2,0,0,0,0,0,0,0,4,0,0,2,0,0,0,0,0,4,0,0,0,0,0
9,0,2,2,2,4,4,0,0,6,0,0,10,0,2,0,0,0,0,0,2,0,0,2,4,2,0,0,0,0,0,0,0,0,0,2,0,4,0,0,2,0,0,0,8,0,4,0,0,0,2,4,6,0,2,4,4,0,14,0,0,0,16,26,0,0,0,4,2,10,2,0,4,0,0,2,0,0,2,0,0,0,0,2,0,0,0,0,0,18,0,2,0,4,0,2,0,0,2,0,2,0,0,0,2,0,0,2,0,4,0,0,16,2,0,4,6,6,10,18,4,0,8,0,2,0,0,2,12,12,2,0,8,0,2,0,0,0,2,0,6,12,2,2,2,0,0,0,0,28,2,14,0,32,2,2,0,0,0,0,0,0,12,0,0,4,0,0,6,22,0,2,0,4,0,10,6,0,2,0,0,0,0,0,0,2,0,0,0,0,0,0,0,0,0,0,0,0,0,0,0,8,0,16,0,0,0,0,4
9,0,2,2,0,4,0,6,0,0,0,2,0,0,0,0,0,0,0,0,0,0,0,4,0,0,0,0,2,0,0,0,0,0,0,2,0,6,10,0,0,0,0,0,2,0,4,0,2,2,0,4,2,0,6,0,2,4,8,0,0,0,2,4,0,8,0,0,0,0,6,10,4,0,10,0,0,0,2,0,0,0,0,2,0,0,0,2,0,12,2,2,0,2,0,0,0,0,2,2,4,0,2,0,0,12,2,4,0,0,0,0,8,16,0,2,18,0,32,18,4,0,8,0,2,0,4,0,22,8,12,0,0,0,0,0,0,0,0,0,0,0,0,0,0,0,0,0,0,22,0,34,0,42,0,2,0,6,0,0,0,0,6,2,0,0,0,2,8,10,6,20,2,6,0,6,28,0,6,0,0,0,0,0,6,8,2,0,0,0,0,0,0,0,0,0,0,0,0,0,0,0,0,22,0,4,0,0,2
9,0,4,4,0,0,0,0,0,0,0,2,0,0,0,0,0,0,0,0,0,0,0,4,0,0,0,0,4,0,0,0,0,0,0,2,0,6,2,0,0,0,0,0,0,0,2,0,2,0,0,2,2,8,2,0,2,0,6,0,0,4,2,2,0,10,0,2,0,0,4,4,4,4,6,4,0,0,0,2,4,0,0,2,2,2,0,0,0,6,2,20,0,2,2,0,0,0,0,2,4,0,2,0,2,4,2,4,2,4,0,0,0,16,2,10,12,0,20,0,0,0,8,0,0,0,4,0,16,12,0,4,0,0,0,0,2,2,0,0,4,2,0,0,4,0,2,0,0,60,0,8,0,36,0,0,0,0,0,0,0,2,10,0,0,4,0,2,2,22,2,0,0,6,0,2,0,0,0,0,0,0,0,0,0,0,0,0,0,0,0,0,0,0,0,0,0,0,0,0,0,0,8,24,0,0,0,0,0
9,0,6,6,2,0,4,0,0,0,0,0,0,0,0,0,0,0,0,0,0,0,0,0,2,0,0,0,0,0,0,0,0,0,0,4,0,0,2,8,2,0,0,4,0,0,4,0,0,0,4,12,0,0,8,0,2,4,18,0,0,0,6,20,6,0,0,0,0,0,0,0,2,0,24,6,0,2,0,0,0,0,6,0,6,4,2,0,0,14,2,20,2,0,0,0,0,2,0,0,0,0,2,0,2,0,0,0,2,2,2,0,2,4,4,0,18,8,28,0,4,0,24,4,0,0,8,0,16,14,4,10,2,0,0,0,0,6,0,2,8,0,0,0,20,0,0,0,2,54,0,20,4,40,2,0,0,2,0,2,0,0,2,6,0,2,0,10,6,12,0,0,0,4,0,12,16,0,4,0,0,0,0,0,0,0,0,0,0,0,0,0,0,0,0,0,0,0,0,0,0,0,0,0,0,4,2,0,2
9,0,4,4,0,0,4,0,0,0,0,0,0,0,2,0,0,0,0,0,0,0,6,4,0,2,0,0,0,0,0,0,2,0,0,0,0,2,2,0,0,0,0,0,0,0,4,0,0,12,0,4,2,0,16,0,6,8,14,0,0,6,0,18,6,0,2,0,0,0,0,0,8,0,24,2,0,0,0,2,6,0,0,2,2,0,0,0,0,12,2,4,0,0,0,0,0,2,6,2,0,2,0,0,2,8,8,4,2,4,0,2,6,6,2,2,10,0,20,0,2,0,38,0,0,0,0,0,48,20,2,2,4,0,2,0,0,28,2,0,14,2,0,2,8,0,0,0,0,50,0,14,0,52,2,4,0,0,0,2,0,2,12,0,0,10,0,0,6,20,0,0,0,4,0,6,4,0,4,0,0,0,0,0,0,0,0,0,0,0,0,0,0,0,0,0,0,0,0,0,0,0,4,30,0,14,0,0,0
9,0,0,0,0,0,0,36,0,0,0,0,0,0,0,0,0,0,0,0,0,0,0,0,0,0,0,0,0,0,0,0,0,0,0,0,0,0,0,0,0,2,0,2,0,0,4,0,0,2,2,0,0,0,0,0,4,0,0,0,0,0,20,10,0,0,0,0,0,4,0,0,0,2,12,0,0,0,0,0,0,0,0,2,2,0,0,0,2,20,0,24,0,0,0,0,0,2,0,0,0,0,0,0,0,0,0,0,0,0,0,0,0,0,0,0,18,2,0,0,0,0,18,2,0,2,0,0,0,0,0,0,0,0,0,0,0,0,0,0,4,0,2,0,0,0,2,4,0,0,0,22,0,36,2,0,0,6,4,2,0,0,0,0,6,0,0,0,6,24,0,0,0,0,2,2,0,2,0,0,0,0,0,0,0,0,0,0,0,0,0,0,0,0,0,0,0,0,0,0,0,0,2,30,12,6,0,0,2
9,0,0,0,0,0,2,20,0,0,0,0,0,0,0,0,0,0,0,0,0,0,0,0,0,0,0,0,0,0,0,0,0,0,0,0,0,4,2,6,0,0,0,0,0,0,2,0,2,6,0,8,0,0,6,0,0,0,0,0,0,0,2,2,2,2,0,0,0,0,0,0,0,4,20,8,0,0,0,0,2,0,0,6,4,0,0,0,2,14,0,38,0,0,0,0,0,0,0,0,0,0,0,0,0,0,0,0,0,0,0,0,0,0,0,0,2,10,0,0,2,0,20,2,2,0,0,0,0,0,0,0,0,0,0,0,0,0,0,0,6,4,2,0,0,0,2,2,0,0,0,14,2,34,2,2,0,0,0,6,0,0,0,0,6,10,2,0,0,22,0,0,0,2,0,0,0,0,0,0,0,0,0,0,0,0,0,0,0,0,0,0,0,0,0,0,0,0,0,0,0,0,2,0,0,4,0,0,2
9,0,0,0,0,0,2,0,0,0,0,0,0,0,0,0,0,0,0,0,0,0,0,0,0,0,0,0,0,0,0,0,0,0,0,0,0,2,4,0,2,4,0,0,0,0,6,2,2,6,0,6,0,0,4,0,0,0,0,0,0,0,14,4,0,0,0,2,0,2,0,0,0,4,18,6,0,0,0,0,2,2,2,4,2,0,0,2,4,16,0,22,0,0,0,0,0,2,0,0,0,0,0,0,0,0,0,0,0,0,0,0,0,0,0,0,10,8,0,0,0,0,20,0,6,0,0,0,0,0,2,0,0,0,0,0,0,0,0,0,4,2,0,0,0,0,0,0,2,0,0,28,0,26,4,0,2,4,0,2,0,0,0,0,0,6,0,0,4,10,0,0,0,0,0,6,0,0,0,0,0,0,0,0,0,0,0,0,0,0,0,0,0,0,0,0,0,0,0,0,0,0,0,2,0,2,0,0,4
9,0,0,0,0,0,0,0,0,0,0,0,0,0,0,0,0,0,0,0,0,0,0,0,0,0,0,0,0,0,0,0,0,0,0,0,0,4,0,6,8,2,2,0,0,0,2,0,2,0,0,0,0,0,4,0,2,0,0,0,0,4,0,2,0,0,0,0,0,2,8,2,0,8,24,4,0,2,0,4,0,0,0,2,0,0,0,2,0,14,0,6,0,0,0,0,0,0,0,0,0,0,0,0,0,0,0,0,0,0,0,0,0,0,0,0,12,2,0,0,0,0,0,0,0,0,0,0,0,0,0,0,0,0,0,0,0,0,0,0,2,0,0,0,0,0,0,0,0,0,0,12,2,24,8,0,0,6,0,4,0,0,0,0,2,4,4,0,2,2,0,0,0,2,0,0,0,0,0,0,0,0,0,0,0,0,0,0,0,0,0,0,0,0,0,0,0,0,0,0,0,2,2,0,6,2,0,2,0
9,0,0,0,0,0,4,0,0,0,0,0,0,0,0,0,0,0,0,0,0,0,0,0,0,0,0,0,0,0,0,0,0,0,0,0,0,0,4,4,2,2,0,0,0,0,0,0,0,6,0,0,0,0,4,0,0,0,0,0,0,0,0,8,0,0,0,2,0,0,0,2,0,0,14,0,0,0,0,4,0,0,0,2,2,0,0,0,0,14,0,0,0,0,0,0,0,0,0,0,0,0,0,0,0,0,0,0,0,0,0,0,0,0,0,0,0,0,0,0,0,0,0,0,0,0,0,0,0,0,0,0,0,0,0,0,0,0,0,0,0,0,0,0,0,0,0,0,0,0,0,0,0,0,0,0,0,0,0,0,0,0,0,0,0,0,0,0,0,0,0,0,0,2,0,0,0,0,0,0,0,0,0,0,0,0,0,0,0,0,0,0,0,0,0,0,0,0,0,0,0,18,0,10,2,12,0,2,2
9,0,0,0,0,0,0,0,0,0,0,0,0,0,0,0,0,0,0,0,0,0,0,0,0,0,0,0,0,0,0,0,0,0,0,0,0,0,4,0,2,0,0,0,0,0,0,0,0,6,0,2,0,6,4,0,0,0,0,0,0,4,8,0,0,4,0,0,0,0,0,0,0,4,6,6,2,0,0,0,0,2,0,2,4,0,0,0,2,8,0,32,0,0,0,0,0,2,0,0,0,0,0,0,0,0,0,0,0,0,0,0,0,0,0,0,0,0,0,0,0,0,0,0,0,0,0,0,0,0,0,0,0,0,0,0,0,0,0,0,0,0,0,0,0,0,0,0,0,0,0,0,0,0,0,0,0,0,0,0,0,0,0,0,0,0,0,0,0,0,0,0,0,0,0,0,0,0,0,0,0,0,0,0,0,0,0,0,0,0,0,0,0,0,0,0,0,0,0,0,0,4,2,4,12,6,0,0,2
9,0,0,0,0,0,2,6,0,0,0,0,0,0,0,0,0,0,0,0,0,0,0,0,0,0,0,0,0,0,0,0,0,0,0,0,0,0,0,0,8,0,0,0,0,0,4,0,0,20,0,8,0,0,8,0,4,0,0,0,0,0,2,14,0,2,0,2,0,0,0,0,0,4,8,2,0,0,0,0,2,0,0,0,2,0,0,0,4,14,0,10,0,0,0,0,0,0,0,0,0,0,0,0,0,0,0,0,0,0,0,0,0,0,0,0,0,0,0,0,0,0,0,0,0,0,0,0,0,0,0,0,0,0,0,0,0,0,0,0,0,0,0,0,0,0,0,0,0,0,0,0,0,0,0,0,0,0,0,0,0,0,0,0,0,0,0,0,0,0,0,0,0,0,0,0,0,0,0,0,0,0,0,0,0,0,0,0,0,0,0,0,0,0,0,0,0,0,0,0,0,6,4,12,0,10,0,0,8
9,0,0,0,0,0,0,0,0,0,0,0,0,0,0,0,0,0,0,0,0,0,0,0,0,0,0,0,0,0,0,0,0,0,0,0,0,4,2,0,8,2,0,0,0,0,0,0,0,0,0,2,0,0,8,0,2,0,0,0,0,0,0,4,0,0,0,0,0,0,0,0,0,6,0,2,0,0,2,4,8,0,0,0,14,0,0,0,0,0,2,6,0,0,0,0,0,0,0,0,0,0,0,0,0,0,0,0,0,0,0,0,0,0,0,0,0,0,0,0,0,0,0,0,0,0,0,0,0,0,0,0,0,0,0,0,0,0,0,0,0,0,0,0,0,0,0,0,0,0,0,0,0,0,0,0,0,0,0,0,0,0,0,0,0,0,0,0,0,0,0,0,0,4,0,0,0,0,0,0,0,0,0,0,0,0,0,0,0,0,0,0,0,0,0,0,0,0,0,0,0,18,2,8,0,6,0,0,0
