1,0,0,0,0,0,0,0,2,2,2,2,0,0,0,0,6,2,0,2,6,2,0,8,4,0,0,0,0,0,0,0,0,2,0,0,0,0,0,6,0,0,10,2,0,0,0,0,0,0,0,0,0,0,0,8,0,0,4,0,0,0,2,0,4,6,2,0,0,0,0,2,2,0,0,0,0,0,0,16,0,0,0,0,0,0,0,0,10,0,2,2,0,0,0,0,12,0,0,0,0,0,0,0,0,2,4,0,2,0,2,0,0,0,2,8,0,0,0,2,2,0,4,4,0,0,0,0,0,0,4,6,6,2,6,2,4,0,0,0,0,2,12,2,0,0,0,0,0,2,2,8,0,0,0,0,0,0,0,0,2,0,0,0,0,0,0,4,0,0,0,0,2,18,0,0,0,0,0,0,0,0,20,4,2,2,0,0,0,0
1,0,0,0,0,0,2,0,0,2,10,0,2,0,0,4,18,0,2,4,4,2,0,12,0,4,0,0,0,10,0,0,2,0,0,0,0,0,0,0,0,0,6,0,0,0,2,0,0,0,0,0,0,0,0,0,0,0,10,0,0,0,0,0,2,4,0,0,2,0,4,0,0,0,0,0,0,0,0,2,0,4,0,2,8,0,14,2,2,0,4,0,0,12,0,2,2,0,0,0,0,0,0,0,0,2,2,0,0,0,0,0,0,0,2,0,0,2,4,0,2,2,0,2,0,0,2,0,0,0,8,0,6,6,44,2,14,0,0,0,0,0,96,0,0,2,0,0,2,0,0,2,0,8,0,0,0,2,0,0,0,0,0,0,0,0,2,2,0,0,0,0,4,4,0,0,2,0,0,0,2,2,16,0,0,0,2,0,0,0
1,0,0,0,0,0,0,0,2,2,4,0,6,0,0,10,20,0,4,0,22,8,4,8,0,0,0,0,0,0,0,0,0,0,0,0,0,0,0,0,0,0,6,10,0,2,0,0,0,2,0,0,6,2,0,0,0,0,2,0,0,0,0,0,0,2,0,0,2,0,0,0,0,0,0,0,0,0,0,6,0,2,0,0,0,0,0,0,0,0,8,4,0,8,10,0,12,0,0,0,2,0,0,2,0,0,2,0,2,0,0,0,0,0,0,0,0,0,8,0,8,0,0,2,0,0,0,0,0,0,6,2,0,0,0,0,14,0,0,0,0,0,130,0,0,2,0,2,2,0,6,4,0,0,0,0,0,0,2,0,0,0,2,0,0,0,0,0,0,0,0,0,4,8,0,0,0,0,0,0,0,0,2,6,2,0,0,0,6,4
1,0,0,0,0,0,0,0,4,0,2,0,0,0,0,6,18,0,0,0,2,0,2,2,0,2,2,0,0,0,0,0,0,0,2,0,0,0,0,18,0,0,0,0,2,8,0,0,0,0,0,2,6,0,0,2,0,0,0,0,0,0,0,0,0,2,0,0,0,2,0,0,0,0,0,10,0,0,0,6,2,0,0,0,0,0,0,0,2,2,8,4,0,12,6,0,0,0,0,2,0,0,0,4,0,0,6,0,12,0,0,0,0,0,0,2,0,0,0,2,0,2,4,6,0,0,2,4,0,0,10,4,0,0,0,0,10,0,0,0,2,12,0,0,0,4,0,4,4,0,0,0,0,2,0,0,0,0,0,0,0,0,0,0,0,0,0,0,0,0,0,0,0,6,0,0,0,0,0,0,0,0,4,2,2,4,2,0,0,4
1,0,0,0,0,0,0,0,4,2,0,0,0,0,0,0,4,0,2,4,10,0,0,0,0,22,12,0,2,2,0,2,0,0,2,0,2,0,0,0,0,0,0,0,0,0,2,0,0,0,0,0,8,0,0,0,0,0,0,0,0,4,0,2,0,2,0,0,4,2,0,0,0,0,0,4,0,2,0,4,0,4,0,2,0,0,0,2,0,0,2,6,0,0,2,0,2,0,0,2,0,0,0,0,0,0,0,0,0,0,0,0,0,2,0,0,2,4,6,0,0,0,2,14,0,2,0,0,0,0,4,0,12,2,0,4,8,0,0,2,2,4,0,0,0,0,0,0,0,0,8,2,0,8,0,0,6,0,0,0,0,2,0,0,0,0,0,0,0,0,0,0,2,4,0,0,0,0,2,0,0,0,12,4,4,0,8,0,0,0
1,0,0,0,0,4,0,0,0,0,0,0,2,0,0,10,0,0,2,6,14,4,8,12,0,4,0,0,0,0,0,0,2,0,2,0,0,0,0,0,0,2,0,0,0,0,0,0,0,2,0,0,2,0,0,0,2,0,4,0,0,2,0,0,0,2,0,0,10,0,0,0,0,0,0,6,0,0,0,4,0,0,0,0,0,0,0,0,0,0,4,6,0,0,2,0,0,0,0,0,0,0,4,0,0,0,4,0,0,0,4,0,2,0,0,0,0,2,12,0,0,0,0,4,0,0,0,0,0,0,2,6,0,2,0,0,6,0,0,2,0,20,2,0,0,16,0,0,0,4,0,2,4,6,0,0,0,0,0,0,0,0,0,0,0,0,0,4,0,0,2,0,0,2,0,0,0,0,2,0,0,0,24,12,0,4,22,2,0,8
1,0,0,0,0,0,0,0,2,2,2,2,0,0,0,0,0,0,0,6,4,0,0,2,0,0,0,0,0,8,0,2,0,0,12,0,4,4,0,2,0,0,0,12,0,6,0,0,0,0,0,0,2,6,0,0,0,0,0,0,0,0,14,4,0,0,0,0,6,2,0,0,0,0,0,2,2,0,0,8,2,4,0,2,0,0,0,2,0,8,0,6,0,2,4,2,0,0,0,0,0,0,0,0,0,0,0,0,0,0,0,0,0,0,4,0,0,2,8,2,2,0,0,10,0,0,0,0,0,0,8,2,0,0,0,4,2,0,0,0,0,2,2,0,0,4,0,0,2,0,0,6,4,0,0,0,0,4,2,0,0,0,0,2,0,0,0,4,4,2,4,0,2,6,0,0,0,0,0,0,0,0,16,0,2,0,0,2,0,2
1,0,0,2,0,0,0,0,2,2,0,2,0,0,0,8,0,2,8,0,0,0,0,10,0,0,0,0,2,2,2,2,0,0,2,0,20,0,0,0,0,0,0,6,0,0,8,2,0,4,0,0,4,12,0,0,0,0,2,0,0,4,0,0,0,8,0,0,2,2,0,0,0,0,0,0,2,0,0,2,0,42,0,0,2,0,0,4,0,0,4,2,0,12,0,0,0,0,2,0,0,0,0,6,0,2,0,2,0,0,2,2,0,0,2,0,6,8,18,0,6,2,0,2,0,2,0,0,0,0,6,2,0,2,0,0,0,2,0,0,2,4,0,0,0,0,0,0,0,0,4,4,2,2,2,0,0,0,0,0,0,2,0,0,0,0,0,0,6,0,0,0,0,4,2,0,0,0,0,0,0,0,2,4,0,2,4,0,0,6
1,0,0,2,0,0,2,0,4,2,4,0,0,0,0,4,2,2,2,6,0,0,0,0,0,2,2,0,0,6,0,0,2,2,0,0,6,0,0,0,4,2,0,0,0,0,2,2,0,0,0,0,0,10,0,0,2,0,0,0,0,2,0,2,0,10,0,0,4,12,0,0,0,0,0,0,0,2,2,0,0,16,0,2,2,0,0,0,52,0,0,2,2,0,0,0,0,0,0,2,0,0,0,2,0,0,2,0,0,0,0,0,0,0,0,0,2,6,10,2,4,0,0,6,0,0,0,0,0,0,4,0,6,0,0,0,0,0,0,0,0,4,0,0,0,2,0,0,4,2,8,4,8,0,0,0,2,0,0,0,0,0,0,0,0,0,0,0,0,0,0,0,0,0,0,0,0,0,0,0,0,0,20,4,2,2,2,0,0,0
1,0,0,0,0,0,0,0,0,4,0,0,0,0,0,8,6,4,0,10,4,12,6,4,2,0,0,0,2,2,0,0,0,0,0,0,4,2,0,0,6,0,0,0,6,0,0,0,0,0,0,0,0,2,4,0,2,0,2,0,2,0,0,0,0,2,0,0,4,0,0,0,0,0,0,2,4,0,0,8,0,0,0,0,0,0,0,0,0,4,18,6,0,2,0,0,2,0,0,0,0,0,0,0,0,2,0,0,6,0,0,0,0,0,0,0,0,4,4,4,0,0,4,12,0,0,0,0,0,0,10,2,14,0,48,0,0,4,0,0,0,6,0,0,0,0,0,0,4,0,0,6,8,0,0,0,0,0,0,0,0,0,0,0,0,0,0,0,0,0,0,0,0,2,2,0,0,0,0,0,2,0,12,8,4,0,8,0,0,12
1,0,0,0,0,0,0,0,4,0,0,2,0,0,2,2,0,2,2,6,0,2,0,2,0,6,0,0,2,0,2,0,0,2,0,0,0,2,0,0,0,0,0,0,2,0,0,2,0,0,0,0,0,0,4,0,0,0,0,0,6,0,0,0,0,10,0,0,4,10,0,0,0,0,0,0,6,0,0,6,0,0,0,0,4,0,0,0,0,2,10,4,0,6,0,0,0,0,2,0,0,0,6,6,0,0,10,0,0,2,0,0,0,0,2,0,2,10,8,6,12,0,4,40,0,0,2,2,2,0,6,4,0,2,20,2,0,2,2,2,0,2,0,2,0,0,0,0,0,0,4,2,6,10,0,4,0,0,0,0,0,0,0,0,0,0,0,0,4,4,0,4,2,0,0,0,2,0,0,0,0,0,10,6,2,4,2,0,0,0
1,0,0,0,0,0,2,0,0,0,4,0,0,0,0,6,4,0,0,8,0,0,2,12,0,2,2,0,0,0,2,0,0,0,0,0,0,0,0,2,0,0,6,0,0,0,0,4,0,0,0,2,4,2,0,0,0,0,2,6,8,0,0,6,0,0,0,0,10,6,0,0,0,0,0,2,22,4,0,2,0,8,0,0,0,0,2,8,0,2,0,0,0,14,10,0,0,0,0,2,0,0,4,6,0,10,0,0,0,0,0,0,0,0,6,0,6,12,6,0,0,0,2,12,0,0,0,0,0,0,2,0,4,0,10,0,0,2,0,0,0,8,0,0,0,4,0,0,6,0,2,2,0,16,4,2,0,2,0,0,0,0,0,0,0,0,0,2,0,0,0,0,0,0,0,0,6,0,6,0,0,0,8,4,2,2,0,2,0,12
1,0,0,0,0,0,0,0,0,0,4,0,0,0,0,4,2,0,2,0,46,12,2,2,4,0,0,0,2,2,0,0,0,0,0,0,0,0,2,0,0,0,0,0,0,0,0,4,0,0,0,0,0,0,2,0,0,0,0,0,0,0,0,0,0,8,0,0,4,10,0,0,0,0,0,0,0,0,0,0,0,2,0,0,2,0,0,2,0,2,6,8,0,4,2,0,0,0,0,2,0,0,0,4,0,4,12,0,0,2,0,0,0,0,2,0,0,8,2,10,4,0,4,10,0,0,0,0,2,6,14,0,4,4,4,2,0,6,0,2,0,2,0,0,0,2,0,0,0,0,4,6,0,4,0,0,0,0,0,0,0,0,0,0,0,0,0,0,0,0,0,0,2,4,0,0,0,0,0,0,0,0,18,0,0,0,0,0,0,0
1,0,0,0,0,0,2,2,2,6,2,0,0,0,2,12,0,0,0,0,18,2,6,4,0,2,0,0,0,2,2,0,0,0,6,0,4,0,2,0,2,0,0,0,0,0,0,0,0,0,0,0,0,4,0,0,0,0,0,0,0,0,0,0,0,0,0,2,0,0,0,0,0,0,0,0,0,0,0,0,0,10,0,2,0,0,0,2,0,0,14,0,0,28,8,0,0,0,0,0,0,2,0,2,0,0,2,0,0,0,0,0,2,2,2,0,2,0,0,0,0,0,0,10,4,0,0,0,0,0,2,2,6,0,0,0,0,0,0,0,0,6,0,0,0,2,0,0,0,0,6,8,0,12,0,0,0,0,0,0,0,0,0,0,0,0,0,0,0,0,0,0,0,0,0,0,2,0,4,0,0,0,10,0,0,0,0,0,0,0
1,0,0,0,0,0,0,0,0,4,4,2,0,0,0,4,0,2,8,0,26,12,26,4,6,0,2,0,2,6,0,0,0,0,2,0,0,0,0,4,4,0,0,0,0,0,0,0,0,0,0,0,0,2,0,0,0,0,0,0,0,0,0,0,0,0,0,0,4,0,0,0,0,0,0,0,0,0,0,0,0,4,0,0,0,0,0,0,30,2,2,4,0,10,6,4,0,0,0,0,0,2,0,2,0,0,2,0,0,0,0,0,0,4,4,0,4,6,18,8,12,0,2,32,0,0,2,2,0,0,6,2,6,6,0,0,0,0,0,0,0,2,2,2,0,0,4,6,0,0,2,4,0,0,0,2,0,0,0,0,0,0,0,0,0,0,0,0,0,0,0,0,0,4,0,0,0,0,0,0,0,0,14,0,0,0,0,0,0,0
1,0,0,0,0,0,0,0,0,2,2,0,0,0,0,8,0,0,4,0,14,2,2,18,2,0,0,0,0,6,2,0,2,0,2,0,8,0,0,0,4,0,0,0,4,0,0,0,0,0,0,0,0,0,0,0,0,0,0,0,0,0,0,0,0,0,0,0,4,2,0,0,0,0,0,0,0,0,0,0,0,0,0,6,0,0,0,0,16,10,14,10,0,0,0,0,0,0,0,2,0,0,2,2,0,4,4,2,0,0,0,0,0,0,0,0,2,0,6,0,6,0,0,12,0,0,0,2,2,4,10,0,0,4,0,6,0,0,0,0,0,4,2,0,0,0,0,0,2,2,6,4,0,10,0,2,0,0,0,0,0,0,0,0,0,0,0,0,0,0,0,0,0,2,0,0,0,0,0,0,0,0,20,0,0,0,0,0,0,0
1,0,0,0,0,0,2,0,2,0,0,0,0,0,0,10,0,0,8,0,0,0,0,18,2,0,0,0,2,2,4,8,0,0,0,12,6,0,0,0,0,0,0,0,0,0,0,0,0,0,0,0,0,0,0,0,0,0,0,0,0,0,0,0,0,0,0,2,2,0,0,0,0,0,0,0,0,0,0,0,0,2,0,4,0,0,0,0,0,2,6,4,0,14,10,0,0,0,0,0,0,0,0,0,0,2,0,0,4,0,0,0,0,0,4,0,0,0,6,2,4,0,0,26,0,0,2,2,6,2,8,4,2,0,2,0,0,0,2,0,0,0,0,0,0,0,2,6,0,0,6,8,0,2,0,0,0,0,0,0,0,0,0,0,0,0,0,0,0,2,0,2,2,0,0,0,2,0,2,0,0,0,10,0,0,0,0,0,0,0
1,0,0,0,0,0,0,0,0,0,0,4,0,0,0,0,0,2,2,0,0,0,0,6,6,0,0,0,0,0,2,0,0,0,6,0,0,0,0,0,0,0,0,0,2,0,0,0,0,0,0,0,0,0,0,0,0,0,0,0,0,0,0,0,0,0,0,0,0,0,0,0,0,0,0,0,0,0,0,0,0,0,0,4,6,0,2,0,0,0,6,6,0,6,2,0,0,0,0,0,0,0,0,10,0,0,0,2,2,0,0,0,0,0,0,0,0,0,8,0,2,0,0,0,2,2,0,2,2,2,16,4,6,0,0,0,0,0,0,0,0,4,0,0,0,0,2,4,0,0,6,12,0,6,0,0,0,0,0,0,0,0,0,0,0,0,0,0,0,0,0,2,2,0,0,0,0,0,0,0,0,0,0,0,0,0,0,0,0,0
1,0,0,0,0,0,0,0,2,0,0,0,0,0,4,6,0,0,6,0,0,0,0,22,4,0,0,0,0,0,2,0,0,0,0,0,0,0,0,0,0,0,0,0,2,0,0,0,0,0,0,0,0,0,0,0,0,0,0,0,0,0,0,0,0,0,0,0,6,0,0,0,0,0,0,0,0,0,0,0,0,10,0,0,4,0,0,0,0,0,4,0,4,14,4,0,0,0,0,0,0,0,0,0,0,10,0,2,0,0,0,0,0,0,0,0,0,0,6,4,0,0,0,0,0,0,2,0,2,0,26,6,4,4,0,0,0,0,0,0,0,2,0,2,0,0,2,2,0,0,14,8,0,0,2,0,0,0,0,0,0,0,0,0,0,0,0,0,0,0,0,0,0,0,0,0,0,0,0,0,4,0,0,0,0,0,0,0,0,0
1,0,0,0,0,0,0,0,0,0,0,0,14,0,0,8,0,2,2,0,0,0,0,10,0,0,0,0,0,4,6,0,0,2,6,0,0,0,2,0,4,0,0,0,0,0,0,2,0,0,0,0,0,0,0,0,0,0,0,0,0,0,0,0,0,0,0,0,0,0,0,0,0,0,0,0,0,0,0,0,2,24,0,0,0,0,0,2,0,10,14,4,0,0,0,2,0,0,0,0,0,0,0,0,0,6,0,0,4,0,0,0,4,0,0,0,0,0,6,0,4,0,0,0,0,4,0,0,4,0,14,0,2,6,4,0,0,0,0,2,2,2,0,2,0,0,0,0,0,2,10,10,0,0,0,0,0,0,0,0,0,0,0,0,0,0,0,0,0,2,0,0,0,0,0,0,0,0,0,0,0,2,0,0,0,0,0,0,0,0
2,2,2,0,0,0,0,0,2,2,4,0,2,0,0,6,8,2,4,4,2,0,2,20,2,0,2,0,0,2,2,0,2,2,2,0,0,0,0,0,0,0,8,2,2,0,0,0,0,0,0,0,2,0,2,0,0,0,0,0,0,0,0,0,2,0,0,0,2,0,0,0,0,0,0,6,0,2,0,12,0,0,0,0,0,0,10,0,2,2,2,0,0,0,0,0,8,0,0,0,2,0,0,0,0,0,2,0,10,0,0,0,0,0,2,0,0,0,4,0,10,0,2,2,0,0,0,0,4,2,14,0,0,4,2,2,8,0,2,0,0,0,14,0,0,2,0,0,2,0,0,2,2,8,0,0,0,2,0,0,2,0,0,0,0,0,0,2,0,0,0,2,2,14,0,0,0,0,0,0,0,4,18,2,4,8,8,0,2,2
2,2,2,2,0,0,0,0,0,0,2,0,0,0,2,2,16,0,2,6,0,2,2,4,4,0,2,0,0,0,4,0,0,0,0,0,8,0,2,8,0,0,2,2,0,0,0,0,0,0,0,0,0,2,0,10,0,0,0,0,0,0,2,0,0,8,0,0,4,2,0,2,0,0,0,0,0,0,0,2,0,10,4,0,18,2,12,6,0,0,2,6,0,10,4,0,6,0,0,2,0,0,0,2,0,0,0,0,0,0,0,0,0,0,0,8,2,2,4,8,6,2,2,0,0,0,0,0,0,0,4,0,0,4,4,0,12,0,0,0,0,10,60,0,0,2,0,2,0,2,2,4,2,4,0,0,0,8,2,0,0,0,0,0,0,0,0,0,0,0,0,0,0,10,0,0,0,0,0,0,0,6,18,6,0,6,0,0,0,4
2,0,0,0,0,0,0,0,0,0,2,2,0,2,0,0,2,0,0,0,10,2,0,8,0,2,2,0,0,2,0,0,0,0,0,0,2,0,0,0,0,0,6,4,0,4,2,0,2,0,0,0,0,0,0,0,0,0,0,0,0,0,0,0,2,0,2,0,4,0,0,0,0,0,0,0,2,0,0,4,0,2,4,0,0,0,0,2,16,0,0,2,0,0,0,0,14,0,0,0,0,0,0,0,0,0,0,0,0,0,0,0,0,0,0,0,2,0,6,0,2,0,0,0,0,0,2,0,0,0,8,0,0,12,12,0,0,2,0,0,0,4,0,0,0,2,0,0,0,2,0,2,2,2,0,0,0,0,0,0,0,0,0,0,0,0,0,2,0,18,6,6,2,24,0,0,0,0,0,0,0,0,20,2,0,4,8,0,2,2
2,0,0,0,2,0,0,0,4,4,2,2,0,0,0,18,2,0,2,4,6,0,0,2,4,2,2,0,0,0,0,2,0,2,0,0,4,0,0,0,0,0,8,0,0,2,0,0,0,0,0,0,0,6,0,0,0,0,0,0,0,0,0,0,0,0,0,0,12,0,0,0,0,0,0,0,0,0,0,16,0,0,0,2,4,0,6,12,0,0,4,6,0,42,0,0,4,0,0,0,0,0,0,4,0,0,0,2,4,0,0,2,0,0,2,0,0,4,10,0,0,0,0,2,0,0,0,0,0,0,2,0,2,0,0,0,8,2,0,0,0,2,0,0,0,2,0,2,4,0,0,2,2,2,0,0,0,0,0,0,0,0,0,0,0,0,0,4,0,0,2,0,4,14,0,0,0,0,0,0,0,0,14,12,6,6,0,2,0,2
2,2,0,0,0,0,0,0,4,0,2,4,0,0,0,0,4,0,2,4,4,0,0,4,0,6,18,0,0,2,0,0,6,0,2,0,0,0,0,0,0,0,0,6,0,0,2,0,2,0,0,0,18,0,0,0,0,0,0,0,4,0,2,0,0,18,0,0,18,0,0,0,0,2,0,0,2,0,0,16,0,0,0,0,2,0,0,0,0,0,2,2,0,12,0,0,2,0,0,0,2,0,0,0,0,0,0,0,4,0,0,0,0,0,0,0,2,4,6,4,10,0,0,32,0,0,0,0,0,2,2,0,0,2,2,0,4,2,0,0,0,0,0,0,0,0,0,0,2,4,0,0,0,6,0,0,0,0,0,0,0,0,0,0,0,2,0,2,0,4,0,2,2,22,0,0,0,0,0,0,0,2,16,0,4,0,0,0,4,0
2,0,0,0,0,4,0,0,0,2,8,0,0,0,0,2,0,0,4,2,0,0,0,8,0,0,0,0,0,6,0,0,0,0,0,0,0,0,0,0,0,0,0,8,0,0,2,0,0,0,0,0,0,2,0,0,0,0,0,2,4,0,0,0,0,6,0,0,4,4,2,0,0,0,0,2,2,0,2,16,0,4,2,2,2,0,0,2,0,0,6,2,0,2,6,0,4,0,0,0,0,0,0,0,0,2,2,0,0,0,0,0,0,0,0,0,6,6,6,2,0,0,0,30,0,2,0,0,0,2,6,2,8,2,6,0,0,0,0,0,0,4,2,2,0,0,0,0,6,2,2,2,2,4,0,0,0,0,0,2,0,0,0,0,0,0,0,0,2,0,0,0,0,12,0,0,0,0,0,0,0,0,6,6,0,18,4,0,0,0
2,0,0,0,0,0,0,0,6,2,2,0,0,2,0,8,0,2,0,10,6,0,0,8,0,6,0,0,0,2,0,0,0,0,2,0,0,2,0,0,0,0,0,6,0,0,10,0,6,6,0,0,4,0,0,0,0,0,0,0,0,0,0,2,0,0,0,0,12,0,0,0,0,0,0,4,0,0,0,8,0,0,6,2,0,4,0,0,0,0,4,4,0,4,4,2,2,0,0,0,2,0,2,0,0,0,0,0,0,0,0,0,0,2,4,0,0,2,10,0,14,0,0,2,0,0,2,0,0,0,12,0,2,0,4,4,4,0,0,0,0,2,2,0,0,2,0,0,0,0,0,4,2,8,2,0,0,0,0,0,0,0,0,0,0,0,0,0,0,0,0,2,2,10,0,0,0,0,0,0,0,0,28,8,4,0,2,0,0,0
2,0,0,0,0,0,2,0,2,0,0,0,8,0,0,8,4,2,2,4,4,0,0,8,0,2,0,0,2,2,0,0,0,0,0,0,4,2,0,0,6,0,0,4,0,0,0,0,0,0,0,0,4,2,0,0,0,0,0,2,2,0,2,0,0,0,0,0,6,0,0,0,0,0,2,0,18,0,0,4,0,0,2,0,2,0,2,4,0,10,8,0,0,4,2,0,0,0,0,0,0,2,0,0,0,0,2,0,0,0,0,0,0,0,0,0,2,4,18,2,6,0,0,0,0,0,0,0,0,0,2,0,0,0,0,0,12,0,0,0,0,0,2,0,0,0,0,0,2,0,4,0,12,2,2,0,2,0,2,0,0,0,0,0,0,0,0,0,2,0,0,0,0,14,0,0,0,0,0,0,0,0,12,2,0,2,0,0,0,0
2,0,0,0,0,2,0,0,4,2,0,4,0,0,0,8,0,6,2,0,2,10,2,24,0,4,0,0,0,4,0,0,2,0,0,0,0,0,0,0,0,0,0,0,0,0,0,0,0,0,0,0,0,2,4,0,0,0,2,0,0,0,0,6,0,0,0,0,12,2,0,2,0,0,0,0,0,0,0,8,0,0,2,0,4,0,0,2,0,0,6,8,0,12,4,4,0,0,0,2,0,2,0,6,0,0,4,0,0,0,0,0,0,0,0,0,4,4,8,2,2,0,0,12,2,0,0,0,0,2,24,4,0,4,0,2,0,0,0,0,0,4,0,0,0,0,0,2,0,2,2,4,4,2,0,0,0,0,0,0,0,0,0,2,0,0,0,0,0,0,0,0,0,16,0,0,4,0,2,0,0,0,26,12,2,0,6,0,0,20
2,0,0,0,0,0,0,0,2,2,0,0,0,0,0,12,2,2,4,8,6,4,6,4,2,4,6,0,0,4,2,0,2,0,4,0,6,2,0,2,2,0,0,0,0,0,0,0,0,0,0,0,0,2,4,0,0,0,2,2,4,2,2,16,0,10,2,0,8,0,0,0,0,0,0,0,4,2,0,8,0,2,0,0,2,0,0,0,0,0,6,0,0,14,2,0,0,0,14,6,0,0,0,4,0,0,0,0,0,2,0,0,0,0,0,0,0,0,2,2,2,0,0,8,0,0,0,0,0,0,4,2,14,6,4,0,0,0,0,0,0,2,0,0,0,0,0,0,0,8,2,4,4,4,0,0,0,0,2,0,2,0,0,0,0,0,0,0,0,0,0,0,2,6,0,0,2,0,0,0,0,0,12,10,0,0,0,2,0,14
2,0,0,0,0,0,0,0,4,0,0,0,0,0,0,4,2,4,2,0,2,2,0,4,2,2,4,0,2,6,4,0,0,0,2,0,6,0,4,6,0,0,0,0,0,0,0,0,0,0,0,2,0,0,0,0,0,0,0,0,0,2,0,0,0,0,0,0,0,0,0,0,0,0,2,0,2,0,4,0,0,0,0,0,0,0,0,4,0,4,0,2,0,0,0,0,2,0,0,0,0,2,0,0,0,0,0,0,0,0,2,2,0,4,8,0,0,4,8,2,2,0,4,34,0,0,0,0,0,0,0,4,0,4,8,4,0,0,0,0,0,2,0,0,0,4,0,0,0,2,2,2,8,6,0,0,2,2,0,0,0,0,0,0,0,2,0,0,0,0,0,2,8,18,0,0,0,0,0,0,0,0,14,6,0,2,4,2,0,0
2,4,0,0,0,0,0,0,4,0,6,0,0,0,4,6,6,0,0,0,18,0,0,2,4,0,0,0,0,6,0,4,0,0,0,0,6,6,0,0,2,0,0,0,2,0,2,0,0,0,0,0,0,0,0,0,0,0,0,0,0,0,0,2,0,12,0,2,10,2,0,2,0,2,0,16,4,2,0,8,0,2,0,0,0,0,0,0,0,10,0,4,0,2,4,0,0,0,0,2,0,0,0,4,0,4,0,0,4,2,0,0,0,0,0,0,0,2,4,4,4,2,0,24,0,0,0,0,0,0,8,2,10,2,0,0,0,6,0,0,0,0,4,0,0,0,0,0,2,0,4,4,8,4,0,0,2,2,2,0,0,2,0,0,0,0,0,0,2,0,0,0,4,12,0,0,2,0,0,0,2,0,24,8,0,0,0,2,0,8
2,2,0,0,0,0,6,0,2,2,4,0,0,0,4,6,0,0,0,0,16,0,2,4,0,6,0,0,0,10,0,2,2,0,4,0,2,0,2,4,4,0,0,0,2,0,0,0,0,0,0,0,0,2,2,0,0,0,0,0,0,0,0,0,0,0,0,6,2,0,0,0,0,0,0,0,0,0,0,0,0,4,2,4,6,0,0,0,18,6,8,2,2,0,6,4,0,0,0,0,0,0,0,0,0,0,0,2,0,0,0,0,0,0,0,2,0,2,4,2,0,0,2,0,0,0,0,0,0,0,0,0,4,0,10,0,0,0,0,0,0,2,0,0,0,0,0,0,4,0,4,12,4,2,0,2,0,0,0,0,0,0,0,0,2,0,0,0,0,0,0,0,2,4,0,0,4,0,0,0,2,0,0,0,0,0,0,0,0,0
2,0,0,0,0,0,0,0,2,8,0,0,0,0,0,6,0,0,0,0,16,4,2,6,0,0,0,0,0,0,4,0,0,0,2,0,2,2,2,0,0,0,0,0,0,0,0,0,0,0,0,0,0,2,0,0,0,0,0,0,0,0,0,0,0,0,0,0,4,0,0,0,0,0,0,0,0,0,0,0,0,2,0,2,2,0,0,0,0,0,0,4,2,4,4,0,0,0,0,0,0,0,0,0,0,0,4,2,0,0,0,0,0,0,0,0,0,2,4,0,6,0,6,36,0,0,0,2,0,2,12,0,2,2,2,0,0,0,0,0,0,0,0,2,0,2,0,0,2,0,2,6,0,8,0,0,0,0,0,0,0,0,0,0,0,0,0,0,0,0,0,0,12,4,0,0,4,0,0,0,0,0,12,0,0,0,0,0,0,0
2,0,0,0,0,0,2,0,4,0,2,0,0,0,0,8,0,4,2,0,4,4,0,0,2,0,0,0,0,0,0,2,0,0,2,0,6,0,0,2,2,0,0,0,0,0,0,2,0,0,0,0,0,2,0,0,0,0,0,0,0,0,0,0,0,0,0,0,2,10,2,0,0,0,0,0,0,0,0,0,2,2,0,0,0,0,0,0,0,0,2,2,0,18,4,0,0,0,0,0,2,0,0,0,0,6,2,0,4,0,0,0,0,0,0,2,0,6,2,2,2,0,2,16,0,2,0,0,0,0,4,0,2,2,2,0,0,2,0,0,0,0,0,0,0,2,0,0,2,0,2,6,0,2,0,2,0,0,0,0,0,0,0,0,0,0,0,0,0,2,0,8,2,12,0,0,0,0,0,0,0,0,20,0,0,0,0,0,0,0
2,0,0,0,0,0,4,0,0,6,2,0,0,0,2,6,0,0,2,0,18,2,2,2,0,0,2,0,0,4,0,2,0,0,0,0,6,0,0,2,2,0,0,0,4,0,0,2,0,0,0,0,0,2,0,0,0,0,0,0,0,0,0,0,0,0,0,0,4,0,0,0,0,0,0,0,0,0,0,0,0,12,6,2,0,0,0,2,0,4,10,6,0,28,0,0,0,0,0,0,0,0,0,0,0,0,6,0,4,0,2,0,0,0,0,0,0,6,0,2,4,0,0,46,0,0,0,0,0,0,8,2,4,2,0,0,0,0,0,0,0,4,0,0,0,4,0,0,0,2,0,8,0,4,0,0,0,0,0,0,0,0,0,0,0,0,0,0,0,2,0,4,0,14,0,0,0,0,0,0,0,0,0,0,0,0,0,0,0,0
2,0,0,0,0,0,2,0,0,0,0,0,42,0,2,6,0,0,0,0,0,0,0,2,0,0,0,0,4,0,4,0,0,0,0,0,0,0,2,0,0,0,0,0,0,0,0,0,0,0,0,0,0,2,0,0,0,0,0,0,0,0,0,0,0,0,0,0,8,0,0,0,0,0,0,0,0,0,0,0,0,0,8,4,0,0,0,2,0,8,6,2,0,20,2,0,0,0,0,0,0,0,0,0,0,0,0,0,0,2,0,0,0,0,2,0,0,0,14,2,2,0,0,0,0,0,2,0,2,0,12,0,6,10,0,0,0,0,2,0,0,2,0,0,0,2,0,18,0,0,8,4,0,0,0,0,0,0,0,0,0,0,0,0,0,0,0,0,0,2,0,12,4,16,0,0,0,0,0,0,0,0,0,0,0,0,0,0,0,0
2,0,0,0,0,0,0,0,0,0,0,4,18,0,4,6,0,0,10,0,0,0,0,0,0,0,0,0,0,2,0,0,0,0,4,0,0,0,0,4,0,0,0,0,0,0,0,0,0,0,0,0,0,0,0,0,0,0,0,0,0,0,0,0,0,0,0,0,2,0,0,0,0,0,0,0,0,0,0,0,0,6,0,2,0,4,0,0,0,0,4,4,2,8,0,0,0,0,0,2,0,0,0,2,0,2,0,0,0,0,0,0,0,0,0,0,0,0,2,2,20,0,0,0,2,0,2,0,0,8,14,2,0,0,0,2,0,0,0,0,0,2,0,2,0,0,4,0,0,0,10,10,0,0,0,0,0,0,0,0,0,0,0,0,0,0,0,0,0,2,2,0,0,0,0,0,8,0,4,0,4,0,0,0,0,0,0,0,0,0
2,0,0,0,0,0,2,0,0,0,0,0,10,0,4,14,0,0,6,0,0,0,0,10,0,0,0,0,0,4,0,0,0,2,0,0,0,0,0,0,2,0,0,0,0,0,0,0,0,0,0,0,0,0,0,0,0,0,0,0,0,0,0,0,0,0,0,0,2,0,0,0,0,0,0,0,0,0,0,0,0,14,2,0,0,0,0,0,0,2,6,2,0,4,2,0,0,0,0,0,0,0,0,0,2,2,0,2,0,0,0,0,2,0,4,0,0,0,10,2,0,0,0,0,0,0,0,0,0,2,28,2,0,6,6,0,0,0,2,2,0,12,0,0,2,2,0,2,0,2,8,16,0,0,0,0,0,0,0,0,0,0,0,0,0,0,0,0,0,0,0,2,0,16,0,0,0,0,0,0,0,0,0,0,0,0,0,0,0,0
2,0,0,0,0,0,0,0,0,0,0,0,14,2,0,6,0,0,6,0,0,0,0,8,0,0,0,0,2,2,2,2,0,2,2,0,0,0,0,2,12,0,0,0,0,0,0,0,0,0,0,0,0,0,0,0,0,0,0,0,0,0,0,0,0,0,0,10,2,0,0,0,0,0,0,0,0,0,0,0,0,0,0,2,2,0,0,0,0,4,4,0,0,18,2,0,4,0,0,0,0,0,0,0,0,0,0,0,0,0,0,0,0,0,4,0,0,0,0,2,0,0,0,0,2,2,0,0,0,0,12,6,2,2,4,2,0,0,0,6,2,0,0,0,0,0,0,0,0,2,8,10,0,0,2,0,0,0,0,0,0,0,0,0,0,0,0,0,0,0,0,0,2,2,0,0,6,0,6,0,0,0,0,0,0,0,0,0,0,0
3,0,0,0,0,2,0,0,2,0,4,0,4,0,0,0,4,4,0,4,10,6,2,14,4,12,4,0,0,2,0,2,0,2,4,0,0,0,2,0,2,0,10,0,0,0,0,0,0,0,0,0,0,0,0,2,0,0,0,2,0,0,0,0,4,4,0,0,2,0,0,0,0,0,0,0,0,0,0,8,0,2,4,0,0,0,0,2,0,2,0,4,0,26,2,0,4,0,0,0,0,0,0,6,0,0,0,0,6,0,0,0,0,0,0,0,0,0,0,0,0,0,2,0,0,0,4,0,0,0,12,4,0,0,2,0,10,0,0,0,0,0,16,0,0,0,0,4,2,0,4,6,2,6,0,0,0,2,0,0,0,0,0,0,0,0,0,6,0,0,2,0,0,8,0,0,2,0,0,0,0,26,4,0,4,8,2,4,2,6
3,0,0,0,0,0,0,0,2,0,0,8,0,0,0,4,22,2,4,2,8,2,0,2,0,0,2,0,0,8,0,0,4,0,4,0,0,0,0,0,0,0,2,6,0,0,0,0,0,0,0,0,4,0,0,0,0,0,0,0,2,2,2,0,4,8,0,0,14,0,0,0,0,0,0,0,0,0,0,26,0,0,0,0,2,0,0,2,0,0,12,4,0,0,0,0,10,0,8,0,0,0,0,4,0,0,0,2,0,0,0,0,0,0,0,0,2,0,2,0,4,0,0,8,0,0,0,0,0,0,6,0,0,8,14,0,14,0,0,0,0,4,12,0,0,2,0,0,0,0,0,6,14,6,0,0,0,2,0,0,0,0,0,2,0,0,0,0,0,0,2,0,0,6,0,4,6,0,0,0,0,6,10,2,0,2,0,0,2,0
3,0,0,0,0,0,2,0,2,2,0,2,0,0,0,0,14,0,4,0,10,4,0,6,2,0,0,0,0,4,2,0,0,0,2,0,0,2,0,0,0,0,12,6,0,2,0,2,0,2,0,0,0,0,0,0,0,0,0,0,0,0,0,0,0,0,0,0,4,0,0,0,0,0,0,0,0,0,0,2,0,2,0,0,6,0,0,0,0,0,4,4,0,10,8,12,6,0,4,0,0,0,0,2,0,0,4,0,6,0,0,0,0,0,0,0,2,4,2,2,0,0,0,12,0,0,0,0,2,0,2,2,0,2,10,2,8,0,0,0,0,0,0,0,0,2,0,0,2,0,0,8,2,6,0,2,0,2,0,0,4,0,0,0,0,0,0,0,2,0,2,0,6,6,0,0,0,0,0,0,2,0,2,4,0,0,2,4,0,0
3,0,0,0,0,0,0,0,0,2,0,2,4,0,2,2,6,0,0,2,14,0,0,34,6,4,0,0,2,10,0,0,0,0,4,0,0,2,0,0,0,0,0,2,0,0,0,2,4,4,0,0,0,0,0,0,0,0,0,0,0,2,0,0,0,12,0,0,2,0,0,0,0,0,0,4,0,0,0,18,0,6,0,0,2,0,6,6,0,4,0,6,0,14,2,0,4,0,0,0,2,0,0,0,0,0,0,0,4,0,0,0,0,0,2,2,0,2,0,0,2,0,0,4,0,0,2,0,2,0,10,0,4,10,16,0,6,0,0,0,0,0,4,0,0,0,0,0,6,0,2,0,2,0,0,0,0,0,0,0,0,0,0,0,0,0,0,0,4,0,0,2,4,12,0,0,0,0,2,0,0,0,4,0,0,0,2,2,0,0
3,0,0,0,0,2,0,0,6,2,2,4,6,0,2,0,4,0,0,8,4,0,0,16,2,4,2,0,0,4,6,0,4,0,0,0,4,0,0,0,2,0,0,18,0,0,0,0,0,2,0,0,8,0,0,0,0,0,0,0,0,6,0,2,0,4,0,2,4,2,0,2,0,0,0,0,2,0,0,8,0,0,0,0,0,0,0,0,0,0,4,10,0,0,0,0,0,0,0,4,2,0,0,0,0,2,0,2,2,0,0,0,0,0,0,0,2,0,10,2,6,2,0,12,0,0,0,0,0,0,10,4,8,0,2,0,6,0,0,0,0,4,0,0,0,0,0,0,0,0,2,2,8,2,0,0,0,0,2,0,0,0,0,0,0,0,2,2,2,2,0,0,4,8,0,0,0,0,0,0,0,0,0,0,0,10,2,2,2,0
3,0,0,0,0,4,0,0,0,0,4,2,2,2,0,4,0,0,4,8,14,0,0,36,2,0,0,0,0,2,2,0,0,0,0,0,2,0,0,0,0,0,0,2,0,2,0,0,2,2,0,0,8,0,0,0,0,0,0,0,0,0,2,0,0,6,0,0,4,2,0,0,0,0,0,0,2,2,0,8,0,0,2,2,2,0,0,0,110,4,8,2,0,0,0,4,0,0,0,0,0,0,0,2,0,0,2,0,0,0,0,0,0,0,4,0,2,0,0,0,0,0,2,10,0,0,0,2,0,0,10,2,2,0,0,0,2,0,0,0,2,36,0,0,0,6,0,2,2,0,0,0,2,0,0,4,0,2,0,0,0,0,0,0,0,0,0,0,0,0,0,2,2,6,0,0,0,0,0,0,0,0,10,12,0,8,2,2,8,0
3,0,2,0,0,0,2,0,6,0,12,0,0,0,0,4,0,2,2,2,14,0,0,14,0,0,0,0,2,2,0,0,0,0,0,0,0,0,0,0,0,0,4,8,0,0,0,0,0,0,0,0,2,2,0,0,0,0,0,0,0,2,0,2,0,0,2,0,4,0,0,0,0,2,0,0,0,0,2,8,0,6,4,0,0,0,0,0,0,2,0,6,0,34,2,0,2,0,2,0,0,0,0,0,0,0,0,0,2,0,0,0,0,2,0,0,0,2,2,0,0,0,0,0,0,0,0,2,0,0,4,2,0,2,4,2,8,2,0,0,0,4,0,2,0,0,0,0,2,0,0,2,6,2,0,0,0,0,0,0,0,0,0,0,0,2,0,0,2,0,0,0,0,6,0,0,0,0,0,0,0,0,4,8,0,14,6,4,4,0
3,2,0,2,0,0,0,0,2,2,2,0,0,0,0,2,2,0,4,6,6,0,0,14,0,2,0,0,0,0,0,0,0,0,0,0,2,0,0,0,0,0,0,4,0,0,0,0,0,0,0,0,4,2,0,0,0,0,4,2,2,0,0,0,0,2,0,0,6,0,0,0,0,0,0,0,2,4,8,10,0,0,0,2,0,0,4,0,0,2,2,8,0,10,0,0,2,0,0,0,0,0,0,0,0,0,4,0,0,0,2,0,0,0,4,4,0,6,6,0,0,0,0,0,0,0,0,2,0,0,18,8,0,0,0,2,8,0,0,0,0,0,4,0,0,4,0,0,0,0,2,6,4,0,0,0,0,0,10,0,0,2,0,0,0,0,0,0,4,0,0,0,0,10,0,0,0,0,0,0,0,0,4,10,0,2,4,0,0,18
3,0,2,0,0,0,2,0,0,2,0,0,0,0,2,0,10,8,0,18,6,0,0,0,0,6,4,0,0,2,0,0,0,0,2,0,0,0,0,0,0,0,0,8,0,0,0,0,0,0,0,0,4,10,0,0,0,34,2,2,0,2,0,4,0,0,0,0,14,4,0,0,0,0,0,0,6,0,2,6,0,0,0,2,2,0,2,0,0,6,2,4,2,20,0,0,0,0,0,0,0,0,0,2,0,0,6,0,0,0,2,0,0,0,2,0,0,0,0,0,4,0,2,4,0,0,0,0,2,0,2,0,0,2,6,0,0,2,0,0,2,10,2,4,0,0,0,0,2,4,6,2,6,2,0,2,0,0,0,0,0,0,0,0,0,4,0,4,0,0,0,0,4,0,0,0,0,0,0,0,0,0,2,10,2,0,0,0,0,0
3,0,0,0,0,0,0,0,6,4,0,0,0,0,0,4,0,6,0,14,2,0,0,0,0,0,0,0,0,2,0,0,2,0,0,0,0,0,0,0,0,2,0,0,0,0,0,0,0,0,0,0,8,0,0,0,0,0,2,0,0,0,0,0,0,6,0,0,6,0,0,0,0,0,0,0,4,0,0,8,0,0,0,0,0,0,0,0,32,4,4,12,0,6,0,0,0,0,0,0,0,0,0,0,0,0,0,0,0,4,0,2,0,0,2,0,2,0,2,0,0,0,0,2,0,0,0,0,0,0,6,0,2,2,2,0,0,2,0,0,0,6,0,2,0,2,0,0,2,2,4,4,4,4,0,0,0,0,8,0,0,8,0,0,0,0,0,0,0,0,0,0,0,6,0,0,0,0,0,0,0,0,0,4,2,2,0,0,0,18
3,0,0,0,0,0,0,2,6,2,2,0,0,0,0,2,8,0,0,0,2,2,2,24,4,0,2,0,0,2,4,0,8,0,2,0,4,2,0,2,0,0,0,0,0,0,0,2,0,0,0,0,0,10,2,0,0,0,2,0,0,2,2,10,0,0,0,0,2,2,0,0,0,0,0,2,2,0,0,14,0,0,0,0,0,0,0,6,52,2,14,12,4,16,4,0,2,0,0,0,0,0,0,8,0,0,0,0,0,2,0,0,0,0,0,0,0,6,8,0,2,2,2,40,0,0,0,4,0,0,2,0,6,0,0,2,0,0,0,0,2,0,0,0,0,6,0,0,0,2,4,8,0,2,0,0,0,0,0,0,0,0,0,4,0,0,0,0,2,0,0,2,4,12,0,0,0,0,0,0,0,0,6,6,4,0,4,0,0,2
3,2,0,0,0,0,0,0,0,4,0,2,0,0,0,2,2,0,2,0,18,6,0,26,0,2,0,0,0,2,0,0,0,0,4,0,0,0,0,0,2,0,0,0,0,0,0,0,0,0,0,0,0,4,4,0,0,0,4,0,2,0,0,0,0,16,0,2,8,0,0,0,0,0,0,2,0,0,0,4,0,2,0,0,2,0,0,0,30,0,4,8,0,0,2,0,0,0,0,0,0,0,0,2,0,2,8,0,0,0,0,0,2,0,0,0,0,0,0,2,4,0,4,26,0,0,2,0,0,0,4,4,0,0,42,0,0,0,0,2,0,8,2,0,0,0,0,0,2,0,8,4,0,6,0,0,0,2,0,0,0,0,0,0,0,4,0,0,0,0,0,0,4,0,0,2,0,0,4,0,2,0,2,10,0,0,2,4,0,16
3,0,0,0,0,0,2,0,0,0,2,0,0,0,4,6,0,0,0,0,12,2,4,26,2,2,0,0,0,0,0,0,0,0,0,0,12,2,0,0,0,0,2,0,4,0,0,0,4,0,0,0,4,2,0,0,0,0,0,0,0,0,0,0,0,0,0,0,8,0,2,0,0,0,0,0,0,0,0,0,0,0,0,0,0,0,0,0,0,0,0,0,2,6,4,4,2,0,0,2,0,0,0,8,0,2,2,0,0,0,0,0,2,0,0,0,2,8,6,0,4,0,0,16,0,0,2,0,0,4,10,0,2,0,12,2,0,0,0,0,0,2,0,2,0,0,0,0,0,0,2,14,0,4,0,0,0,0,0,0,0,0,0,0,0,0,0,0,0,0,0,0,2,2,0,0,2,0,0,0,0,0,2,0,0,0,0,0,0,0
3,0,0,0,0,0,0,0,0,4,2,0,0,0,2,14,0,6,0,0,18,4,2,16,4,2,0,0,2,0,2,0,0,0,0,0,4,2,0,0,0,0,2,0,0,0,0,2,0,0,0,0,0,2,0,0,0,0,0,0,0,0,0,0,0,0,0,0,6,0,0,0,0,0,0,0,0,0,0,0,0,14,0,2,0,0,0,0,0,6,14,8,0,44,0,0,0,0,0,0,0,0,0,0,0,0,2,0,8,0,0,0,0,0,2,0,0,0,2,2,4,0,0,4,4,0,0,0,2,0,6,0,8,0,0,0,0,0,0,0,0,8,0,0,0,0,0,2,0,0,2,4,0,8,0,6,0,0,0,0,0,0,0,0,0,0,0,0,0,0,0,0,0,0,0,0,0,0,0,0,2,0,0,0,0,0,0,0,0,0
3,0,0,0,0,0,0,0,0,4,0,0,0,2,0,4,0,2,2,0,6,4,2,36,0,4,4,0,0,2,0,0,16,0,2,0,0,0,0,0,0,0,0,0,0,0,0,0,0,0,0,0,0,2,2,0,0,0,0,0,0,0,0,0,0,0,0,0,6,2,0,0,0,0,0,0,0,0,0,0,0,2,0,2,0,0,0,0,0,0,2,4,0,4,12,0,0,0,0,0,0,0,0,0,0,0,2,0,0,2,0,0,2,0,0,0,0,2,2,0,6,0,0,12,0,0,0,0,4,0,4,0,10,2,2,0,0,0,0,0,0,0,0,0,0,4,2,10,0,2,4,4,0,2,2,0,0,0,0,0,0,0,0,0,0,0,0,0,0,0,0,0,0,6,0,0,0,0,0,0,0,0,0,0,0,0,0,0,0,0
3,0,0,0,0,0,0,0,0,4,0,2,0,0,2,0,0,0,6,0,4,4,0,20,0,2,2,0,0,2,2,0,0,0,0,0,2,0,2,0,2,0,0,0,0,0,0,0,0,0,0,0,0,0,0,0,0,0,0,0,0,0,0,0,0,0,0,2,16,0,0,0,0,0,0,0,0,0,0,0,0,0,2,0,0,0,0,0,0,4,4,6,0,2,8,0,0,0,0,0,0,0,2,0,0,0,0,0,0,6,0,0,0,0,0,0,0,2,2,0,8,0,0,34,0,0,0,2,2,4,12,2,0,2,2,0,0,0,0,0,0,6,2,0,0,0,0,8,0,0,2,2,0,2,0,4,0,0,0,0,0,0,0,0,0,0,0,0,0,0,0,0,2,2,0,0,6,0,0,0,2,0,16,0,0,0,0,0,0,0
3,0,0,0,0,0,0,0,0,0,0,0,22,0,4,16,0,0,4,0,0,0,0,0,0,0,0,0,2,4,0,0,0,0,0,0,2,0,0,0,0,0,0,0,0,0,0,0,0,0,0,0,0,0,0,0,0,0,0,0,0,0,0,0,0,0,0,4,2,2,0,0,0,0,0,0,0,0,0,0,2,2,4,2,0,0,0,0,0,0,2,0,0,2,2,2,2,0,0,0,0,0,0,2,0,0,0,0,0,0,0,0,0,0,0,0,0,0,8,2,6,0,0,20,0,0,2,0,0,0,18,4,0,0,6,0,0,0,0,0,0,2,0,2,0,0,0,2,0,0,10,10,0,0,2,2,0,0,0,0,0,0,0,0,0,0,0,0,0,2,0,4,8,6,0,0,0,0,0,0,0,0,2,0,0,0,0,0,0,0
3,0,0,0,0,0,2,0,0,0,0,0,8,0,0,8,0,0,2,0,0,0,0,2,0,0,0,0,0,0,4,2,0,0,2,0,0,0,2,0,0,0,0,0,2,0,0,0,0,0,0,0,0,0,0,0,0,0,0,0,0,0,0,0,0,0,0,0,4,0,0,0,0,0,0,0,0,0,0,0,0,0,2,2,0,0,0,2,0,2,0,2,0,0,8,0,0,0,0,0,0,0,0,0,0,2,0,0,0,0,0,0,0,0,0,0,0,0,0,2,6,0,0,0,2,0,0,0,0,4,0,0,6,0,2,2,0,0,0,0,2,4,0,2,0,0,0,0,0,0,2,4,0,0,0,2,0,0,0,0,0,0,0,0,0,0,0,0,0,2,0,6,2,6,0,0,0,0,0,0,0,0,0,0,0,0,0,0,0,0
3,0,0,0,0,0,2,2,0,0,0,0,4,0,0,12,0,4,4,0,0,0,0,14,0,0,0,0,0,6,2,2,0,0,2,0,0,0,0,0,2,0,0,0,0,0,0,0,0,0,0,0,0,0,0,0,0,0,0,0,0,0,0,0,0,0,0,2,6,0,0,0,0,0,0,0,0,0,0,0,0,0,2,2,0,0,0,0,0,16,12,4,0,0,2,0,0,0,0,0,0,2,0,0,0,0,0,0,0,0,0,0,0,0,0,0,0,0,10,6,2,0,0,0,2,0,2,2,2,2,12,4,0,2,0,0,0,0,2,0,0,4,0,0,0,0,0,2,0,0,8,10,0,0,0,0,0,0,0,0,0,0,0,0,0,0,0,0,0,2,0,0,0,2,0,0,0,0,8,4,4,0,0,0,0,0,0,0,0,0
3,0,0,0,0,0,0,0,0,0,0,0,4,4,2,12,0,0,12,0,0,0,0,14,0,0,0,0,0,2,0,2,0,0,0,0,0,0,0,8,2,0,0,0,0,0,0,0,0,0,0,0,0,0,0,0,0,0,0,0,0,0,0,0,0,0,0,0,8,0,0,0,0,0,0,0,0,0,0,0,0,4,2,0,2,0,0,2,0,0,14,2,4,28,4,0,0,0,0,0,0,0,0,0,0,0,0,2,0,0,0,0,2,0,0,0,0,0,0,0,0,0,0,0,0,2,0,2,0,2,22,2,4,2,2,2,0,0,0,0,0,6,0,0,0,0,0,0,0,0,10,8,0,0,0,2,0,0,0,0,0,0,0,0,0,0,0,0,0,0,0,2,4,6,2,0,0,0,0,0,0,0,0,0,0,0,0,0,0,0
4,2,0,0,2,0,0,0,2,2,0,0,2,0,0,2,0,0,0,0,18,0,2,4,0,2,2,0,0,4,0,0,0,2,0,0,2,0,0,40,0,0,4,0,0,2,0,0,0,0,0,0,0,0,0,0,0,0,0,0,0,2,0,0,10,0,4,0,4,0,0,0,0,0,0,0,0,0,0,12,0,0,0,0,2,0,26,10,0,2,8,6,0,0,0,0,16,0,0,0,2,2,0,0,0,2,2,0,2,0,0,0,0,0,0,0,0,2,2,2,2,0,0,2,0,4,0,0,0,0,14,4,4,0,4,0,14,4,2,0,0,2,0,0,0,2,0,2,0,0,4,14,0,0,2,0,0,0,0,0,0,0,0,0,0,0,0,2,2,4,0,0,2,6,0,0,0,0,0,0,0,10,6,6,0,0,0,2,2,2
4,0,2,0,0,0,2,0,2,2,2,4,0,0,0,2,18,0,2,0,8,0,0,12,0,6,0,0,0,8,0,0,0,2,0,0,0,0,0,0,0,0,8,2,0,12,0,0,0,0,0,0,0,2,0,4,0,0,0,0,0,6,0,0,0,4,0,0,8,0,0,0,0,0,2,0,0,2,0,2,0,2,0,2,0,0,12,26,0,0,0,0,0,28,2,0,22,0,0,0,0,0,0,0,0,0,0,2,2,0,2,2,0,0,0,0,0,2,0,0,0,2,0,0,0,0,0,0,0,0,0,2,2,0,2,0,8,0,0,0,0,6,18,0,0,0,0,4,0,0,0,2,2,0,0,0,0,0,0,0,2,0,0,0,0,0,0,10,0,0,0,0,0,10,0,2,0,0,0,0,0,2,22,0,0,2,2,0,0,0
4,0,0,0,0,0,0,0,0,0,2,2,0,0,0,0,18,0,2,4,0,0,0,16,4,0,6,0,0,6,0,0,0,2,0,0,0,0,0,0,0,0,0,6,0,2,0,0,0,0,4,0,0,8,0,8,0,0,0,0,0,0,2,0,0,4,0,0,0,0,0,0,0,0,0,0,0,0,0,4,0,2,0,0,6,2,0,0,0,0,0,6,0,18,6,0,4,0,0,2,0,0,0,0,0,0,0,2,8,0,0,0,0,0,0,0,0,0,4,0,2,0,4,12,0,0,0,0,0,0,6,2,0,0,2,0,4,0,0,0,0,0,0,0,0,0,0,0,2,0,0,0,2,4,2,4,0,0,0,0,0,0,0,0,0,0,0,0,0,0,0,0,4,4,0,0,2,0,0,0,2,0,8,0,0,2,0,2,0,0
4,2,0,0,0,0,0,0,4,2,4,0,0,0,0,0,6,0,2,4,6,0,0,4,0,2,0,0,0,4,2,8,0,0,0,0,0,0,0,0,0,0,2,4,0,4,0,2,0,0,0,0,0,0,0,0,0,0,0,0,0,0,0,0,0,6,0,0,4,0,0,0,0,0,0,0,4,0,0,2,0,6,0,2,2,0,0,8,0,2,2,2,0,2,2,0,2,0,0,8,0,0,0,0,0,0,0,0,0,0,0,0,2,0,0,0,0,2,2,0,0,0,0,2,0,0,0,0,0,0,14,0,6,0,4,2,4,0,0,0,0,4,2,0,0,0,0,2,0,0,0,2,4,2,0,0,0,0,0,0,0,0,0,0,0,0,0,2,0,0,0,0,2,4,0,0,0,0,0,0,0,0,6,2,2,0,2,0,0,0
4,0,2,0,0,0,0,0,2,4,0,0,0,0,0,0,2,0,2,0,2,2,0,2,0,4,2,0,0,4,0,0,2,0,2,0,4,0,0,0,2,0,4,12,0,0,2,0,0,0,0,0,16,14,0,0,0,0,2,0,2,0,2,0,0,8,0,0,6,0,0,0,0,0,0,2,0,0,0,2,0,0,0,0,4,0,0,2,0,0,2,0,0,2,0,0,2,0,0,0,0,0,0,2,0,0,4,0,0,0,0,0,0,0,0,0,0,6,2,0,0,0,0,22,0,0,2,0,0,0,8,2,0,4,0,0,2,0,0,0,0,0,0,0,0,2,0,0,2,0,0,4,2,2,0,0,0,0,0,2,2,0,0,0,0,0,0,4,0,0,0,0,0,16,0,0,0,0,0,2,0,0,14,4,12,2,0,0,24,4
4,2,0,0,0,0,0,0,4,0,4,2,0,0,0,4,2,2,4,4,12,0,0,0,0,0,0,0,2,2,0,0,0,0,0,0,0,0,0,0,0,0,0,6,2,0,0,0,2,0,0,0,0,4,0,0,0,0,4,0,2,0,0,0,0,2,0,8,14,0,0,0,0,0,0,0,0,4,0,4,0,8,8,2,2,0,2,0,20,0,4,8,0,0,2,0,0,0,4,0,0,0,0,4,0,0,0,0,0,2,0,0,0,0,0,0,10,4,0,0,2,4,0,10,0,0,0,0,2,0,4,2,4,0,2,0,2,0,2,0,0,0,2,0,0,0,0,0,2,4,0,2,0,0,0,2,0,0,0,0,0,0,0,4,0,0,0,0,0,0,0,0,2,2,0,0,6,0,4,0,0,0,0,6,0,6,4,0,2,0
4,0,0,0,0,0,0,0,0,0,0,0,0,0,0,8,2,0,0,4,6,0,0,6,0,2,2,0,2,0,2,0,0,0,0,0,0,0,0,0,0,0,0,4,2,0,0,0,0,0,0,0,6,20,0,0,0,0,2,0,0,0,2,0,0,10,0,0,18,0,0,0,0,0,0,2,0,0,2,6,0,8,0,2,0,0,0,2,14,0,2,0,0,2,0,0,2,0,0,0,2,0,0,4,0,0,0,2,4,0,0,0,0,0,0,0,0,4,6,0,0,4,0,6,0,0,2,0,0,0,8,2,0,2,2,0,4,0,0,0,0,2,0,0,0,0,0,0,2,2,0,6,4,0,2,0,0,0,0,0,2,0,0,0,0,2,2,4,2,0,0,2,4,2,0,0,4,0,6,0,0,0,12,10,0,14,2,0,0,0
4,0,0,0,0,0,0,0,10,0,0,0,0,0,4,0,2,4,0,0,6,6,0,12,0,0,2,0,2,0,6,0,0,0,4,0,0,0,0,0,0,0,0,4,0,0,8,2,0,0,0,0,2,2,0,0,0,0,0,0,0,0,2,6,0,4,0,0,16,0,0,0,0,0,0,4,2,0,0,10,0,10,0,0,0,0,0,0,20,0,4,2,0,24,0,0,0,0,0,0,0,0,0,0,0,0,0,0,0,0,0,0,0,0,4,2,2,4,0,2,2,0,2,2,0,2,0,0,2,0,6,0,4,4,0,2,0,0,0,2,0,2,0,0,0,0,0,16,2,0,4,4,2,2,2,0,2,0,0,6,4,2,0,0,0,2,0,0,0,0,0,0,0,12,0,0,6,0,2,0,2,0,10,10,0,0,0,0,0,0
4,2,0,0,0,0,2,0,4,4,2,4,2,0,0,0,6,2,2,8,10,2,2,10,0,0,0,0,4,10,2,0,0,0,0,0,0,0,0,0,0,0,0,0,0,0,2,0,0,0,0,0,0,0,0,0,2,0,0,2,0,4,0,4,0,18,2,0,4,0,2,0,0,0,0,0,6,0,0,0,2,10,6,0,4,0,0,2,0,0,2,4,0,0,12,0,0,0,6,0,2,0,0,0,0,0,6,2,0,0,0,0,0,0,6,0,6,10,0,0,2,2,0,0,0,0,2,0,0,2,4,2,2,2,2,0,0,0,0,4,2,16,0,0,0,2,2,2,2,0,4,2,2,0,0,0,0,4,0,0,0,0,0,0,0,0,0,0,2,0,0,0,6,0,0,0,0,0,0,0,2,0,0,4,0,6,0,4,0,0
4,0,0,0,0,0,2,0,2,2,2,0,0,2,0,12,10,0,0,16,0,4,0,24,0,2,0,0,0,8,0,0,0,0,4,0,0,0,0,0,0,0,6,0,0,0,0,0,0,0,0,0,0,0,0,0,0,0,2,2,2,0,2,0,0,0,0,4,4,6,0,0,0,0,0,2,12,0,0,0,0,0,2,0,8,0,2,0,22,0,16,4,0,40,2,8,0,0,0,0,0,0,2,0,0,0,0,0,0,0,0,0,0,0,2,0,0,6,4,0,4,0,0,2,0,0,0,0,2,0,10,8,12,2,2,2,0,0,0,0,0,4,2,0,0,0,0,0,4,4,14,4,6,0,2,0,0,0,2,0,0,0,0,0,0,2,0,0,2,0,0,0,0,2,0,0,0,0,2,0,0,2,8,6,4,0,0,0,0,0
4,0,0,0,0,0,2,0,0,2,6,0,0,2,0,6,2,4,0,0,14,8,8,2,0,0,2,0,0,0,0,0,0,0,6,0,0,0,0,2,2,0,0,0,0,0,0,2,0,0,0,0,0,0,0,0,0,0,8,0,0,0,0,2,0,6,2,0,10,0,0,0,0,6,0,0,0,0,0,6,2,0,0,2,2,0,0,0,0,12,12,0,0,48,2,0,0,0,0,0,0,0,0,0,0,0,6,2,0,2,2,0,0,0,2,0,0,4,0,2,2,0,2,8,0,0,0,0,0,6,2,2,2,6,4,0,0,0,0,0,0,0,0,0,0,2,0,12,2,4,8,4,0,0,0,4,0,0,2,0,0,4,0,0,0,0,0,0,2,0,0,0,6,6,0,0,0,0,0,0,4,0,0,0,2,2,0,0,0,8
4,0,0,0,0,0,2,0,2,4,6,0,0,0,2,0,0,0,2,0,4,0,0,6,4,2,2,0,0,2,0,0,0,2,2,0,4,2,0,2,0,0,0,0,8,0,0,0,2,0,0,0,0,0,0,0,0,0,2,0,2,0,0,0,0,0,0,0,2,4,0,0,0,0,0,4,6,0,0,10,0,18,6,2,0,0,0,0,12,2,12,0,2,8,0,0,0,0,0,0,0,0,0,0,0,0,4,0,0,0,0,0,0,0,0,0,0,2,2,0,6,2,4,6,0,0,0,0,0,0,6,0,0,6,12,0,0,2,0,0,0,14,0,0,0,0,0,0,2,2,2,4,2,2,2,0,0,0,2,0,0,4,0,0,0,0,0,2,4,0,0,0,2,4,0,0,0,0,0,0,0,0,16,4,0,2,12,0,0,20
4,0,0,0,0,0,2,2,0,0,0,0,0,0,2,6,0,0,6,0,18,2,0,8,0,0,0,0,0,2,2,0,0,0,0,0,0,0,0,0,0,0,0,0,0,0,0,0,0,0,0,0,0,0,0,0,0,0,0,0,4,4,0,0,0,0,0,0,4,0,0,0,0,0,0,0,0,0,0,0,0,0,0,0,4,0,0,2,20,0,6,2,0,2,0,0,2,0,0,0,0,0,2,0,0,0,0,2,0,0,0,0,0,2,2,0,2,2,4,0,2,0,2,6,0,0,2,0,0,0,14,2,0,12,6,2,0,0,0,0,0,4,0,0,0,0,0,0,0,0,6,8,0,2,0,0,0,0,0,0,0,0,0,0,0,0,0,0,0,0,0,2,4,16,0,0,2,0,0,0,0,0,0,0,0,0,0,0,0,0
4,0,0,0,0,0,0,0,2,4,0,0,0,0,2,14,0,0,8,0,18,2,0,0,0,2,6,0,2,6,0,2,0,0,0,0,4,2,2,0,2,0,0,0,0,0,0,0,0,0,0,0,0,0,0,0,0,0,0,0,0,0,0,0,0,0,0,0,4,0,0,0,0,0,0,0,0,0,0,0,0,2,0,4,0,0,0,0,0,2,2,0,0,12,0,0,0,0,0,0,0,0,2,0,0,0,0,0,0,0,0,0,0,0,0,0,4,6,6,2,6,0,2,4,0,0,0,0,0,0,14,2,6,4,2,0,0,0,0,0,0,6,0,0,0,0,0,0,0,0,6,4,0,2,0,4,0,0,0,0,0,0,0,0,0,0,0,0,0,0,0,8,4,8,2,0,2,0,0,0,0,0,12,0,0,0,0,0,0,0
4,0,0,0,0,0,0,0,0,4,4,0,0,0,0,8,0,0,2,0,26,12,2,6,0,0,0,0,0,12,2,0,0,0,2,0,0,0,0,2,0,2,0,0,0,0,0,0,0,0,0,0,0,0,0,0,0,0,0,0,0,0,0,0,0,0,0,0,8,2,2,0,0,0,0,0,0,0,0,0,0,8,0,0,0,0,0,0,0,2,0,6,0,2,4,2,0,0,0,0,0,4,0,2,0,0,0,0,0,0,0,0,0,0,0,0,4,8,2,0,0,0,0,24,0,0,0,0,0,0,8,0,2,4,0,0,0,0,0,0,0,0,0,0,0,0,0,2,2,0,8,4,0,2,0,0,0,0,0,0,0,0,2,0,0,0,0,0,0,0,0,4,4,4,0,0,0,0,0,0,0,0,0,0,0,0,0,0,0,0
4,0,0,0,0,0,2,0,0,4,0,2,0,0,2,14,0,0,8,0,10,4,8,6,0,0,0,0,2,2,0,0,0,2,2,0,0,0,0,2,0,0,0,0,0,0,0,4,0,0,0,0,0,2,0,0,0,0,0,0,0,0,0,0,0,0,0,0,12,0,2,0,0,0,0,0,0,0,0,0,0,0,0,2,0,0,0,0,0,0,10,4,0,0,0,4,0,0,0,0,0,0,0,0,0,0,0,0,0,0,0,0,0,0,0,0,0,0,2,2,0,0,8,24,0,0,0,2,0,0,2,2,6,4,0,0,0,0,0,4,0,6,0,0,0,2,0,0,2,0,16,8,0,6,0,0,0,0,0,0,0,0,0,0,0,0,0,0,0,0,0,2,0,2,0,0,6,0,8,0,2,0,6,0,0,0,0,0,0,0
4,0,0,0,0,0,0,0,4,0,0,0,0,0,0,2,0,0,4,0,0,0,0,10,0,0,0,0,2,2,2,0,0,0,4,0,0,0,0,2,2,0,0,0,2,0,0,0,0,0,0,0,0,0,0,0,0,0,0,0,0,0,0,0,0,0,0,0,2,0,0,0,0,0,0,0,0,0,0,0,0,8,0,0,2,0,0,0,0,2,2,6,4,34,4,0,0,0,0,0,0,0,0,2,0,0,0,0,0,0,0,0,0,0,4,4,0,0,6,0,2,0,0,54,0,0,0,0,2,2,2,0,6,0,0,2,0,0,0,4,0,0,0,0,0,2,0,2,0,2,4,14,0,2,0,0,0,0,0,0,0,0,0,0,0,0,0,0,0,0,0,0,0,8,0,0,6,0,0,0,0,0,0,0,0,0,0,0,0,0
4,0,0,0,0,0,0,0,0,0,0,0,0,0,4,6,0,0,2,0,0,0,0,0,0,0,0,0,0,2,2,0,0,0,2,0,0,0,0,0,8,0,0,0,0,0,0,0,0,0,0,0,0,0,0,0,0,0,0,0,0,0,0,0,0,0,0,4,16,0,0,0,0,0,0,0,0,0,0,0,0,0,0,2,0,0,0,4,0,6,0,0,0,0,0,0,0,0,0,0,0,0,0,0,0,4,0,0,0,4,0,0,0,0,2,0,0,0,4,0,0,0,0,0,2,4,0,0,2,10,10,0,0,6,6,0,0,0,0,0,0,4,0,2,0,0,0,20,0,0,0,10,0,0,0,0,0,0,0,0,0,0,0,0,0,0,0,0,0,0,0,2,0,16,0,0,4,0,0,0,0,0,0,0,0,0,0,0,0,0
4,0,0,0,0,0,2,0,2,0,0,0,10,0,0,8,0,0,0,0,0,0,0,0,0,0,0,0,0,8,2,22,0,0,4,0,0,0,2,0,0,0,0,0,0,0,0,4,0,0,0,0,0,0,0,0,0,0,0,0,0,0,0,0,0,0,0,0,6,0,0,0,0,0,0,0,0,0,0,0,0,4,0,0,0,0,0,2,0,2,2,10,2,34,0,0,0,0,0,0,0,0,0,2,0,0,0,0,0,0,0,0,0,0,0,0,0,0,10,0,0,0,0,0,4,0,0,4,0,4,6,4,2,8,4,0,0,0,0,2,0,2,0,0,0,2,6,0,0,0,0,10,0,0,0,0,0,0,0,0,0,0,0,0,0,0,0,0,0,4,0,0,4,4,0,0,0,0,0,0,0,0,0,0,0,0,0,0,0,0
4,0,0,0,0,0,0,0,2,0,0,0,8,0,2,20,0,0,2,0,0,0,0,4,0,0,0,0,0,8,2,2,0,0,10,0,0,0,0,2,0,0,0,0,2,0,0,0,0,0,0,0,0,0,0,0,0,0,0,0,0,0,0,0,0,0,0,0,2,0,0,0,0,0,0,0,0,0,0,0,0,0,0,0,0,0,0,0,0,4,6,0,0,0,6,0,0,0,0,0,0,0,0,0,0,2,0,0,0,0,0,0,4,0,6,0,0,0,0,0,0,0,0,0,6,0,6,2,2,2,16,2,0,0,0,4,0,0,0,0,0,4,0,2,0,0,0,0,0,0,6,6,0,0,0,2,0,0,0,0,0,0,0,0,0,0,0,0,0,0,0,0,4,2,0,0,0,0,0,0,0,0,0,0,0,0,0,0,0,0
5,0,0,0,0,0,2,0,0,0,6,0,2,4,0,0,16,4,4,6,10,0,0,10,0,4,0,0,0,10,0,2,0,0,0,0,0,0,0,12,0,0,12,10,2,0,0,0,0,0,0,0,2,0,2,0,0,0,0,0,0,0,0,0,0,4,0,0,4,0,0,0,0,0,0,0,0,0,0,4,0,0,0,0,0,0,0,0,14,0,4,0,0,2,18,0,10,0,0,0,0,0,0,4,0,0,0,0,0,0,0,0,0,0,4,0,0,2,0,0,0,0,2,6,0,2,2,0,0,0,6,0,0,0,2,0,4,2,0,0,0,0,18,0,0,0,0,4,2,0,2,4,4,4,0,0,0,2,0,0,2,0,0,0,0,0,0,6,2,0,0,0,6,0,2,0,0,0,2,0,0,0,12,0,0,6,0,0,0,0
5,2,0,0,0,0,2,0,2,0,0,0,0,0,0,0,22,0,0,4,10,4,2,2,0,0,2,0,0,8,0,0,2,2,4,0,0,0,0,0,0,0,2,6,4,0,0,0,2,14,0,0,2,0,0,0,0,0,2,0,0,0,0,0,2,2,0,0,4,0,0,0,0,0,0,2,0,0,0,4,0,0,0,2,2,0,6,2,0,0,0,4,0,0,0,0,4,0,0,0,0,0,0,0,0,0,0,4,0,0,0,0,0,0,2,4,2,2,0,2,0,0,2,4,0,0,0,0,0,0,10,0,2,2,2,2,10,0,0,0,0,0,2,0,0,0,0,4,4,0,4,0,4,2,0,0,0,0,0,0,0,0,0,0,0,0,0,4,0,0,0,0,2,10,0,0,0,0,0,0,6,0,8,6,0,2,0,0,0,0
5,2,0,0,0,0,0,0,0,0,0,0,2,0,2,0,2,0,4,0,12,0,0,4,0,0,0,0,6,6,2,0,0,2,0,0,4,0,0,0,0,0,0,2,0,2,2,0,0,0,0,0,0,0,0,0,0,0,0,2,0,4,6,0,0,8,0,0,4,0,0,2,0,0,0,4,0,0,0,4,0,2,0,0,6,0,8,14,2,2,2,10,0,2,10,0,2,0,0,0,0,0,0,0,0,2,2,0,0,0,0,0,0,0,0,0,0,2,0,0,4,0,0,2,0,0,0,0,0,0,0,2,0,0,4,0,10,0,0,0,0,0,0,0,0,2,0,0,2,0,18,0,0,0,0,4,0,0,0,0,0,0,0,0,0,0,0,2,2,0,0,2,0,6,0,0,0,0,0,0,6,0,10,2,0,12,0,2,0,0
5,0,0,0,0,0,0,0,4,2,2,0,0,0,0,0,2,2,4,2,18,0,0,2,2,6,0,0,2,6,0,2,0,0,4,0,2,0,0,0,0,0,6,4,0,8,0,0,0,0,0,0,2,0,0,6,0,0,0,2,2,2,0,0,0,4,0,0,2,0,0,0,0,0,0,0,0,0,0,12,2,10,0,0,2,0,8,0,36,0,6,4,0,0,0,0,0,0,0,2,0,0,0,0,0,0,0,0,0,2,0,0,0,0,2,0,4,6,2,2,0,2,0,6,0,0,0,2,0,0,4,0,0,6,4,0,10,0,0,0,0,8,0,2,0,0,0,2,2,0,0,2,0,2,0,0,10,0,0,2,0,0,0,0,0,0,0,0,0,0,0,0,2,2,0,0,0,0,0,0,0,2,6,0,0,0,0,2,0,2
5,0,0,0,0,2,0,0,10,0,0,0,12,0,4,2,6,0,2,0,2,0,0,0,0,0,0,0,0,0,0,2,0,0,0,0,0,0,0,0,0,0,6,2,0,0,0,0,0,0,0,0,4,8,0,0,0,0,0,0,0,0,0,0,0,4,0,0,14,0,2,0,0,0,0,0,0,0,0,4,0,0,0,0,0,0,8,2,18,0,6,2,0,28,2,0,0,0,0,0,0,0,0,2,0,2,0,0,4,0,0,0,0,0,2,0,2,6,4,0,0,0,2,0,0,0,2,0,0,0,0,0,2,4,2,0,14,0,0,0,0,0,2,0,0,0,0,0,0,2,2,6,6,6,0,0,0,2,0,0,0,0,0,0,0,0,0,0,0,0,0,2,0,6,0,0,0,0,0,0,0,0,4,2,0,4,0,0,0,0
5,2,2,0,0,0,0,0,2,4,0,0,0,0,0,8,4,0,4,0,4,0,0,6,2,6,18,0,0,6,0,2,0,0,4,0,0,0,0,0,0,0,4,4,0,2,6,0,2,0,0,0,4,4,0,0,0,0,0,0,2,0,2,0,0,0,0,0,4,0,0,0,0,0,0,0,0,0,0,14,0,2,0,2,0,0,0,2,0,2,12,6,0,4,2,0,2,0,0,4,0,2,0,0,0,2,0,0,0,2,0,0,0,0,2,0,0,0,2,0,0,2,2,0,0,0,0,0,8,0,10,6,0,2,2,0,4,0,0,0,0,4,0,0,0,0,0,0,0,0,4,4,2,2,0,0,0,0,0,2,0,0,0,0,0,0,0,4,0,0,0,0,2,4,0,0,2,0,2,0,2,0,18,0,2,4,16,2,4,22
5,0,0,0,0,0,2,0,0,2,0,0,0,0,2,2,2,2,0,18,4,0,0,6,0,6,4,0,0,4,0,0,0,0,4,0,8,0,0,0,0,8,0,6,0,2,16,0,4,0,0,0,2,2,0,0,0,0,0,0,4,0,0,0,0,0,0,0,10,0,0,0,0,0,2,6,18,0,0,12,0,0,0,2,0,0,0,0,8,0,16,4,2,30,2,0,0,0,0,0,0,0,2,2,0,0,0,0,6,0,0,0,0,0,0,0,0,0,0,0,0,0,0,4,0,0,0,2,0,0,0,2,0,4,0,0,4,2,0,0,0,0,2,0,0,0,0,0,6,0,4,2,2,2,0,2,0,0,0,0,0,0,0,0,0,0,0,0,2,0,2,0,0,4,0,0,0,0,0,0,0,0,0,4,0,0,0,0,0,28
5,0,0,0,0,0,0,0,2,8,4,0,0,4,0,6,0,0,0,10,8,6,6,32,6,4,0,0,2,4,0,0,0,0,0,0,10,0,0,2,2,0,0,4,0,2,16,0,0,0,0,0,0,0,2,0,0,0,0,0,0,0,2,2,0,2,0,0,10,0,0,0,0,2,0,6,2,0,2,14,0,0,0,0,0,0,0,0,0,0,8,0,0,48,10,0,2,0,0,0,0,0,2,4,0,2,0,0,0,0,0,0,0,0,0,0,2,0,6,4,2,0,2,2,0,0,0,0,2,0,2,0,0,2,0,0,2,0,0,0,0,0,0,0,0,0,0,0,0,2,4,6,0,0,0,0,0,0,0,0,0,0,0,0,0,0,0,0,8,0,0,2,2,8,0,0,0,0,0,0,0,0,2,2,0,0,0,0,2,0
5,0,0,0,0,0,2,0,2,2,2,0,0,0,4,2,10,2,0,0,4,0,0,6,8,6,2,0,0,0,0,0,0,0,2,0,0,0,0,0,2,0,0,6,0,0,0,0,2,0,0,0,2,0,0,0,0,0,0,0,2,0,0,2,0,2,0,0,6,0,0,0,0,0,0,2,4,2,0,10,0,0,0,0,4,0,0,0,0,0,14,4,2,36,6,0,2,0,0,0,0,0,0,4,0,0,0,0,2,0,0,0,0,0,2,0,2,2,0,0,2,0,0,0,0,0,0,0,0,0,4,0,0,4,4,0,0,0,0,0,0,14,0,0,0,2,0,0,2,2,2,6,4,0,0,0,0,0,2,0,0,0,0,0,0,0,0,0,0,0,2,0,2,6,0,0,0,0,0,0,0,0,0,6,2,2,0,4,0,16
5,2,0,0,0,0,2,0,6,0,2,0,0,0,0,6,0,0,2,0,2,0,0,2,0,2,0,0,0,4,0,0,0,0,2,0,4,2,0,0,0,0,2,0,2,0,0,2,0,2,0,0,0,4,0,0,0,0,0,0,0,0,0,0,0,8,0,0,6,0,0,0,0,4,0,0,0,0,0,14,0,2,0,0,0,0,4,0,0,4,6,8,0,20,0,0,0,0,0,0,0,0,0,4,0,2,0,0,0,0,0,0,0,0,4,0,0,0,0,2,2,0,0,52,0,0,0,0,2,8,4,0,2,4,2,0,0,0,0,0,0,0,2,0,0,4,0,10,2,6,6,4,4,8,0,0,4,4,0,0,0,0,0,0,0,4,0,0,0,0,2,2,2,4,0,0,8,0,0,0,0,0,0,0,2,0,4,2,0,2
5,0,2,0,0,0,2,2,4,2,2,2,0,0,2,6,2,2,2,0,6,0,2,0,2,0,0,0,2,2,4,0,0,0,0,0,2,2,0,2,0,2,0,0,4,4,0,0,0,0,0,0,2,4,2,0,0,0,0,2,10,4,0,14,0,12,0,0,4,0,2,0,0,0,0,2,4,0,0,14,0,4,0,4,2,0,2,4,0,0,6,4,2,6,0,0,2,0,0,0,0,0,0,0,0,0,0,0,0,0,0,0,0,0,0,0,2,10,4,0,2,0,6,0,0,0,0,0,0,0,4,0,4,12,2,0,0,4,0,0,0,6,4,0,0,2,0,0,4,6,2,10,4,0,0,0,0,0,2,0,0,6,0,0,0,2,0,0,0,2,0,2,0,10,0,0,0,0,0,0,2,0,2,14,4,2,2,0,0,24
5,0,0,0,0,0,0,0,2,4,2,0,0,0,2,0,4,2,4,0,2,0,2,20,8,2,2,0,0,8,0,0,2,0,0,0,4,0,6,2,0,4,0,0,0,0,0,0,0,0,0,0,8,0,0,0,0,0,2,0,0,0,2,2,0,8,0,0,12,0,0,0,0,0,0,0,10,0,0,2,0,0,0,0,2,0,0,0,0,2,4,2,6,8,4,0,0,0,0,0,0,0,0,2,0,0,0,0,0,0,0,0,0,0,6,0,0,2,0,2,2,0,2,0,0,0,0,6,0,0,6,0,0,0,2,0,0,0,0,0,0,12,2,0,0,0,0,0,0,0,10,4,2,4,0,2,0,2,0,0,2,0,0,0,0,0,0,6,0,0,0,0,0,6,0,0,0,0,0,0,0,0,12,10,2,2,8,0,0,0
5,0,2,0,0,0,0,0,0,0,4,0,0,0,2,10,0,4,2,0,10,0,0,6,0,4,2,0,0,10,0,0,0,0,2,0,0,0,0,2,0,0,0,0,0,0,0,0,0,0,0,0,0,2,0,0,0,0,0,0,0,0,0,0,0,0,0,0,4,2,0,0,0,0,0,0,0,0,0,0,0,4,0,4,0,0,0,2,0,0,0,8,2,8,6,0,2,0,0,2,2,0,2,4,0,0,0,0,0,0,0,0,0,0,0,0,0,2,12,2,8,0,0,0,0,0,2,0,0,2,16,4,4,0,6,0,0,0,0,0,0,2,0,0,0,0,0,0,2,4,6,10,0,0,0,0,0,0,0,0,0,0,0,0,0,0,0,0,0,0,0,0,2,8,0,0,0,0,0,0,0,0,4,0,0,0,0,0,0,0
5,0,0,0,0,0,0,0,2,0,2,0,0,2,0,4,0,2,0,0,12,0,4,20,0,0,0,0,0,4,0,0,0,0,0,0,4,2,0,20,0,0,0,0,0,0,0,0,0,0,0,0,0,0,0,0,0,0,0,0,0,0,0,0,0,0,0,0,2,2,0,0,0,0,0,0,0,0,0,0,0,4,0,6,0,0,0,0,0,0,2,2,0,2,4,0,0,0,0,0,0,0,0,0,0,0,2,0,0,0,0,0,0,0,0,0,4,2,0,2,0,0,2,30,0,0,0,2,0,0,6,0,2,0,4,2,0,0,0,2,2,8,0,0,0,0,0,0,4,0,14,10,0,0,2,0,0,0,0,0,0,0,0,0,0,0,0,0,0,0,2,4,2,0,0,0,0,2,0,0,0,0,6,0,0,0,0,0,0,0
5,0,0,0,0,0,2,0,0,2,0,0,0,0,0,6,0,0,2,0,26,6,0,8,0,4,2,0,0,0,4,2,0,0,0,0,4,2,0,0,0,0,0,0,0,0,0,4,0,0,0,0,0,0,0,0,0,0,0,0,0,0,0,0,0,0,0,0,6,0,0,0,0,0,0,0,0,0,0,0,0,0,0,0,0,0,0,2,0,4,4,8,0,26,8,2,2,0,0,0,0,0,0,2,0,0,2,0,0,0,2,0,0,0,0,0,0,0,4,0,0,0,0,4,0,0,0,0,0,4,6,4,0,2,0,4,0,0,0,0,0,0,0,2,2,0,0,4,4,0,10,8,0,22,0,0,0,0,0,0,0,0,0,0,0,0,0,0,0,0,0,0,2,4,0,0,0,0,0,0,0,0,4,0,0,0,0,0,0,0
5,0,0,0,0,0,0,0,0,0,2,0,0,0,0,6,0,0,2,0,14,0,2,0,4,0,4,0,2,0,2,2,0,0,0,0,0,0,0,0,2,0,0,0,0,0,0,0,0,0,0,0,0,0,0,0,0,0,0,0,0,0,0,0,0,0,0,0,0,2,0,0,0,0,0,0,0,0,0,0,0,2,0,0,0,0,0,0,0,8,2,0,0,2,4,2,0,0,0,0,0,0,0,0,2,2,0,0,0,0,0,0,0,0,0,6,4,6,8,0,4,0,0,26,0,0,0,0,0,2,12,10,6,2,2,0,0,0,0,0,2,4,0,0,0,0,0,2,2,0,0,2,0,0,0,0,0,0,0,0,0,0,0,0,0,0,0,0,0,0,0,0,0,0,0,0,8,0,0,0,0,2,16,0,0,0,0,0,0,0
5,0,0,0,0,0,0,0,0,0,0,0,0,2,4,6,0,4,4,0,0,0,0,18,4,0,0,0,0,4,0,0,0,0,6,0,0,0,0,0,2,0,0,0,0,0,0,0,0,0,0,0,0,0,0,0,0,0,0,0,0,0,0,0,0,0,0,0,4,0,0,0,0,0,0,0,0,0,0,0,0,2,6,2,0,0,0,0,0,2,0,2,0,10,2,0,0,0,0,0,2,0,0,0,0,0,18,0,0,6,0,0,0,0,2,4,0,0,2,2,4,0,0,22,0,2,2,4,0,2,4,2,0,2,4,0,0,0,0,0,0,4,0,0,0,2,0,0,0,0,2,2,0,4,0,0,0,0,0,0,0,0,0,0,0,0,0,0,0,4,0,10,2,2,2,0,0,0,0,0,0,0,0,0,0,0,0,0,0,0
5,0,0,0,0,0,0,0,0,0,0,0,14,0,2,12,0,0,0,0,0,0,0,12,0,0,0,0,0,2,2,4,0,0,0,0,0,0,0,0,2,0,0,0,2,0,0,0,0,0,0,0,0,0,0,0,0,0,0,0,0,0,0,0,0,0,0,0,8,0,0,0,0,0,0,0,0,0,0,0,0,0,0,2,0,0,0,8,0,0,8,4,8,40,0,0,0,0,0,2,0,0,0,0,0,0,0,2,0,0,0,0,0,0,0,0,0,0,6,6,10,0,0,0,0,0,0,4,0,0,4,2,0,0,0,2,0,0,0,2,0,10,0,0,0,0,0,4,0,0,8,2,0,4,0,2,0,0,0,0,0,0,0,0,0,0,0,0,0,0,0,2,4,4,0,0,2,0,0,0,0,0,0,0,0,0,0,0,0,0
5,0,0,0,0,0,0,0,0,0,0,0,12,0,0,12,0,0,0,0,0,0,0,0,0,0,0,0,0,2,0,0,0,0,0,0,0,0,0,0,0,0,0,0,2,0,0,0,0,0,0,0,0,0,0,0,0,0,0,0,0,0,0,0,0,0,0,0,10,0,0,0,0,0,0,0,0,0,0,0,0,0,2,0,2,0,0,0,0,0,6,8,0,8,4,0,0,0,0,2,0,0,0,0,0,0,0,0,0,0,0,0,4,0,2,0,0,0,2,0,2,0,0,0,6,0,4,0,0,0,8,6,2,4,0,6,0,0,0,0,0,2,0,0,0,0,0,4,0,0,6,6,0,0,0,0,0,0,0,0,0,0,0,0,0,0,0,0,0,0,0,8,0,2,0,0,0,0,0,0,0,0,0,0,0,0,0,0,0,0
5,0,0,0,0,0,0,0,2,0,0,0,6,0,4,12,0,0,2,0,0,0,0,32,6,0,0,0,0,0,0,2,0,0,0,0,0,0,0,0,2,0,0,0,0,0,0,0,0,0,0,0,0,0,0,0,0,0,0,0,0,0,0,0,0,0,0,0,4,0,0,0,0,0,0,0,0,0,0,0,0,6,0,2,0,0,0,8,0,0,16,2,0,0,8,2,0,0,0,0,0,0,6,0,0,0,0,0,0,0,0,0,0,0,2,0,0,0,2,2,2,0,0,0,2,0,0,0,0,0,20,2,4,10,2,0,0,0,0,0,2,2,0,2,0,0,6,0,0,0,6,2,0,0,2,0,0,0,0,0,0,0,0,0,0,0,0,0,0,0,2,0,4,8,0,0,0,0,0,0,0,0,0,0,0,0,0,0,0,0
6,0,0,0,0,0,2,0,4,0,10,0,12,0,0,4,20,4,4,0,4,4,2,4,2,0,0,0,0,4,0,0,0,0,2,0,0,0,2,56,0,0,12,4,0,2,2,0,0,0,4,0,4,0,0,4,0,0,2,0,0,2,6,0,10,4,0,2,10,0,0,0,2,0,0,0,0,0,0,2,0,2,0,2,0,0,0,0,0,0,6,2,0,8,2,0,10,0,0,0,0,2,0,0,0,0,0,0,0,0,0,0,0,0,0,0,2,0,0,0,0,2,0,18,0,0,2,2,0,0,6,6,0,2,2,0,4,0,0,0,0,6,100,0,0,0,0,0,0,0,2,2,0,0,0,0,0,0,0,0,0,0,0,0,0,0,0,2,0,0,0,0,0,6,0,0,0,0,0,0,0,4,10,0,4,4,0,0,0,0
6,2,2,0,0,0,0,0,6,0,0,0,0,0,0,2,18,2,10,0,8,0,0,4,0,10,2,0,2,2,0,0,0,0,0,0,2,0,0,0,0,0,10,4,2,2,0,0,0,0,0,0,0,0,0,2,0,0,0,0,0,6,0,0,0,0,0,0,12,0,0,0,0,0,0,0,0,0,0,4,0,4,0,0,8,0,0,0,0,0,4,10,0,2,0,0,2,0,0,0,0,0,0,0,0,0,0,2,0,0,0,0,2,0,0,0,6,16,2,0,2,0,0,4,0,0,0,0,0,0,4,0,4,0,0,0,16,0,2,0,0,4,0,0,0,0,0,0,4,0,0,0,8,4,0,0,0,2,0,0,0,0,0,0,0,0,0,0,0,0,0,0,0,4,0,0,0,0,0,0,0,0,8,4,0,4,0,0,22,0
6,2,0,0,0,0,0,0,0,2,4,2,0,4,0,0,12,0,0,2,12,0,0,8,0,6,2,0,0,6,0,0,0,2,2,0,2,0,0,0,0,0,10,0,0,2,2,0,0,0,2,0,8,0,2,0,0,0,0,0,0,0,4,0,0,6,0,2,12,0,0,0,0,2,2,2,0,2,0,2,0,12,4,2,2,0,6,2,24,0,2,0,0,4,4,0,0,0,0,0,0,0,0,2,0,0,0,2,4,0,0,0,2,0,0,0,0,0,0,0,4,0,0,18,0,0,0,0,0,0,4,0,0,2,0,0,0,0,0,0,0,2,0,0,0,2,0,0,2,0,4,2,6,2,0,0,2,0,0,0,2,0,0,0,0,0,0,0,0,2,0,0,0,6,0,0,0,0,0,0,0,0,2,10,0,0,8,0,0,2
6,2,0,0,0,0,0,0,14,0,0,0,0,0,0,14,2,0,2,2,8,2,2,2,0,2,4,0,0,2,2,0,0,0,0,0,0,0,0,0,0,0,8,6,0,2,0,0,0,0,0,0,0,2,0,14,0,0,2,0,0,0,0,0,0,8,0,2,20,0,0,0,0,0,0,0,0,0,6,4,0,2,0,0,0,0,10,0,0,0,2,0,0,2,4,0,6,0,0,2,2,2,0,2,0,0,4,0,0,0,0,0,0,0,2,0,4,0,0,0,6,0,0,10,0,2,0,0,0,0,6,2,0,2,6,2,12,0,0,0,0,2,0,0,0,0,0,0,2,0,0,2,2,4,2,0,0,2,0,0,0,0,0,0,0,0,0,0,0,0,0,0,0,10,0,0,0,0,0,0,0,0,16,0,0,6,0,0,2,4
6,2,0,0,0,0,2,0,0,2,2,0,0,0,4,2,4,0,2,4,2,0,0,8,0,4,4,0,0,6,0,2,0,0,0,0,0,0,0,0,0,0,0,2,0,0,0,0,0,0,0,0,8,2,2,0,0,0,0,0,0,0,4,0,0,18,0,0,10,2,0,0,0,0,0,0,0,2,0,8,0,2,0,2,0,0,8,20,0,0,0,2,0,0,0,0,0,0,0,0,0,0,0,0,0,0,2,0,0,0,0,0,0,0,4,0,2,14,2,0,0,2,0,6,0,0,0,2,0,0,8,6,2,2,0,0,0,0,0,2,0,12,0,0,0,0,0,0,2,0,0,4,0,4,0,0,0,0,4,0,0,0,0,0,0,0,0,0,6,0,0,0,2,0,0,4,0,0,0,0,2,0,2,2,0,0,0,0,2,0
6,2,0,0,0,2,0,0,2,2,0,0,0,0,2,6,0,4,2,0,4,2,0,6,0,0,0,0,0,0,0,0,0,0,0,0,16,0,0,0,0,0,0,18,0,0,4,0,0,0,2,0,4,12,0,0,0,0,2,2,0,0,0,0,0,0,0,0,8,0,0,0,0,0,0,4,10,0,0,12,0,2,2,0,2,2,2,10,0,4,8,6,2,0,4,0,0,0,2,0,2,0,0,20,4,0,0,0,0,0,0,0,2,0,2,0,6,8,2,0,0,0,0,2,0,0,0,0,0,0,6,4,0,0,2,0,4,0,0,0,2,22,2,0,0,0,0,0,2,2,0,0,0,6,0,0,0,0,4,0,0,2,0,0,0,0,2,0,0,0,2,0,6,0,2,0,0,0,0,0,0,0,6,8,0,18,2,0,8,6
6,0,0,0,0,0,0,0,2,0,2,2,0,0,0,4,0,0,0,2,2,2,0,10,0,0,0,0,2,6,0,0,2,0,4,0,0,0,0,0,0,0,0,10,0,0,12,0,0,4,0,2,0,2,0,0,0,0,0,0,2,0,0,0,0,8,0,2,2,0,2,2,0,0,0,2,0,0,2,10,0,2,0,0,0,0,2,2,0,2,12,2,2,4,0,0,0,0,0,0,0,0,0,0,0,0,2,0,0,0,0,0,0,0,0,0,0,4,0,0,0,0,0,0,0,0,0,0,0,0,10,4,4,2,0,0,8,0,0,0,0,0,0,0,0,2,0,0,4,0,0,2,6,0,0,0,0,0,4,0,0,0,0,0,0,0,0,0,0,0,0,0,2,18,0,0,0,0,0,0,0,0,10,12,0,0,6,2,0,12
6,0,0,0,0,0,4,0,2,0,2,4,8,0,2,2,2,0,8,4,6,6,2,14,0,0,0,0,0,2,0,0,0,0,0,0,2,0,0,0,0,0,0,14,2,0,16,0,4,2,0,0,2,2,0,0,0,0,2,0,0,4,0,0,0,10,0,0,2,4,2,0,0,6,0,2,0,0,0,8,0,0,2,0,0,0,2,0,0,0,10,8,0,0,0,0,0,0,0,0,0,2,0,2,2,0,4,0,0,0,2,2,0,0,4,0,0,2,6,0,0,0,2,0,0,0,0,0,2,0,8,4,4,6,0,0,4,4,0,0,0,4,0,0,0,0,0,0,4,0,2,2,0,2,0,0,0,8,4,6,0,0,0,0,0,0,0,0,0,0,0,0,0,6,0,0,0,0,0,0,0,0,10,0,0,8,14,2,0,8
6,0,0,0,0,0,0,0,0,0,0,0,0,2,2,4,0,2,4,0,8,2,0,20,6,0,0,0,2,4,2,0,0,0,0,0,0,0,0,0,0,0,0,0,0,2,0,0,0,0,0,0,0,0,0,0,0,0,2,2,6,0,0,0,0,0,0,0,14,0,0,0,0,0,0,0,0,0,2,6,0,0,0,6,0,0,0,0,0,4,0,4,0,2,2,0,0,0,0,0,0,0,0,0,0,0,0,0,0,0,0,0,0,0,0,2,2,0,6,0,0,0,2,26,0,0,0,0,0,0,8,0,0,6,6,2,0,4,0,2,0,8,0,0,0,2,0,2,0,2,4,6,2,0,0,0,2,0,4,0,0,2,0,0,0,0,0,0,2,0,0,0,6,8,0,0,0,0,0,0,0,0,0,16,0,2,8,2,0,6
6,0,0,0,0,0,0,0,0,0,2,0,0,0,0,2,4,2,8,8,6,6,2,2,0,4,2,0,0,4,0,0,0,0,0,0,0,0,0,0,0,0,0,0,0,0,0,2,0,2,0,0,0,2,0,0,0,0,4,0,0,0,0,2,0,10,0,0,2,0,0,0,2,0,0,0,4,0,0,16,0,6,0,2,0,0,0,0,0,2,2,2,0,2,2,0,0,0,0,0,0,0,0,2,0,0,4,0,0,0,0,0,0,0,0,0,0,8,0,0,2,0,0,6,0,0,0,0,2,0,4,0,0,4,2,2,0,0,0,0,0,2,4,2,0,0,6,10,2,2,4,4,6,0,0,0,2,0,2,0,0,4,0,0,0,0,0,2,0,0,0,2,0,4,0,0,0,0,0,0,2,0,6,8,2,2,0,2,0,8
6,0,0,0,0,0,2,0,0,0,2,2,0,0,2,8,4,2,0,6,0,2,4,6,0,4,2,0,0,4,2,0,2,0,0,0,0,0,0,0,0,0,0,0,0,2,0,0,0,0,0,0,4,4,0,0,0,0,0,0,2,0,0,2,0,0,0,6,2,0,0,0,0,0,2,2,2,2,2,8,0,0,0,0,0,0,0,0,0,0,6,4,0,0,0,0,0,0,0,2,0,0,0,2,0,0,0,2,0,0,2,0,0,0,2,0,2,2,0,0,0,4,4,8,0,0,2,0,4,4,6,2,12,0,4,0,0,0,0,0,0,6,0,0,0,2,0,0,2,4,8,6,0,0,0,2,0,0,0,0,2,0,0,0,0,2,0,2,0,0,0,0,2,14,0,0,0,0,2,0,0,0,8,8,0,0,16,2,0,26
6,2,0,0,0,0,0,0,0,0,2,0,0,2,0,4,6,0,0,0,8,4,0,6,0,2,2,0,0,6,0,0,0,0,2,0,6,8,0,0,0,0,0,0,0,0,0,0,0,0,0,0,2,2,0,0,0,0,2,0,0,2,6,16,0,16,0,0,4,0,0,0,0,0,0,0,0,0,0,8,0,0,0,0,0,0,0,0,38,4,8,4,0,0,0,0,2,0,0,0,0,0,0,0,2,0,0,0,0,4,0,0,0,0,0,0,0,0,2,0,0,0,2,6,2,0,0,0,0,0,20,4,2,2,2,2,0,0,0,0,0,4,4,0,0,0,0,6,2,0,8,10,0,14,0,0,0,0,0,0,0,0,0,0,0,2,0,0,4,0,0,0,0,0,0,0,0,0,0,0,0,0,12,8,0,6,6,0,0,0
6,0,0,0,0,0,0,0,0,0,2,0,0,0,2,16,0,0,10,0,36,4,0,2,0,0,0,0,0,4,0,0,0,0,0,0,0,0,0,0,0,2,0,0,4,0,0,0,0,0,0,0,0,2,0,0,0,0,0,0,0,0,0,0,0,0,0,0,10,0,0,0,0,0,0,0,0,0,0,0,0,2,0,0,0,0,0,4,0,0,4,4,0,6,2,0,0,0,0,4,0,0,0,0,0,0,0,0,0,0,0,0,0,2,4,0,2,4,2,0,6,0,10,16,0,0,0,0,0,0,14,6,8,0,8,0,0,0,0,0,0,0,0,0,0,2,0,0,0,0,6,2,0,2,2,6,0,0,2,0,0,2,0,0,0,0,0,0,0,0,0,2,2,8,0,0,0,0,0,0,0,0,4,8,0,0,0,0,0,0
6,0,0,0,0,0,2,0,0,0,2,0,0,0,2,2,0,4,2,0,10,4,2,4,0,0,0,0,0,0,2,0,2,0,0,0,4,2,0,0,0,0,0,0,0,0,0,0,0,0,0,0,0,2,2,0,0,0,0,0,0,0,0,0,0,0,0,0,6,0,0,0,0,0,0,0,0,0,0,0,0,18,0,4,4,0,0,0,0,0,6,4,0,2,2,0,0,0,0,0,0,0,2,2,0,0,0,0,2,2,0,0,0,0,0,2,4,4,8,0,0,0,2,8,0,0,2,0,2,0,10,0,2,2,0,2,0,0,0,0,0,0,0,2,0,2,0,0,2,0,6,12,0,8,0,0,0,0,0,0,0,0,0,2,0,0,0,0,0,0,0,0,4,4,0,0,0,0,0,0,2,0,6,0,0,0,0,0,0,0
6,0,0,0,0,0,0,0,0,0,0,0,0,0,4,0,0,0,0,0,34,4,12,28,0,2,0,0,0,10,2,6,0,0,0,0,8,0,0,4,0,0,0,0,2,0,0,2,0,0,0,0,0,14,0,0,0,0,0,0,0,0,0,0,0,0,0,0,0,2,0,0,0,0,0,0,0,0,0,0,0,2,0,0,0,0,0,0,0,6,2,2,0,28,4,0,0,0,0,0,0,0,0,0,0,0,0,0,0,2,0,0,0,0,0,0,2,0,0,2,0,0,0,12,0,0,0,2,0,0,8,2,0,4,10,0,0,0,2,0,0,2,0,2,0,0,0,0,0,0,4,2,0,22,0,0,0,0,0,0,0,0,2,0,0,0,0,0,0,0,0,0,0,24,0,0,0,0,0,0,0,0,4,0,0,0,0,0,0,0
6,0,0,0,0,0,0,0,2,2,0,0,0,0,0,6,0,0,0,0,8,2,6,10,4,0,2,0,0,2,0,0,4,0,0,0,0,0,0,0,0,0,0,0,2,0,0,2,0,0,0,0,0,0,0,0,0,0,0,0,0,0,0,0,0,0,0,0,6,0,0,0,0,0,0,0,0,0,0,0,0,2,0,2,0,0,0,0,0,12,6,4,0,2,6,0,0,0,0,0,0,0,0,2,0,0,0,0,0,0,0,0,0,0,2,0,0,8,8,0,4,0,0,26,0,0,0,0,2,0,0,2,0,2,2,0,0,0,0,2,2,6,2,0,0,2,0,0,0,0,4,10,0,0,0,0,0,0,0,0,0,0,0,0,0,0,0,0,0,0,0,0,0,6,0,0,2,0,2,0,0,0,8,0,0,0,0,0,0,0
6,0,0,0,0,0,2,0,0,0,0,0,0,0,0,8,0,0,6,0,0,0,0,10,0,0,0,0,0,2,0,0,0,0,4,0,2,0,0,0,0,0,0,0,2,0,0,2,0,0,0,0,0,8,0,0,0,0,0,0,0,0,0,0,0,0,0,0,2,0,0,0,0,0,0,0,0,0,0,0,0,2,0,4,0,0,0,0,0,4,8,8,0,2,10,0,2,0,0,0,0,0,2,2,0,0,0,0,0,0,0,0,0,0,2,0,0,0,2,4,2,0,0,64,0,0,0,0,0,0,8,0,0,2,2,0,0,0,0,0,0,0,0,0,0,0,0,0,2,0,4,2,0,2,0,0,0,0,0,0,0,0,0,0,0,0,0,0,0,0,0,2,0,0,0,0,0,2,6,0,0,0,0,0,0,0,0,0,0,0
6,0,0,0,0,0,0,0,2,0,0,0,0,0,2,14,0,0,8,0,0,0,0,2,0,0,0,0,0,2,4,2,0,0,0,0,0,0,0,0,0,0,0,0,0,0,0,0,0,0,0,0,0,0,0,0,0,0,0,0,0,0,0,0,0,0,0,0,0,0,0,0,0,0,0,0,0,0,0,0,0,8,4,0,0,2,0,0,0,8,2,2,0,16,4,0,0,0,0,4,0,0,0,0,0,0,0,0,0,0,0,0,0,4,0,0,0,0,12,2,10,0,0,0,0,0,2,0,0,0,12,2,0,2,2,4,0,0,0,0,0,6,0,4,0,2,0,2,0,0,8,20,0,2,0,2,0,0,0,0,0,0,0,0,0,0,0,0,0,6,4,6,2,0,0,0,8,0,0,0,0,0,0,0,0,0,0,0,0,0
6,0,0,0,0,0,2,0,0,0,0,0,6,0,4,2,0,0,4,0,0,0,0,12,22,0,0,0,0,2,4,2,0,2,6,0,0,0,0,2,0,0,0,0,0,0,0,0,0,0,0,0,0,0,0,0,0,0,0,0,0,0,0,0,0,0,0,0,12,0,0,0,0,0,0,0,0,0,0,0,0,0,0,2,0,0,2,0,0,0,16,4,0,6,2,0,0,0,0,0,0,0,0,0,0,0,0,0,0,0,0,0,0,0,4,0,0,0,6,2,6,0,0,0,0,0,0,0,2,0,6,0,2,2,8,2,0,0,0,0,0,4,0,10,0,2,0,0,0,0,6,4,0,0,0,0,0,0,0,0,0,0,0,0,0,0,0,0,0,0,0,0,0,6,0,0,0,0,0,0,0,0,0,0,0,0,0,0,0,0
6,0,0,0,0,0,0,0,0,0,0,0,18,0,4,4,0,0,16,0,0,0,0,14,0,0,0,0,0,4,2,4,0,2,4,0,0,0,0,2,0,0,0,0,0,0,0,4,0,0,0,0,0,0,0,0,0,0,0,0,0,0,0,0,0,0,0,0,2,0,0,0,0,0,0,0,0,0,0,0,0,0,0,2,0,0,0,2,0,4,2,0,2,12,0,0,0,0,0,0,0,0,0,0,2,0,0,0,0,0,0,0,0,0,0,0,0,0,0,0,0,0,0,0,4,0,0,0,2,2,24,2,2,2,2,2,0,0,0,0,2,14,0,4,0,4,16,16,0,0,8,2,0,0,0,0,0,0,0,0,0,0,0,0,0,0,0,0,0,2,0,2,6,0,0,0,0,0,0,0,0,0,0,0,0,0,0,0,0,0
7,0,0,0,0,0,2,0,0,0,0,2,0,0,0,2,8,0,2,2,8,2,4,10,0,2,2,0,2,2,0,0,0,2,0,0,2,0,0,56,0,0,10,2,0,0,0,0,0,0,0,0,0,0,2,6,2,0,0,0,2,0,0,0,6,2,0,0,0,0,0,0,0,2,0,2,0,0,0,8,0,2,2,0,2,0,8,4,0,0,2,0,0,0,0,0,6,0,0,0,0,2,0,2,0,0,0,0,14,2,0,0,2,0,2,0,0,0,2,0,12,2,0,4,0,0,6,4,0,0,10,0,0,2,2,0,12,0,0,0,0,0,0,0,0,0,0,2,0,0,6,0,0,6,0,0,0,0,0,0,0,0,0,0,0,0,2,0,8,2,0,0,0,6,0,0,12,2,24,0,4,18,8,4,0,0,0,2,0,6
7,4,4,0,0,0,0,0,4,0,2,2,0,0,0,0,20,2,4,0,8,2,0,30,6,2,4,0,0,2,2,0,0,6,2,0,0,0,0,50,0,0,2,2,2,2,0,0,0,0,0,0,0,6,0,6,0,0,2,0,0,6,0,0,2,2,0,0,2,0,0,2,0,0,0,2,0,0,0,10,0,0,0,0,2,0,0,4,10,0,2,4,6,58,2,0,8,2,0,0,0,0,0,4,0,0,0,0,2,0,0,0,0,0,2,0,0,0,2,0,0,2,2,2,0,0,0,0,2,4,4,0,2,0,0,2,8,2,2,0,0,0,10,0,0,2,0,4,0,0,4,4,4,8,0,0,0,0,0,0,2,0,0,0,0,0,0,2,4,0,0,4,4,4,2,0,0,0,0,0,2,12,8,2,0,0,4,2,10,6
7,2,0,0,0,0,0,0,4,0,4,2,0,2,0,2,4,4,0,4,6,8,0,4,0,2,0,0,0,6,0,0,0,0,4,0,0,0,0,0,2,0,2,12,0,2,2,0,0,2,0,0,0,0,2,16,0,0,0,0,0,2,4,0,0,0,0,0,6,0,0,2,0,0,0,0,4,2,0,8,0,2,2,0,8,0,6,12,36,4,2,6,2,38,0,0,6,0,0,0,0,0,0,10,0,0,6,0,0,0,0,0,0,0,2,2,2,0,0,0,0,0,0,2,0,0,0,0,0,0,6,0,0,0,0,4,12,0,0,0,0,0,4,2,0,0,0,0,0,0,2,6,0,0,0,0,0,0,0,0,0,0,0,0,0,0,0,0,0,0,0,0,2,12,0,0,0,0,0,0,0,0,8,2,4,0,4,0,0,0
7,0,0,0,0,0,0,0,2,2,0,0,8,0,0,2,8,0,0,4,12,2,0,2,2,2,2,0,0,6,2,0,0,0,0,0,4,0,0,0,0,0,0,4,0,0,0,0,0,0,2,0,0,6,0,6,0,0,0,0,2,0,4,0,0,2,0,0,4,0,0,0,0,0,0,0,6,0,0,6,0,0,0,0,0,0,16,14,54,0,2,2,2,2,2,0,0,0,2,0,0,0,0,0,0,0,0,0,0,0,0,0,0,2,2,0,0,2,0,0,0,0,0,6,0,0,0,0,0,0,8,0,8,4,0,0,6,0,0,0,2,0,42,2,0,0,0,0,2,0,0,0,0,2,2,0,0,0,0,0,0,0,0,0,0,0,0,0,0,0,0,0,0,2,0,0,0,0,0,0,2,0,0,4,0,0,2,0,0,16
7,2,0,0,0,0,0,0,8,2,2,0,2,0,0,2,0,0,0,6,20,2,0,6,0,4,0,0,0,4,2,0,0,0,0,0,0,0,0,0,2,0,6,2,0,2,0,0,0,0,0,0,2,0,0,0,0,0,4,0,0,0,2,0,0,2,0,2,6,0,0,0,0,0,0,0,0,0,0,2,0,0,0,0,0,0,2,8,0,6,2,6,0,2,0,0,0,0,0,0,2,2,0,0,0,0,0,0,0,0,0,0,0,0,0,0,2,0,8,0,4,0,0,2,0,0,0,0,2,0,2,4,0,2,2,0,12,0,0,4,0,4,0,0,0,0,0,0,6,0,0,14,0,4,4,0,0,0,0,0,2,0,0,0,0,0,0,4,0,0,0,0,2,20,0,0,2,0,0,0,2,0,14,4,0,0,12,0,4,2
7,2,0,0,0,0,0,0,2,2,2,0,2,2,0,0,2,0,4,8,0,0,0,12,0,4,2,0,0,2,0,0,0,0,0,0,8,2,2,0,0,0,0,2,2,2,0,0,0,0,0,0,2,0,0,0,0,0,0,0,0,2,0,0,0,8,4,0,0,0,0,0,2,0,0,6,0,0,0,18,0,2,4,0,6,0,2,2,0,4,8,0,0,4,2,0,2,0,0,0,0,0,0,2,0,0,0,0,0,2,0,0,0,2,2,2,2,2,12,2,0,0,2,0,0,0,2,2,0,2,14,4,4,4,4,0,8,4,2,0,0,4,0,0,0,0,0,0,0,0,4,0,2,4,4,0,0,0,0,0,0,0,0,0,0,0,2,0,2,12,4,8,4,8,0,0,0,0,0,0,4,2,4,0,0,4,4,0,8,26
7,0,0,0,0,0,0,0,0,0,2,0,0,0,2,4,6,0,0,0,2,2,0,2,0,0,0,0,2,6,0,0,0,2,2,0,0,0,0,2,0,0,6,8,2,0,28,0,0,0,0,0,0,8,4,0,0,56,0,0,0,0,0,0,0,0,0,0,6,2,0,0,0,0,0,0,0,0,0,12,0,2,0,2,0,0,6,2,2,2,4,2,0,12,2,0,0,0,0,2,0,2,0,2,0,2,4,0,0,0,0,0,2,0,0,0,0,2,0,2,2,0,0,16,0,0,0,0,0,0,6,4,0,2,0,0,4,0,2,0,0,2,0,0,0,2,0,2,0,0,0,4,2,0,0,0,0,0,0,0,0,0,0,0,0,2,0,2,2,0,0,0,4,4,0,0,0,2,0,0,2,0,8,6,0,8,8,0,8,8
7,2,0,0,0,0,0,0,2,0,2,2,0,0,0,2,2,4,0,2,0,2,2,10,2,6,0,0,0,4,0,0,0,0,0,0,4,0,0,0,6,0,0,4,0,0,0,0,0,0,0,0,4,4,0,0,0,0,0,0,0,0,0,0,0,2,0,0,6,4,0,0,0,0,0,0,6,0,0,10,0,4,0,0,0,0,8,2,0,0,4,2,2,10,0,0,0,0,0,0,0,0,0,2,0,0,4,0,0,0,0,0,0,0,0,0,0,4,8,0,0,0,0,2,0,0,0,2,0,2,20,2,4,4,2,0,6,0,0,0,0,0,0,0,0,0,0,0,6,4,0,10,4,10,2,0,0,10,0,0,0,0,0,0,0,0,0,0,0,0,0,2,2,0,0,0,2,0,0,0,0,0,14,14,0,6,0,2,0,0
7,2,0,0,0,0,0,0,6,2,4,0,0,0,0,0,0,0,2,8,0,2,0,8,0,6,2,0,2,6,0,0,0,0,0,0,0,0,0,0,0,0,0,0,0,0,0,0,0,0,0,0,2,4,0,0,2,0,0,0,0,0,0,2,0,0,0,0,4,4,0,0,0,0,2,0,0,4,0,2,0,0,0,2,0,0,0,0,0,0,6,4,0,0,4,0,0,0,0,0,0,0,0,4,0,0,0,0,0,0,0,0,0,0,0,0,2,2,4,2,0,0,0,8,0,0,2,0,0,2,2,2,4,0,0,0,0,0,0,4,0,4,0,0,0,0,0,0,0,2,2,4,2,10,0,0,6,4,4,0,0,8,0,0,0,6,0,0,0,0,0,0,2,4,0,0,2,0,6,0,0,0,10,2,0,2,0,0,0,0
7,0,0,0,0,0,0,0,6,6,4,0,0,0,0,0,2,6,0,4,6,0,2,4,0,4,2,0,6,4,2,2,0,0,0,0,6,4,2,12,0,0,0,0,0,0,0,0,0,0,0,0,0,2,0,0,0,0,4,0,4,0,0,2,0,4,0,0,12,0,0,0,0,0,0,0,10,0,0,8,0,0,0,2,2,0,4,4,16,6,12,6,0,2,6,0,0,0,0,0,0,2,0,2,0,2,0,2,0,0,0,0,0,0,0,0,0,0,0,0,4,0,0,6,0,0,0,0,0,0,10,2,0,0,4,0,0,2,0,0,0,0,0,0,0,0,0,0,0,4,6,4,12,0,2,0,2,4,2,0,0,14,0,2,0,4,0,0,2,0,0,4,0,2,0,0,2,0,0,0,0,0,4,2,0,2,8,0,0,20
7,4,0,0,0,0,0,0,12,0,0,2,0,0,2,4,2,0,0,0,8,2,0,14,6,2,0,0,0,6,0,0,2,0,0,0,0,2,0,0,0,0,4,0,0,0,0,6,0,0,0,0,4,0,0,0,2,0,2,0,0,0,0,20,0,14,0,0,4,8,0,0,0,0,0,0,0,2,0,10,0,0,6,0,8,0,0,0,0,0,8,0,0,50,0,0,0,0,0,0,0,0,0,2,0,4,0,2,0,0,0,0,0,0,2,0,0,4,6,0,2,0,2,0,0,0,0,0,0,0,6,6,10,6,8,0,0,0,0,0,0,4,0,0,0,2,0,0,0,4,12,8,4,4,4,0,4,0,2,0,0,0,0,0,0,0,0,0,0,0,0,0,2,2,0,0,2,0,0,0,0,0,8,8,2,0,4,2,0,10
7,2,0,0,0,0,0,0,0,2,6,2,0,0,0,16,4,0,0,0,2,2,8,2,0,0,2,0,0,4,0,0,0,0,2,0,2,0,0,0,0,0,0,0,0,2,0,0,0,0,0,0,4,2,0,0,0,0,2,0,4,0,0,6,2,8,0,0,4,0,0,0,0,0,0,6,0,0,0,12,0,0,0,0,0,0,0,0,0,0,2,2,0,14,0,0,0,0,0,0,0,0,2,0,0,0,0,2,0,0,2,0,0,0,0,0,4,4,2,2,10,2,6,10,0,0,0,2,0,2,2,2,8,2,32,2,0,2,0,0,0,2,0,2,0,0,0,0,2,0,2,6,0,2,4,0,0,0,0,0,0,2,0,0,0,0,0,0,0,2,0,0,4,4,0,0,0,0,0,0,0,0,8,10,0,0,2,0,0,0
7,0,0,0,0,0,2,0,0,0,6,0,0,0,2,10,0,4,0,0,44,4,20,20,2,2,0,0,2,0,0,0,0,0,0,0,0,0,0,2,0,0,0,0,0,0,0,2,0,0,0,0,0,6,4,0,0,0,0,0,0,0,0,0,0,2,0,0,4,0,0,0,0,0,0,0,0,0,0,0,0,0,0,0,0,0,0,0,0,6,6,8,0,0,0,0,2,0,0,0,0,0,0,2,0,0,2,0,0,2,0,0,0,0,0,0,6,4,10,0,8,0,0,12,0,0,2,0,0,0,10,0,4,0,0,0,0,0,0,0,0,18,0,0,0,0,0,0,2,2,6,0,0,12,0,2,0,0,0,0,0,4,0,0,0,0,0,0,0,0,0,0,4,16,0,0,0,0,0,0,2,0,8,0,0,0,0,0,0,0
7,0,0,0,0,0,0,0,2,4,0,2,2,0,0,24,0,0,2,0,6,2,2,10,0,4,0,0,0,4,0,4,0,0,0,0,0,0,0,0,0,0,0,0,0,0,0,0,0,0,0,0,0,2,0,0,0,0,0,0,0,0,0,0,0,0,0,0,2,6,0,0,0,0,0,0,0,0,0,0,0,0,2,2,2,0,0,4,0,4,0,4,2,10,0,0,0,0,0,0,0,0,0,6,0,0,0,0,0,2,0,0,0,0,6,0,2,4,10,4,0,0,0,6,0,0,0,0,0,2,2,0,2,2,0,0,0,2,0,0,0,4,2,0,0,2,0,0,2,0,8,4,0,0,0,2,0,0,0,0,0,0,0,0,0,0,0,0,0,0,0,0,6,20,0,0,2,0,0,0,2,0,2,0,0,0,0,0,0,0
7,0,0,0,0,0,0,0,0,0,2,0,0,0,4,4,0,0,0,0,6,0,0,16,2,0,0,0,0,6,2,0,0,0,0,0,2,0,0,0,0,0,0,0,0,0,0,4,2,0,0,0,0,0,0,0,0,0,0,0,0,0,0,0,0,0,0,2,6,14,0,0,0,0,0,0,0,0,0,0,0,2,6,4,2,0,0,2,0,0,0,0,0,26,4,0,0,0,0,0,0,0,0,4,0,2,8,0,0,2,0,0,0,0,0,2,0,0,4,2,2,0,2,12,0,0,0,0,0,0,6,0,0,6,8,0,0,0,0,0,0,4,0,2,0,4,12,10,2,0,14,0,0,20,0,0,0,0,0,0,0,0,0,0,0,0,0,0,0,2,0,0,0,4,0,0,0,0,0,0,0,0,4,0,0,0,0,0,0,0
7,0,0,0,0,0,0,0,4,0,2,0,0,0,6,12,0,0,2,0,6,2,0,0,0,0,2,0,0,0,2,0,0,0,0,0,0,0,0,0,0,0,0,0,6,0,0,2,0,0,0,0,0,0,0,0,0,0,0,0,0,0,0,0,0,0,0,0,0,2,0,0,0,0,0,0,0,0,0,0,0,0,0,0,4,0,0,0,0,2,8,10,0,28,6,2,0,0,0,0,0,0,0,0,0,0,2,0,0,0,0,0,0,0,0,0,14,8,6,0,4,0,4,22,0,0,0,8,0,4,2,0,2,0,2,0,0,0,0,0,0,2,0,10,0,0,0,0,0,2,4,10,0,0,0,4,0,0,0,0,0,0,0,0,0,0,0,0,0,2,0,2,0,12,0,0,10,0,0,0,0,0,16,0,0,0,0,0,0,0
7,0,0,0,0,0,2,0,0,0,0,2,0,0,2,8,0,2,4,0,0,0,0,4,0,0,0,0,0,4,0,0,0,0,4,0,0,0,0,0,4,0,0,0,0,0,0,0,0,0,0,0,0,0,0,0,0,0,0,0,0,0,0,0,0,0,0,0,2,0,0,0,0,0,0,0,0,0,0,0,0,0,6,2,2,0,0,2,0,2,4,2,0,10,8,0,0,0,0,0,0,0,0,0,0,2,0,0,0,0,0,0,0,0,2,0,0,0,4,0,4,0,0,0,0,0,0,4,0,0,10,0,8,4,6,0,0,0,0,2,0,8,0,0,0,0,0,0,0,0,2,6,0,0,0,0,0,0,0,0,0,0,0,0,0,0,0,0,0,0,0,0,10,0,0,0,0,2,4,0,4,0,10,0,0,0,0,0,0,0
7,0,0,0,0,0,0,0,0,0,0,0,12,0,8,14,0,0,2,0,0,0,0,12,0,0,0,0,0,6,2,0,0,0,0,0,4,0,0,2,4,0,0,0,0,0,0,0,0,0,0,0,0,0,0,0,0,0,0,0,0,0,0,0,0,0,0,2,8,0,0,0,0,0,0,0,0,0,0,0,0,0,2,2,0,0,0,0,0,2,4,4,0,24,4,2,0,0,0,6,0,0,0,6,0,0,0,2,0,0,0,0,0,0,2,0,0,0,10,0,8,0,0,0,0,0,4,2,2,4,10,2,0,0,2,0,0,0,0,0,0,2,0,4,0,2,4,0,0,0,2,6,0,0,0,0,0,0,0,0,0,0,0,0,0,0,0,0,0,2,0,0,0,6,0,0,0,2,6,0,0,0,0,0,0,0,0,0,0,0
7,0,0,0,0,0,2,0,0,0,0,0,10,0,2,10,0,0,2,0,0,0,0,4,0,0,0,0,0,2,2,4,0,0,8,0,0,0,0,0,0,0,0,0,0,0,0,2,0,0,0,0,0,0,0,0,0,0,0,0,0,0,0,0,0,0,0,2,4,0,0,0,0,0,0,0,0,0,0,0,0,6,2,0,2,0,0,2,0,0,12,10,6,12,4,16,2,0,0,0,0,0,2,2,0,6,0,0,2,0,0,0,0,0,0,0,0,0,0,0,0,0,0,0,0,0,0,2,2,0,28,2,2,0,0,0,0,0,0,2,2,2,0,12,0,0,6,28,0,2,4,10,0,0,2,2,0,0,0,0,0,0,0,0,0,0,0,0,0,4,0,6,4,0,0,0,2,0,0,0,0,0,0,0,0,0,0,0,0,0
7,0,0,0,0,0,0,0,0,0,0,0,0,0,4,14,0,0,0,0,0,0,0,10,2,0,0,0,0,6,2,2,0,0,2,0,0,0,0,0,2,0,0,0,2,0,0,0,0,0,0,0,0,0,0,0,0,0,0,0,0,0,0,0,0,0,0,0,4,0,0,0,0,0,0,0,0,0,0,0,0,2,0,0,0,0,0,2,0,0,0,2,0,0,2,0,0,0,0,0,0,0,2,0,0,2,0,0,0,0,0,0,0,0,2,0,0,0,0,2,0,0,0,0,0,0,2,0,0,0,26,4,0,2,4,0,0,0,0,4,0,4,0,2,0,2,4,30,0,0,0,14,0,0,0,0,0,0,0,0,0,0,0,0,0,0,0,0,0,0,0,2,0,0,0,0,4,0,0,0,0,0,0,0,0,0,0,0,0,0
8,0,0,0,0,0,4,0,0,0,14,0,6,0,2,6,0,4,2,4,4,2,0,6,0,2,0,0,0,8,0,0,0,0,0,0,0,0,0,0,0,0,14,2,0,2,0,0,0,0,0,0,0,0,0,0,0,0,14,0,0,2,0,0,4,12,2,2,4,0,0,0,0,0,0,0,0,2,0,4,0,0,0,0,0,0,6,0,0,0,2,4,2,12,10,0,4,0,0,0,0,0,0,2,0,0,0,0,0,0,0,0,0,0,4,0,0,2,2,2,2,2,6,6,0,0,2,0,0,0,4,0,0,0,0,0,8,2,0,0,0,0,32,0,0,2,0,2,2,0,4,8,0,4,0,0,0,2,0,0,0,0,0,0,0,0,0,2,6,0,0,2,0,18,2,0,0,0,0,0,0,4,14,0,0,0,0,0,2,2
8,0,0,0,0,0,0,0,4,0,4,2,4,0,0,0,18,0,6,2,14,2,0,10,0,6,0,0,8,2,2,0,0,0,4,0,0,2,0,0,0,0,6,0,0,2,0,2,2,0,0,0,0,0,0,0,0,0,6,0,0,2,0,0,0,10,0,0,0,0,0,2,0,0,0,0,0,0,0,4,0,0,0,0,0,0,0,0,2,2,2,4,0,0,4,0,4,0,0,0,0,0,0,0,0,0,2,0,4,0,0,0,0,0,2,0,2,2,0,2,2,0,0,4,0,0,0,0,0,0,4,0,0,2,2,0,4,2,0,0,0,2,0,0,0,0,0,0,0,2,4,2,4,2,0,0,0,0,0,0,2,0,0,0,0,0,0,0,2,0,2,0,0,12,0,0,4,0,0,0,4,0,8,6,0,14,6,0,0,0
8,0,0,0,0,0,4,0,2,2,6,2,6,0,0,4,30,2,4,6,10,0,0,4,0,2,0,0,2,6,2,0,0,4,2,0,0,2,0,0,0,0,4,6,0,2,2,0,0,0,0,0,2,4,0,0,0,12,0,0,0,2,4,0,0,0,0,0,0,0,2,0,0,0,0,6,0,0,0,0,0,0,2,0,4,0,6,8,0,0,2,2,0,20,6,0,2,0,0,0,2,0,0,0,0,0,0,0,0,0,0,0,0,0,4,0,0,2,2,0,2,4,4,4,0,0,0,0,0,0,28,0,0,8,2,0,8,0,0,0,0,2,22,0,0,0,0,0,6,0,2,2,8,2,0,4,0,4,0,0,0,0,0,0,0,0,0,6,0,0,0,0,6,18,0,0,0,0,0,0,2,2,14,4,4,0,0,0,0,2
8,0,0,0,0,0,2,0,0,4,2,0,0,0,4,6,0,2,0,2,6,0,0,4,2,4,2,0,0,4,2,0,0,4,0,0,0,0,0,2,2,0,0,4,0,0,2,0,0,0,0,0,0,0,0,18,0,0,2,0,0,0,2,0,0,2,0,0,8,2,4,0,2,0,0,2,0,0,0,16,0,2,0,4,0,0,0,0,0,0,4,4,0,26,2,0,4,0,4,0,0,0,0,4,0,0,4,0,0,0,0,0,0,0,4,0,6,4,0,0,2,0,4,6,0,0,2,0,0,0,12,2,6,0,2,2,12,2,0,0,0,0,2,0,0,0,0,0,0,2,0,2,0,4,0,0,0,0,0,0,0,0,0,0,0,0,0,0,6,0,0,0,0,4,0,0,0,0,0,0,4,0,0,0,2,2,0,0,8,0
8,0,0,0,0,0,0,0,2,0,2,0,14,2,0,0,2,0,0,6,4,2,0,10,6,2,0,0,0,2,0,0,2,0,4,0,0,0,0,0,0,0,0,8,0,0,16,0,0,0,0,0,2,0,0,0,0,2,0,2,2,0,6,0,0,8,0,0,2,0,0,0,0,0,0,0,0,0,0,24,0,6,0,2,0,0,14,10,0,0,6,2,0,14,4,0,2,0,0,2,2,0,0,0,0,0,0,0,0,0,0,2,0,0,4,0,0,2,2,0,0,0,0,2,0,0,0,0,0,0,12,4,0,4,2,0,6,0,0,0,2,0,0,0,0,0,0,6,4,0,0,4,0,6,0,0,0,0,0,0,2,0,0,0,0,0,0,0,0,0,0,0,0,12,2,0,2,0,16,2,4,2,2,8,2,0,2,0,0,2
8,0,0,0,0,0,0,0,4,0,2,0,0,0,0,6,0,0,2,2,2,0,0,8,4,4,2,0,2,4,0,0,0,0,0,0,0,2,0,0,0,0,4,4,2,0,6,2,2,2,0,0,2,2,2,0,0,0,0,0,0,2,0,0,0,0,0,0,2,2,0,2,2,0,0,0,0,0,0,28,0,0,0,0,0,2,6,2,0,8,4,2,2,6,2,0,0,0,0,0,0,4,0,0,0,0,6,2,2,0,0,0,0,0,2,0,2,2,4,0,6,0,0,6,0,0,0,2,0,0,6,0,2,0,2,0,2,0,0,2,0,4,0,0,0,2,0,2,0,0,6,6,0,2,0,0,0,0,0,0,0,2,0,0,0,0,0,0,2,0,0,0,2,2,0,0,0,0,0,0,2,0,2,4,6,0,6,0,4,4
8,0,0,0,0,0,0,0,2,4,2,0,0,0,2,0,2,0,4,0,4,0,0,8,0,0,2,0,0,2,4,0,0,0,6,0,0,0,0,0,2,0,0,12,0,0,0,0,0,0,0,0,2,4,0,0,0,0,0,0,0,0,0,0,0,8,2,0,4,2,0,0,0,0,0,0,8,0,0,10,0,0,6,0,0,0,4,4,24,0,4,0,0,2,0,0,0,0,0,0,0,2,0,0,0,0,4,2,0,0,0,0,0,0,2,0,0,0,6,4,2,0,0,6,0,0,2,0,0,0,4,4,2,0,0,0,0,2,0,0,2,2,2,0,0,0,0,0,0,0,0,6,2,4,2,0,4,2,2,0,4,0,0,0,0,2,0,0,0,0,0,0,2,4,0,0,2,0,0,0,0,0,0,0,0,6,0,0,0,2
8,4,0,0,0,0,0,0,12,0,0,2,0,0,0,0,4,0,0,4,8,8,16,30,0,4,2,0,0,4,2,2,0,0,0,0,2,0,2,8,0,0,0,4,2,0,2,0,0,0,0,0,2,18,0,0,0,0,0,0,0,0,8,0,0,0,0,4,10,4,0,0,2,0,0,0,4,0,0,14,0,0,2,0,0,0,4,6,0,0,0,0,0,6,0,0,2,0,0,0,0,2,0,0,0,0,2,0,0,0,0,0,0,0,0,0,0,0,2,0,2,0,2,8,0,0,2,2,0,0,10,0,4,2,2,0,4,0,0,0,0,4,0,0,0,0,0,0,2,0,0,0,6,4,0,0,0,0,12,0,0,2,0,0,0,2,0,4,2,0,0,0,0,0,0,0,0,0,2,0,2,0,4,6,0,8,0,0,0,12
8,2,0,0,0,0,0,0,2,0,2,2,0,0,0,0,2,2,2,4,10,2,0,16,4,2,2,0,0,2,2,0,0,0,0,0,0,0,0,0,2,0,0,8,2,0,0,0,0,0,0,0,2,0,2,0,0,0,0,2,2,4,6,2,0,4,0,0,6,4,2,0,0,0,2,2,16,2,0,6,0,0,0,2,4,0,0,0,0,2,14,16,0,14,2,0,0,0,0,0,0,2,0,0,0,0,0,0,0,0,2,0,0,0,2,0,0,4,10,0,0,0,0,2,0,0,0,0,2,0,8,2,6,4,0,2,0,0,0,0,0,2,0,0,0,0,0,0,0,4,2,2,10,8,0,0,0,0,0,0,0,0,0,0,0,2,0,0,0,0,0,0,0,2,0,0,8,2,12,0,2,0,0,12,0,0,0,0,0,0
8,0,0,0,0,0,0,0,2,2,4,0,0,0,0,8,4,2,0,20,0,0,0,14,0,2,4,0,0,6,0,0,0,0,0,0,10,0,0,0,2,0,0,0,0,2,0,2,0,0,0,0,0,8,0,0,2,0,0,0,0,0,0,2,0,0,0,0,16,0,0,0,2,0,0,4,0,4,8,4,0,2,0,0,2,0,0,0,20,2,4,4,0,14,2,0,0,0,0,0,0,2,2,2,2,6,6,2,0,2,0,0,0,0,0,0,0,4,0,0,0,0,0,2,0,0,0,0,0,2,14,0,0,4,0,2,0,0,0,0,0,2,0,0,0,0,0,0,4,0,6,2,4,4,0,0,0,0,2,2,0,0,2,2,0,0,0,2,0,0,0,0,0,6,0,0,0,0,4,0,0,0,8,4,0,0,0,0,0,4
8,2,0,0,0,0,0,0,0,0,0,0,0,0,0,8,8,4,0,10,22,4,2,16,12,4,2,0,0,0,0,0,2,0,0,0,2,0,0,0,0,0,0,0,0,0,0,0,0,0,0,0,2,0,0,0,0,0,0,0,2,2,0,0,0,0,0,2,14,2,0,0,2,0,0,6,0,0,0,0,0,2,0,2,0,0,0,2,0,4,0,0,0,8,2,0,0,0,0,0,0,0,0,0,0,2,8,0,0,2,0,0,0,0,4,0,2,4,10,0,0,4,4,2,0,0,0,0,0,2,22,2,8,0,0,0,0,0,0,0,0,2,0,4,0,2,0,10,2,0,8,4,8,0,0,0,0,0,4,0,0,0,0,2,0,4,0,0,0,0,0,0,0,6,0,0,4,0,0,0,0,0,0,18,0,0,2,0,0,72
8,0,0,0,0,0,2,0,0,2,0,0,0,0,0,2,0,2,6,10,12,6,0,2,2,4,4,0,0,8,0,0,0,0,0,0,2,0,0,0,0,2,0,0,0,0,0,0,0,0,0,0,2,4,2,0,0,0,2,4,0,0,0,0,0,0,0,0,6,0,0,0,0,0,0,2,4,4,0,6,0,10,0,0,2,0,0,4,20,0,2,0,0,2,2,0,0,0,0,0,0,0,0,0,0,2,2,0,0,0,0,0,0,0,2,0,2,0,2,4,8,0,4,16,0,0,0,0,0,4,4,0,4,2,0,0,0,2,0,0,0,0,0,2,0,4,0,16,0,2,10,4,4,4,0,0,0,4,0,0,0,0,0,0,0,2,0,0,0,0,0,0,4,2,0,0,4,2,6,0,0,0,16,12,0,0,0,0,0,0
8,0,0,0,0,0,4,0,4,4,0,0,0,0,2,12,2,0,0,0,16,2,0,8,4,4,0,0,0,2,0,0,0,0,0,0,0,0,0,0,0,0,0,0,8,0,0,2,0,0,0,0,0,0,0,0,2,0,0,0,0,0,0,0,0,0,0,0,6,0,0,0,0,0,0,0,0,0,0,0,0,4,0,6,0,0,0,2,0,4,0,2,0,0,6,0,2,0,0,0,0,0,0,2,0,0,0,0,0,0,0,0,0,0,4,0,2,0,8,4,0,0,0,24,0,0,0,2,0,0,6,0,2,0,0,2,0,0,0,0,0,10,4,2,0,4,8,20,0,2,4,4,6,12,0,0,0,0,0,0,0,0,0,0,0,0,0,0,0,0,0,0,2,6,0,0,6,0,0,0,2,0,2,0,0,0,0,0,0,0
8,0,0,0,0,0,0,0,2,0,6,2,0,0,0,8,0,2,2,0,14,0,6,0,0,4,0,0,0,2,2,0,0,0,0,0,2,0,0,0,0,0,0,0,0,0,0,0,0,0,0,0,0,0,0,0,0,0,0,0,0,0,0,0,0,0,0,2,2,4,0,0,0,0,0,0,0,0,0,0,2,0,0,2,2,0,0,0,0,0,4,4,0,8,2,0,0,0,0,0,0,0,0,0,0,0,0,0,0,0,0,0,0,0,0,0,0,2,2,0,8,0,0,10,0,0,2,4,0,0,6,0,2,6,0,0,0,0,0,4,0,6,0,2,0,0,18,12,0,0,10,8,6,4,0,0,0,0,0,0,0,0,0,0,0,0,0,0,0,2,0,0,0,0,0,0,0,0,0,0,0,0,6,0,0,0,0,0,0,0
8,0,0,0,0,0,0,0,2,2,0,0,0,0,0,6,0,4,2,0,8,14,0,26,6,2,2,0,0,4,0,0,0,0,0,0,0,0,2,0,0,0,0,0,2,0,0,0,0,0,0,0,0,0,0,0,0,0,0,0,0,0,0,0,0,0,0,2,4,4,2,0,0,0,0,0,0,0,0,0,0,0,2,0,0,0,0,4,0,0,4,6,0,0,2,0,0,0,0,0,0,0,0,0,0,2,2,0,0,0,0,0,0,4,0,0,0,2,6,2,4,0,0,6,0,0,4,0,0,0,8,4,4,0,2,0,0,0,0,0,0,0,0,2,0,0,8,8,0,0,8,2,0,14,0,0,0,0,0,0,0,0,0,0,0,0,0,0,0,0,0,0,0,4,0,0,0,0,0,0,0,0,14,0,0,0,0,0,0,0
8,0,0,0,0,0,0,0,2,8,2,0,0,0,4,2,0,0,2,0,8,2,0,20,4,0,0,0,2,2,0,0,0,0,2,0,8,0,0,0,0,0,0,0,2,0,0,0,0,0,0,0,0,2,0,0,0,0,0,0,0,0,0,0,0,0,0,0,0,8,0,0,0,0,0,0,0,0,0,0,0,0,2,0,0,0,0,4,0,2,10,4,0,12,0,0,0,0,0,0,0,0,0,0,0,0,2,0,0,0,0,0,0,0,2,4,4,2,10,4,4,0,4,28,0,0,2,0,0,0,2,4,0,2,0,2,0,2,0,2,0,2,2,0,0,0,2,0,2,0,2,4,0,28,2,0,0,0,0,0,0,0,0,0,0,0,0,0,0,0,0,0,2,4,0,0,6,0,0,0,2,0,8,0,0,0,0,0,0,0
8,0,0,0,0,0,0,0,0,0,0,0,0,0,4,4,0,0,0,0,0,0,0,2,0,0,0,0,4,0,0,0,0,2,2,0,2,0,0,0,0,0,0,0,2,0,0,0,0,0,0,0,0,2,0,0,0,0,0,0,0,0,0,0,0,0,0,0,4,0,0,0,0,0,0,0,0,0,0,0,0,2,2,2,0,0,0,0,0,2,2,0,0,2,4,0,0,0,0,0,0,0,0,2,0,4,0,0,0,2,0,0,2,0,0,0,0,0,8,2,8,0,0,18,0,0,0,0,0,2,4,0,2,0,4,0,0,0,0,0,0,2,0,0,0,0,0,0,0,0,2,16,0,0,0,0,0,0,0,0,0,0,0,0,0,0,0,0,0,2,2,8,0,8,0,0,8,0,0,0,0,0,0,0,0,0,0,0,0,0
8,0,0,0,0,0,0,0,0,0,0,0,2,0,4,4,0,0,2,0,0,0,0,18,2,0,0,0,0,2,2,4,0,0,2,0,0,0,0,0,2,0,0,0,0,0,0,0,0,0,0,0,0,0,0,0,0,0,0,0,0,0,0,0,0,0,0,0,10,0,0,0,0,0,0,0,0,0,0,0,0,0,0,0,0,0,4,2,0,2,2,2,0,18,2,0,0,0,0,0,0,0,2,0,0,4,0,0,0,0,0,0,0,0,2,0,0,0,12,0,6,0,0,26,0,0,0,2,2,0,16,4,6,2,2,2,0,0,2,4,0,6,0,0,0,0,0,10,0,2,2,6,0,0,0,0,0,0,0,0,0,0,0,0,0,0,0,0,0,0,0,0,2,0,0,0,0,0,0,0,0,0,0,0,0,0,0,0,0,0
8,0,0,0,0,0,0,0,8,0,0,0,0,0,2,8,0,0,2,0,0,0,0,8,0,0,0,0,0,8,0,4,0,0,0,0,0,0,0,0,0,0,0,0,0,0,0,0,0,0,0,0,0,0,0,0,0,0,0,0,0,0,0,0,0,0,0,0,10,0,0,0,0,0,0,0,0,0,0,0,0,0,0,2,0,0,2,0,0,0,6,4,2,42,6,0,0,0,0,0,0,0,0,0,0,4,0,0,0,0,2,0,0,0,2,0,0,0,8,0,0,0,0,24,0,0,0,0,0,0,6,0,0,6,2,2,0,0,2,0,0,10,0,6,0,2,0,0,0,0,10,10,0,2,0,0,0,0,0,0,0,0,0,0,0,0,0,0,0,0,0,0,0,0,0,0,4,0,2,0,2,0,0,0,0,0,0,0,0,0
8,0,0,0,0,0,0,0,2,0,0,0,0,2,0,6,0,0,2,0,0,0,0,30,0,0,0,0,0,8,0,4,0,0,2,0,0,0,0,0,0,0,0,0,2,0,0,0,0,0,0,0,0,0,0,0,0,0,0,0,0,0,0,0,0,0,0,0,2,0,0,0,0,0,0,0,0,0,0,0,0,0,0,0,0,0,0,0,0,2,8,0,0,2,2,0,0,0,0,0,0,0,0,0,0,0,0,0,0,0,0,0,0,0,0,0,0,0,4,0,0,0,0,0,2,0,0,0,0,2,0,0,0,0,0,0,0,0,0,0,0,8,0,0,0,2,0,0,0,0,6,10,0,0,0,0,0,0,0,0,0,0,0,0,0,0,0,0,0,0,2,0,4,8,0,0,2,4,0,2,0,0,0,0,0,0,0,0,0,0
9,0,0,0,0,0,0,0,0,0,6,0,2,0,0,0,4,0,4,8,8,2,0,10,2,0,0,0,6,8,0,0,0,0,0,0,2,0,0,74,0,0,8,0,0,0,0,0,0,0,0,0,0,0,0,2,0,0,0,2,2,2,2,0,0,4,0,0,0,0,0,0,0,0,0,0,0,0,0,6,0,0,0,0,0,0,10,2,44,2,2,4,0,0,0,0,4,0,0,0,0,0,0,4,0,0,0,2,0,0,0,0,0,0,0,18,0,0,0,2,0,0,0,6,0,0,0,0,0,0,20,8,2,2,0,0,6,0,0,0,0,0,26,0,0,0,0,0,0,0,2,6,4,4,0,0,0,0,0,0,0,0,0,0,0,0,0,8,0,0,6,0,0,12,0,0,0,0,0,0,0,10,6,8,2,2,0,2,10,4
9,2,0,6,0,0,2,0,2,0,2,0,0,2,0,0,8,0,2,0,4,8,6,4,0,0,4,2,0,0,0,0,0,0,4,0,0,0,0,26,0,0,12,2,0,4,0,0,0,4,0,0,0,0,0,4,0,0,0,0,0,2,4,0,0,12,0,0,2,0,0,0,0,0,0,2,0,2,0,10,0,2,4,2,0,0,0,0,6,0,4,0,0,28,4,0,4,0,0,2,4,4,0,2,0,0,0,2,2,2,0,0,2,2,2,0,0,2,0,0,8,0,0,10,0,2,2,0,2,0,10,0,6,2,0,0,10,0,0,0,0,0,4,0,0,6,0,2,4,0,6,6,6,4,0,0,0,0,0,0,0,0,0,0,0,0,0,0,0,0,0,0,2,4,0,0,2,0,0,0,0,6,18,4,2,4,2,4,0,56
9,6,0,0,2,2,0,0,0,0,4,0,2,0,0,4,0,0,2,0,4,0,4,10,2,2,2,0,2,4,0,0,0,4,0,0,4,2,2,0,0,0,2,12,0,2,0,2,0,0,0,0,0,0,0,14,0,0,2,0,0,0,0,0,0,2,0,0,2,0,0,0,0,0,0,0,0,0,0,0,0,0,0,0,0,0,0,0,18,0,0,10,0,14,2,0,6,0,4,0,0,2,0,4,0,0,2,0,4,0,0,0,2,0,0,0,6,10,0,0,0,0,0,0,0,0,0,0,0,0,10,8,6,4,2,2,10,0,0,0,0,2,0,0,0,2,0,0,0,0,0,6,8,4,2,0,0,0,0,0,0,0,0,0,0,0,0,2,0,0,0,0,0,16,0,0,0,0,0,0,2,0,12,10,2,2,6,0,0,2
9,0,0,0,0,0,0,0,0,4,8,0,0,0,0,4,4,0,0,0,4,2,0,12,0,2,0,0,0,0,0,0,0,0,0,0,0,0,0,0,2,0,2,6,6,0,0,0,0,0,0,0,2,0,0,8,0,0,0,0,0,0,2,0,0,2,0,0,14,4,0,0,0,0,0,2,2,0,0,2,0,0,0,0,0,0,6,6,14,0,0,2,0,6,0,0,2,0,0,0,0,0,4,0,0,0,0,0,0,0,2,0,0,0,2,0,2,4,0,0,6,0,0,4,0,0,4,0,0,0,6,2,2,0,4,2,6,2,0,0,0,0,0,0,0,2,0,0,0,0,0,0,12,6,0,0,2,0,0,0,0,0,0,0,0,0,0,0,0,0,0,0,4,12,0,0,6,0,4,0,0,0,10,0,2,0,6,2,0,16
9,0,0,0,0,6,0,0,2,6,2,0,4,0,0,8,4,0,2,0,4,4,2,12,2,4,0,0,2,6,0,2,2,0,6,0,6,0,0,0,0,0,6,0,2,0,0,0,0,0,0,0,0,0,0,16,0,2,2,0,0,2,0,0,0,2,0,0,0,0,0,2,0,0,0,2,6,2,0,8,0,0,0,2,0,0,0,0,16,0,6,4,0,24,6,0,4,0,0,0,0,2,0,16,0,0,0,4,0,0,0,0,0,0,0,2,0,4,0,0,2,2,0,4,0,0,0,0,0,0,0,4,0,0,2,0,0,0,0,0,0,4,2,0,0,4,0,0,2,2,0,2,2,2,0,2,0,4,0,8,0,0,0,0,0,0,0,2,0,0,0,0,8,10,0,0,0,0,0,0,0,0,0,6,0,2,0,0,0,6
9,0,2,0,0,0,0,0,4,0,4,2,6,0,4,2,0,0,4,0,0,0,2,6,2,0,2,0,2,2,0,0,0,0,2,0,2,2,0,10,0,0,0,4,4,0,0,8,0,0,0,0,2,6,2,8,0,0,2,0,0,0,0,4,0,2,0,0,22,6,0,0,0,0,0,0,2,6,0,8,0,0,0,2,4,0,0,0,10,0,6,2,0,2,8,0,4,0,0,4,0,0,0,0,0,0,0,0,0,0,0,0,0,0,2,0,2,4,4,2,0,2,0,0,0,0,4,0,0,2,8,2,2,4,6,0,6,0,0,0,0,8,0,0,0,0,0,0,0,0,0,2,4,0,0,0,0,0,0,0,0,0,0,0,0,0,0,0,0,0,0,2,0,12,2,0,0,0,0,0,0,0,10,0,0,0,0,2,0,2
9,0,0,2,0,0,0,0,4,2,0,2,0,0,0,2,6,0,2,4,2,0,0,10,2,2,2,0,0,2,2,0,0,0,2,0,0,0,0,0,0,0,0,8,0,0,0,0,0,0,0,0,0,0,0,0,0,0,0,0,2,2,0,2,0,10,0,0,18,0,0,0,0,0,0,0,2,0,0,6,0,0,0,0,0,0,2,10,24,4,0,2,0,46,2,0,2,0,0,0,0,0,2,0,0,0,0,6,0,0,0,0,0,0,0,6,0,2,2,0,2,2,0,10,0,0,0,0,0,0,10,6,2,4,4,0,2,4,0,0,0,2,2,0,0,0,0,0,2,0,0,2,4,8,0,0,0,0,0,0,0,0,0,0,0,0,0,0,0,2,0,0,4,2,0,0,2,0,0,0,0,0,6,10,2,10,0,0,0,0
9,2,0,0,0,0,2,0,4,4,0,0,0,0,0,0,0,2,0,2,0,0,0,8,0,4,2,0,0,2,2,0,0,0,4,0,4,2,0,0,0,0,0,0,2,0,10,4,0,0,0,0,0,14,0,0,0,0,2,0,0,0,4,2,0,0,0,0,8,8,0,0,0,4,0,0,0,0,0,4,0,0,0,2,0,0,0,0,10,0,8,2,4,14,2,0,0,0,0,0,0,2,0,0,0,0,0,0,0,0,0,0,0,0,0,20,0,4,2,0,0,0,0,4,0,0,0,0,0,0,14,6,0,8,2,0,6,0,0,0,0,2,2,0,0,0,0,0,0,0,2,2,4,0,0,0,0,0,4,0,0,0,0,0,0,0,0,0,10,0,0,2,0,10,0,0,0,0,2,0,0,0,8,4,4,6,4,4,0,2
9,0,0,0,0,0,2,0,0,0,6,0,2,0,0,6,2,2,4,8,0,0,0,2,0,6,2,0,0,6,0,2,2,2,4,0,4,0,0,0,0,0,0,0,0,0,0,0,2,0,0,0,2,0,0,0,0,0,2,2,0,2,0,0,0,8,0,0,2,0,0,0,0,2,0,4,2,0,0,20,0,0,0,0,0,0,0,0,0,2,10,6,0,12,0,0,0,0,0,0,0,0,0,0,0,0,0,0,0,0,2,0,0,0,2,0,0,4,2,0,2,0,2,4,0,0,0,6,4,10,8,2,6,0,2,2,0,0,0,0,4,0,0,0,0,2,0,0,0,0,2,6,0,6,0,0,0,0,0,0,0,0,0,0,0,0,0,0,0,0,2,2,2,4,0,0,0,0,0,0,0,0,0,14,2,0,12,2,0,4
9,0,0,2,0,0,0,0,2,2,2,0,0,0,2,4,6,0,0,4,8,2,0,8,0,2,2,0,0,4,0,0,0,0,6,0,4,0,0,0,2,0,0,0,0,0,0,0,0,0,0,0,0,0,0,0,0,0,2,6,0,4,2,2,0,0,0,0,2,2,0,0,0,2,2,0,0,4,0,2,0,16,0,0,4,0,0,0,0,0,2,2,0,16,14,0,0,0,0,0,2,0,0,0,0,0,0,0,0,0,0,0,0,0,4,8,0,0,0,2,0,0,0,2,0,0,2,0,0,4,14,0,8,0,4,0,0,0,0,2,0,4,4,0,0,0,0,0,0,0,18,4,4,0,2,0,0,2,8,0,0,0,0,4,0,0,0,0,0,2,0,0,2,8,0,0,2,0,2,0,0,0,4,4,2,0,0,2,0,18
9,2,0,0,0,0,0,0,8,0,0,2,0,0,4,8,4,2,0,6,2,0,0,10,2,0,2,2,2,0,0,0,2,0,0,0,16,0,0,0,0,0,0,0,2,0,0,0,0,0,0,0,2,0,0,0,4,0,2,0,0,0,6,2,0,6,0,0,2,0,0,0,0,0,0,0,20,0,0,4,0,2,0,0,2,0,0,6,58,0,0,2,0,2,0,0,0,0,0,0,0,0,0,4,0,0,0,0,0,0,0,0,0,0,2,0,0,2,8,0,2,0,2,20,0,0,0,0,2,0,10,0,4,0,50,0,0,0,0,0,2,4,0,2,0,0,0,0,2,6,6,4,6,10,0,0,0,0,2,0,0,4,0,0,0,0,0,0,0,0,0,2,2,30,0,0,0,0,0,0,2,0,8,8,2,0,4,0,0,2
9,0,0,0,0,0,2,0,4,4,2,2,0,0,0,10,4,0,0,0,0,10,0,0,2,6,0,0,0,2,2,0,0,0,0,0,2,2,2,0,0,0,0,0,4,0,2,2,0,0,0,0,2,0,0,0,2,0,0,0,0,4,2,0,0,14,0,0,4,0,2,0,0,0,0,0,4,0,0,2,0,2,0,0,0,0,0,0,0,6,10,2,0,0,2,0,2,0,0,2,0,0,0,0,0,2,0,2,0,0,0,0,0,0,0,4,0,0,6,0,4,6,4,6,0,0,0,0,4,2,14,0,2,0,34,0,0,0,0,0,0,4,0,0,0,0,0,0,2,0,0,6,6,16,0,0,0,2,2,0,2,2,2,0,0,0,0,0,0,0,0,0,4,16,0,0,2,0,0,0,0,0,2,14,2,2,0,0,0,10
9,0,0,0,0,0,0,0,0,0,2,0,0,0,2,6,6,0,0,0,18,4,4,0,0,6,0,0,0,4,2,0,4,2,0,0,0,0,0,0,2,0,0,0,0,0,0,0,2,0,0,0,0,0,0,0,0,0,0,0,0,0,0,0,0,6,0,0,4,2,0,0,0,0,0,0,0,0,0,0,0,0,0,0,6,0,0,0,0,0,8,4,2,10,8,0,0,0,0,0,0,0,0,0,0,0,0,0,10,0,0,0,0,0,6,2,2,8,4,2,2,0,0,28,0,0,2,0,2,10,8,0,2,4,4,0,0,4,0,0,0,10,6,2,0,2,0,0,0,2,4,2,0,6,0,0,0,0,0,0,0,0,0,0,0,0,0,0,0,0,0,0,2,8,0,0,2,4,0,0,0,0,2,0,0,0,0,0,0,0
9,0,0,0,0,0,0,0,2,0,16,2,0,0,2,8,0,0,6,0,6,6,2,12,0,4,4,0,0,8,2,0,0,0,0,0,0,0,0,0,2,0,0,0,2,0,0,0,0,0,0,0,0,0,0,0,0,0,0,0,0,0,0,0,0,0,0,0,2,0,0,0,0,0,0,0,0,0,0,0,0,2,0,4,0,0,0,2,0,4,0,6,0,18,2,0,0,0,0,0,0,0,2,4,2,0,0,0,2,0,0,0,0,0,2,0,0,2,4,2,2,0,2,14,0,0,2,0,2,6,0,2,2,6,8,0,0,0,0,0,0,4,2,0,0,0,0,0,4,2,4,6,0,0,0,0,0,0,0,0,0,0,0,0,0,0,0,0,0,0,0,0,8,0,0,0,0,0,2,0,0,0,0,0,0,0,0,0,0,0
9,0,0,0,0,0,0,0,2,4,0,0,0,0,0,14,0,0,0,0,22,2,0,8,2,0,0,0,0,4,2,0,0,0,8,0,4,0,2,0,0,0,0,0,2,0,0,2,0,0,0,0,0,0,0,0,0,0,0,0,0,0,0,0,0,0,0,0,2,4,0,0,0,0,0,0,0,0,0,0,0,4,0,0,0,0,0,0,0,6,12,6,0,4,0,0,0,0,0,2,0,0,0,0,0,0,4,0,0,4,0,0,0,0,2,0,4,2,0,2,0,0,2,14,0,0,0,0,8,0,6,2,0,6,4,0,0,2,0,0,0,2,0,2,0,0,0,4,0,0,2,10,0,12,0,0,0,0,0,0,0,0,0,0,0,0,0,0,0,0,0,0,0,8,0,0,0,0,0,0,2,0,0,0,0,0,0,0,0,0
9,0,0,0,0,0,0,0,0,2,2,0,0,2,0,12,0,0,2,0,8,20,2,12,0,0,2,0,2,6,0,0,0,0,4,0,6,0,0,0,0,0,0,0,2,0,0,2,0,0,0,0,0,2,0,0,0,0,0,0,0,0,0,0,0,0,0,0,4,2,0,0,0,0,0,0,0,0,0,0,0,0,0,0,4,0,0,2,0,0,8,2,2,88,2,0,0,0,0,0,0,0,0,0,0,0,0,0,0,2,0,0,0,0,0,6,0,10,10,0,6,0,2,12,2,2,0,2,4,6,10,6,8,2,4,0,0,2,0,2,0,6,2,2,0,0,0,0,2,0,12,6,0,0,0,0,0,0,0,0,0,0,0,0,0,0,0,0,0,2,0,2,0,18,0,0,0,0,0,0,0,0,10,0,0,0,0,0,0,0
9,0,0,0,0,0,0,0,0,0,2,2,2,0,4,10,0,0,2,0,0,0,0,6,8,0,0,0,0,4,2,0,0,0,8,0,0,0,6,0,0,0,0,0,0,0,0,0,0,0,0,0,0,0,0,0,0,0,0,0,0,0,0,0,0,0,0,4,8,0,0,0,0,0,0,0,0,0,0,0,0,0,0,0,0,0,0,2,0,0,0,6,0,2,2,0,2,0,0,0,2,0,2,6,2,0,0,0,0,2,0,0,2,0,0,0,0,0,2,2,2,0,0,60,2,0,6,0,0,2,8,0,4,2,4,0,0,0,2,0,0,6,0,4,0,0,0,8,0,2,4,4,0,14,0,2,0,0,0,0,0,0,0,0,0,0,0,0,0,2,0,0,6,18,0,0,2,4,0,0,2,0,0,0,0,0,0,0,0,0
9,0,0,0,0,0,6,0,2,0,0,0,0,0,4,10,0,4,2,0,0,0,0,6,2,0,0,0,4,2,2,0,0,0,2,0,0,0,0,0,2,0,0,0,0,0,0,0,0,0,0,0,0,0,0,0,0,0,0,0,0,0,0,0,0,0,0,0,4,0,0,0,0,0,0,0,0,0,0,0,0,20,0,0,2,0,2,0,0,14,2,0,0,2,2,0,0,0,0,2,0,0,0,0,0,0,0,0,0,0,0,0,2,0,0,12,0,0,4,12,2,0,0,0,0,0,2,0,4,2,4,0,2,6,0,0,0,0,0,4,0,10,0,0,0,6,2,2,0,0,2,0,0,0,0,2,0,0,0,0,0,0,0,0,0,0,0,0,0,0,0,4,0,24,0,0,0,0,0,0,0,0,0,0,0,0,0,0,0,0
9,0,0,0,0,0,0,0,0,0,0,0,22,0,0,22,0,2,2,0,0,0,0,2,0,0,0,0,0,2,2,0,0,0,0,0,0,0,0,8,0,0,0,0,0,0,0,0,0,0,0,0,0,0,0,0,0,0,0,0,0,0,0,0,0,0,0,0,2,0,0,0,0,0,0,0,0,0,0,0,0,0,0,0,0,0,0,0,0,2,2,0,0,4,8,2,0,0,0,0,0,0,0,6,0,0,0,0,0,0,0,0,0,0,0,6,0,0,0,0,0,0,0,0,0,2,0,0,0,4,14,0,2,4,2,0,0,0,0,0,0,4,0,0,0,0,0,0,0,0,16,10,0,0,0,0,0,0,0,0,0,0,0,0,0,0,0,0,0,0,2,2,4,22,0,0,0,0,0,0,0,0,0,0,0,0,0,0,0,0
9,0,0,0,0,0,2,0,0,0,0,0,18,2,2,8,0,0,2,0,0,0,0,2,0,0,0,0,0,2,2,0,0,0,10,0,0,0,0,2,0,0,0,0,0,0,0,2,0,0,0,0,0,0,0,0,0,0,0,0,0,0,0,0,0,0,0,0,6,0,0,0,0,0,0,0,0,0,0,0,0,0,2,0,0,0,0,0,0,0,24,12,4,56,2,0,0,0,0,0,0,0,0,2,0,0,0,2,0,0,0,0,2,0,2,24,0,0,0,2,0,0,0,0,6,2,2,2,0,0,38,8,0,8,12,2,0,0,0,0,0,8,0,0,0,0,0,0,0,0,0,6,0,0,0,6,0,0,0,0,0,0,0,0,0,0,0,0,0,0,0,0,0,6,0,0,0,0,0,0,2,0,0,0,0,0,0,0,0,0
