0,0,0,0,0,2,26,0,8,0,4,6,10,0,0,2,60,4,12,0,0,6,0,2,2,4,2,6,14,0,4,6,0,20,26,8,4,4,8,2,14,0,4,2,2,0,0,6,2,10,0,2,8,6,0,2,36,0,4,2,10,16,4,6,2,6,6,16,6,8,4,8,2,2,2,4,0,0,0,0,14,0,0,0,2,4,2,6,8,0,10,0,0,12,2,4,16,0,0,20,42,0,2,0,4,38,0,2,2,12,2,12,0,4,8,0,2,16,12,10,2,14,14,14,2,0,0,4,4,10,2,88,4,8
0,4,0,0,0,0,2,0,12,0,14,10,22,2,0,0,84,0,36,0,2,4,2,2,6,12,16,2,4,0,0,0,0,10,16,16,6,2,14,0,4,4,12,6,2,10,2,4,6,54,6,16,6,4,2,0,22,0,2,4,6,6,0,2,2,6,2,12,4,4,0,0,4,8,0,4,0,8,8,0,18,0,10,0,4,2,2,8,2,0,4,0,0,24,2,2,0,0,0,16,38,2,10,2,0,14,4,2,10,10,8,10,4,14,0,2,2,8,18,0,0,6,8,4,0,2,0,4,2,4,4,94,2,10
2,0,0,0,0,6,4,4,22,8,38,4,16,4,0,0,76,0,4,0,2,6,0,6,2,4,8,8,10,4,0,0,0,10,10,6,2,0,6,0,12,0,4,14,2,2,8,0,2,40,0,4,0,0,0,2,16,4,2,8,8,14,8,4,0,12,16,24,4,8,0,0,2,14,2,12,0,2,4,2,12,0,4,0,4,6,0,2,4,0,4,0,0,30,0,2,22,0,0,4,4,12,2,0,2,8,0,6,14,6,12,10,10,0,2,8,0,8,6,2,0,14,2,6,4,0,0,12,10,0,0,92,12,8
0,2,0,0,0,0,26,6,10,2,22,6,12,6,0,0,50,6,0,0,0,8,0,0,14,12,6,8,0,4,0,2,6,20,18,8,2,2,8,0,10,2,4,6,0,4,0,14,4,0,0,2,4,0,2,8,14,0,0,4,8,16,4,4,4,28,18,24,6,6,4,8,0,6,0,6,0,4,6,6,12,2,2,0,2,10,8,4,0,0,2,2,0,22,0,2,8,0,0,4,16,2,0,0,0,0,0,0,6,4,2,2,10,14,6,0,4,4,18,0,6,10,6,6,2,0,0,6,2,0,0,108,6,0
2,0,0,0,0,0,10,2,8,0,40,2,32,10,0,0,62,4,8,0,4,6,8,4,8,10,16,2,10,6,2,0,12,10,0,8,6,2,12,2,4,0,2,6,0,4,2,6,10,28,0,20,4,2,0,2,36,0,4,4,8,18,10,4,6,8,12,20,2,20,0,4,2,2,4,4,0,0,4,4,14,0,8,0,4,2,4,0,6,0,8,2,0,36,2,2,0,0,0,6,8,14,4,0,0,2,0,8,2,2,2,6,18,2,10,0,14,8,22,2,4,20,16,8,4,0,2,6,4,0,0,112,12,0
0,0,0,0,0,0,22,2,16,2,20,6,26,0,0,0,70,2,20,0,4,2,0,0,4,12,0,10,26,4,2,4,0,16,6,10,4,14,6,0,10,2,8,12,2,8,0,2,8,48,0,4,2,12,10,2,16,0,2,6,10,10,6,10,12,16,20,26,2,10,0,0,2,6,0,0,0,2,6,2,8,0,2,0,16,2,2,2,12,2,0,0,0,20,2,4,2,2,0,10,8,30,2,0,6,2,0,2,8,2,8,2,4,14,2,0,0,6,22,8,0,12,14,18,4,0,0,6,8,0,0,72,6,0
0,2,0,0,0,2,2,8,6,4,36,4,30,4,0,0,62,2,12,0,8,0,2,0,2,2,6,8,8,0,4,4,0,12,20,14,4,2,4,2,8,0,2,8,4,0,0,2,4,0,8,0,6,0,14,8,42,4,4,4,10,8,4,0,6,32,8,8,10,10,12,6,10,42,2,6,0,0,10,2,4,0,14,0,20,6,0,2,6,0,2,0,0,28,2,0,6,0,0,34,14,26,0,0,0,2,0,0,4,2,6,20,14,2,0,0,0,0,10,4,4,14,12,4,0,0,0,2,6,4,6,98,4,0
0,0,0,0,0,6,34,4,30,4,10,8,24,2,0,0,76,2,18,0,4,8,2,2,0,0,22,6,20,0,2,0,2,18,14,0,0,4,22,0,4,0,4,8,4,10,2,2,6,30,4,0,14,14,6,8,16,0,6,6,6,8,2,14,2,28,18,26,4,14,6,10,4,2,2,8,2,2,8,6,4,0,0,0,22,8,2,2,20,0,4,0,0,50,0,0,4,0,2,18,4,18,8,0,0,0,0,2,8,6,8,8,12,10,8,0,0,8,12,4,6,10,8,8,2,0,0,6,6,0,0,22,8,0
6,0,0,0,0,8,28,4,22,4,26,0,54,6,0,0,60,2,26,2,4,6,0,6,10,4,6,2,12,2,0,4,0,12,8,6,4,2,4,2,6,2,0,4,4,4,4,6,2,16,4,2,4,10,4,6,24,0,6,6,0,16,8,4,6,16,4,38,10,10,4,2,8,8,0,22,2,0,4,2,2,2,10,2,22,2,2,2,2,0,2,0,0,40,2,2,4,0,0,36,14,14,0,2,0,2,0,0,2,10,6,2,2,10,8,4,0,4,12,2,0,10,4,16,0,2,0,4,4,0,0,104,10,0
2,0,0,0,0,10,2,0,8,0,36,4,46,2,0,0,56,4,36,2,0,2,2,2,0,6,10,6,14,0,4,10,6,14,14,10,10,2,12,2,8,2,4,2,6,6,8,2,10,20,2,12,8,10,18,6,28,2,4,6,2,10,4,6,8,8,0,34,10,6,0,2,4,0,4,14,0,0,20,0,6,0,2,2,20,2,4,2,0,0,0,0,0,14,2,0,8,0,0,22,6,18,2,0,0,0,0,2,2,0,2,4,6,12,2,0,0,4,20,0,4,2,10,8,6,4,0,2,4,0,2,84,14,0
0,0,0,0,0,8,18,6,12,12,34,6,44,6,0,2,72,12,4,6,0,6,0,0,6,16,8,8,20,6,0,0,0,6,6,6,2,2,8,2,4,0,10,2,0,6,2,8,6,2,2,8,8,8,8,8,20,6,6,4,6,10,8,6,8,4,10,22,10,14,0,8,4,8,2,6,0,10,10,0,4,0,22,2,32,4,8,0,4,2,2,0,4,22,2,6,2,0,0,12,2,6,2,6,2,8,0,0,0,2,2,10,4,4,0,0,0,4,10,0,2,6,20,10,2,2,4,0,4,10,4,86,6,0
0,6,0,0,0,16,8,0,18,2,42,2,60,4,0,2,78,0,4,0,8,0,0,4,10,6,28,6,12,2,16,18,4,12,6,10,0,0,8,0,2,0,4,0,2,2,0,8,6,0,4,8,18,16,12,10,16,0,0,4,4,18,10,2,0,0,8,12,2,6,6,2,2,0,4,14,0,8,8,0,8,2,14,2,16,0,0,10,2,0,2,0,0,40,0,0,0,4,0,28,4,58,8,22,4,6,0,8,2,2,6,4,0,6,0,8,0,6,20,0,0,14,18,4,0,0,4,2,2,8,2,100,10,0
0,2,0,0,0,8,74,0,42,0,0,4,48,6,0,0,0,2,8,4,4,16,0,2,4,4,0,0,0,0,12,2,2,26,12,6,2,2,0,0,6,0,2,2,0,0,6,2,4,30,4,8,2,6,2,2,12,0,10,12,6,10,0,14,6,12,8,12,4,8,2,2,4,8,0,8,2,2,2,0,4,0,0,0,22,6,2,0,0,0,0,0,2,8,0,0,0,4,0,0,0,30,4,12,0,10,8,4,0,0,0,0,10,0,0,4,0,0,0,0,0,0,0,0,0,0,0,0,0,0,0,0,0,0
0,0,0,0,0,2,12,0,22,0,0,0,54,2,0,0,0,6,8,0,2,2,0,4,4,6,0,0,0,0,2,2,0,12,18,0,2,8,0,0,2,0,14,6,4,2,10,6,22,0,4,2,2,4,12,12,24,2,12,8,8,14,0,20,8,4,14,24,10,14,6,4,4,24,0,6,0,0,6,4,8,0,8,2,16,2,6,0,0,0,0,0,0,12,0,0,0,0,0,0,0,26,2,0,4,8,0,2,0,0,0,2,0,0,0,8,0,0,0,0,0,0,0,0,0,0,0,0,0,0,0,0,0,0
0,4,0,0,0,0,0,0,20,0,0,0,52,2,0,0,0,18,12,0,4,10,0,0,4,8,0,0,0,0,2,0,0,6,10,6,2,0,0,0,4,0,2,2,2,2,2,2,2,40,6,0,6,4,8,0,18,2,4,4,2,12,0,16,4,24,14,38,0,6,10,2,4,4,2,4,4,4,0,0,2,0,0,4,8,0,0,0,0,0,0,0,2,12,0,0,0,2,0,0,0,30,4,0,0,6,0,6,0,0,0,14,6,0,0,0,0,0,0,0,0,0,0,0,0,0,0,0,0,0,0,0,0,0
0,8,0,0,0,0,0,0,26,0,0,2,64,0,0,0,0,8,12,16,16,16,4,0,12,4,0,0,0,2,6,6,2,10,6,4,8,16,0,0,6,0,6,2,0,6,0,4,4,0,6,8,4,4,10,6,28,4,2,6,6,14,0,12,4,10,4,24,14,14,2,2,8,20,0,6,0,0,0,2,0,0,6,0,10,2,6,0,0,0,0,0,0,4,0,0,0,0,0,0,0,18,6,0,0,0,0,0,0,0,0,10,4,0,0,0,0,0,0,0,0,0,0,0,0,0,0,0,0,0,0,0,0,0
0,0,0,0,0,0,0,0,0,0,0,2,34,4,0,0,0,4,10,0,4,10,0,2,8,4,0,0,0,2,2,2,2,16,14,4,0,2,0,0,2,0,10,4,10,4,6,4,16,8,0,0,6,2,2,12,0,0,6,4,2,12,0,10,2,6,6,44,12,12,6,12,2,4,0,8,4,8,2,0,4,0,4,2,22,2,2,0,0,0,0,0,0,0,0,0,0,0,0,0,0,0,0,0,0,0,0,0,0,0,0,0,0,0,0,0,0,0,0,0,0,0,0,0,0,0,0,0,0,0,0,0,0,0
0,8,0,0,0,0,0,0,0,0,0,4,30,14,0,0,0,2,2,4,2,10,2,0,10,8,0,0,0,8,4,6,2,2,8,10,0,0,0,0,4,0,8,6,0,14,0,8,4,0,0,4,0,4,4,4,0,4,4,6,10,8,0,0,0,2,8,28,4,12,2,2,4,2,0,10,0,6,6,0,6,0,8,2,0,2,4,0,0,0,0,0,0,0,0,0,0,0,0,0,0,0,0,0,0,0,0,0,0,0,0,0,0,0,0,0,0,0,0,0,0,0,0,0,0,0,0,0,0,0,0,0,0,0
2,0,0,0,0,0,0,0,0,0,0,0,54,14,0,0,0,4,12,2,12,6,0,4,14,10,0,0,0,0,2,8,0,6,6,10,0,8,0,0,4,0,4,0,4,12,8,4,8,24,2,8,20,8,16,8,0,2,4,4,4,12,0,0,2,10,6,30,12,18,6,6,8,2,8,12,2,0,4,0,6,12,6,0,0,0,10,0,0,0,0,0,0,0,0,0,0,0,0,0,0,0,0,0,0,0,0,0,0,0,0,0,0,0,0,0,0,0,0,0,0,0,0,0,0,0,0,0,0,0,0,0,0,0
0,0,0,0,0,0,0,0,0,0,0,2,48,10,0,0,0,4,12,2,2,0,0,6,2,6,0,0,0,4,10,4,8,12,4,2,0,10,0,0,0,0,10,4,2,4,2,0,8,30,0,18,12,12,14,0,0,4,14,6,2,22,0,0,2,8,8,30,18,14,2,2,4,6,4,10,0,0,4,0,4,0,2,0,0,0,6,0,0,0,0,0,0,0,0,0,0,0,0,0,0,0,0,0,0,0,0,0,0,0,0,0,0,0,0,0,0,0,0,0,0,0,0,0,0,0,0,0,0,0,0,0,0,0
0,0,0,0,0,0,2,2,4,2,30,4,2,0,0,0,62,10,8,2,0,2,0,0,4,4,8,4,4,0,2,0,6,14,24,10,0,2,4,4,14,4,0,0,0,0,0,2,6,8,4,10,0,4,0,0,10,0,4,6,22,12,4,8,2,16,4,16,0,8,0,6,6,10,0,0,0,0,0,0,4,0,0,0,0,8,2,0,2,0,4,0,2,26,0,4,0,0,0,10,30,16,0,0,0,0,0,0,0,4,6,12,8,0,30,4,10,8,8,0,0,14,6,4,2,0,0,8,0,2,8,78,4,6
2,4,0,0,0,0,2,0,20,0,10,0,2,0,0,2,64,10,14,4,2,4,2,2,0,4,10,10,18,0,4,2,0,8,4,6,2,4,2,0,6,4,0,2,0,0,8,8,8,24,0,0,0,2,4,0,14,4,6,4,10,38,2,14,4,8,8,38,0,4,0,0,4,2,2,2,0,0,0,0,18,6,4,0,4,4,2,4,2,0,6,0,2,14,0,0,8,0,2,14,24,14,4,0,0,2,0,0,2,2,10,0,4,2,10,2,4,14,4,2,6,8,20,4,8,0,0,8,4,2,6,78,10,8
0,0,0,0,0,4,4,6,10,2,18,0,4,0,0,0,54,10,30,0,8,0,0,2,4,4,12,2,4,0,2,8,0,8,6,0,2,0,12,2,8,0,0,2,0,0,2,2,8,4,4,18,2,8,2,4,28,4,4,4,20,6,6,10,4,14,8,18,0,8,0,0,0,2,0,10,0,2,0,0,14,8,0,0,0,4,2,12,4,0,8,2,6,10,0,6,2,0,0,20,22,18,0,0,0,0,0,0,8,2,0,0,0,2,0,0,0,2,10,4,0,10,14,10,4,0,2,0,4,0,0,92,2,12
0,0,0,0,0,4,6,6,14,0,26,4,8,0,0,0,62,4,20,0,0,8,0,2,0,4,8,6,6,0,2,0,0,6,10,0,2,2,8,0,8,16,0,0,0,0,4,6,18,12,0,0,2,6,0,2,20,0,4,4,20,14,2,6,6,18,4,18,2,8,8,6,2,0,4,10,0,2,0,0,10,0,0,0,0,0,0,4,16,4,6,0,0,44,0,0,12,0,2,18,32,18,0,0,0,0,0,2,2,4,4,10,2,8,0,10,4,4,14,2,2,10,8,6,10,4,0,4,2,6,14,86,12,4
2,2,0,2,0,8,0,0,12,8,18,8,8,0,0,0,72,6,22,10,6,0,2,0,4,4,6,6,2,0,2,6,0,10,38,2,4,0,8,0,12,12,6,2,6,0,2,4,10,12,0,0,10,0,12,22,8,4,2,6,14,32,4,16,6,4,10,26,4,12,2,8,4,4,2,22,0,0,0,2,14,4,0,2,2,2,0,2,6,0,6,0,8,26,2,4,0,4,2,20,12,40,4,0,2,0,0,2,6,2,0,4,4,6,8,0,6,2,16,0,0,6,8,0,12,4,2,6,4,10,22,80,4,0
0,0,0,0,0,2,4,2,8,0,22,2,2,0,0,0,74,10,12,4,0,8,0,2,0,0,10,14,10,0,0,2,4,6,16,6,2,6,18,0,8,8,0,0,0,0,4,12,8,34,0,0,2,12,4,8,30,6,4,2,10,12,0,4,14,22,8,50,6,12,8,6,2,0,0,18,0,6,0,2,4,0,2,0,10,4,4,6,4,0,6,0,0,38,0,0,8,0,0,30,16,22,0,0,2,0,0,0,14,4,4,6,0,0,8,4,4,0,20,4,0,12,8,12,2,2,2,8,10,0,8,72,8,0
2,0,0,4,2,4,2,0,12,0,26,8,0,2,0,0,62,8,14,0,2,8,2,0,0,2,4,4,14,0,2,2,0,8,24,4,14,6,8,2,18,2,0,0,0,2,10,8,10,2,10,6,0,0,2,0,26,4,4,2,8,24,2,16,4,6,8,8,10,12,2,16,6,4,0,16,2,0,4,0,10,0,2,2,18,0,2,2,6,0,4,0,0,24,0,2,0,4,0,38,8,16,6,0,0,0,0,2,2,6,2,6,8,4,0,0,2,10,18,4,6,8,2,6,6,6,6,40,12,0,8,98,2,0
2,6,0,0,0,6,4,2,6,0,26,0,4,0,0,2,56,14,10,8,8,4,2,0,4,0,8,6,14,0,4,4,0,6,16,2,2,4,14,2,6,2,0,0,0,0,4,14,12,4,8,0,2,0,0,2,30,4,0,6,8,26,0,10,4,10,2,28,2,8,10,12,6,2,0,4,0,0,0,0,8,0,6,2,8,12,2,0,10,2,2,0,0,58,0,8,12,6,0,12,12,10,0,0,0,6,2,0,0,2,0,6,16,0,2,2,0,10,10,8,4,18,12,20,2,2,0,2,8,0,0,112,8,0
0,14,2,8,4,10,26,0,20,0,10,8,18,0,0,0,52,6,4,2,6,4,6,0,10,4,12,22,12,2,4,2,8,6,30,0,4,2,16,2,14,2,0,0,0,0,2,4,12,100,0,0,4,8,0,0,16,2,6,4,10,22,2,18,4,4,10,42,4,12,2,10,0,2,2,4,0,2,2,0,6,0,0,4,10,4,0,6,6,2,0,2,0,40,2,2,0,6,4,18,16,16,0,0,0,2,0,0,2,8,8,2,6,10,22,4,0,6,4,2,4,14,4,8,2,4,0,2,8,16,10,64,20,0
0,0,0,2,0,20,14,0,12,0,24,2,2,0,0,0,64,4,12,0,2,4,2,2,6,8,2,6,12,4,6,4,2,12,20,2,2,0,8,0,6,0,0,0,0,0,2,10,4,42,8,0,2,2,0,0,16,4,6,2,12,14,2,12,6,24,18,18,2,14,0,0,4,0,4,16,0,0,0,0,6,0,0,0,14,6,6,2,14,0,6,0,0,26,2,2,4,2,0,18,10,0,2,0,0,2,0,4,4,2,10,4,2,10,0,0,0,6,10,0,4,32,18,8,0,2,2,0,4,4,0,70,16,0
0,2,0,0,0,20,14,0,6,0,28,0,8,2,0,0,62,10,10,0,4,2,8,6,2,2,10,18,10,2,0,2,2,10,42,8,4,4,6,4,12,4,0,0,0,2,0,4,14,60,6,10,2,12,6,6,16,12,6,6,20,28,2,18,4,10,28,26,0,8,8,6,6,0,2,12,6,4,0,0,16,2,0,0,12,8,2,4,12,2,2,0,0,16,2,2,8,2,0,26,12,34,8,2,18,16,0,8,4,2,2,10,12,16,4,0,0,10,26,0,4,6,12,12,6,0,0,2,6,10,0,126,8,0
0,6,2,0,0,14,8,0,12,0,36,2,10,0,0,0,66,8,2,12,8,4,0,4,4,4,10,2,20,0,0,2,0,12,20,0,2,8,10,2,6,2,2,0,2,0,0,4,16,32,0,0,2,6,8,14,16,0,2,6,10,20,0,22,6,22,20,18,4,8,0,2,0,0,4,16,0,0,2,0,8,0,0,0,18,2,2,6,10,2,2,0,0,18,2,0,4,2,8,32,8,46,2,4,4,0,0,2,0,2,0,4,4,4,4,0,0,14,24,2,2,14,12,12,6,0,2,0,4,2,0,76,12,0
0,2,0,0,0,24,6,0,22,0,0,0,4,4,0,0,0,10,16,0,0,8,0,2,2,20,0,0,0,2,2,8,4,8,8,2,0,6,0,0,2,0,0,4,0,2,4,0,6,30,4,4,2,0,0,0,14,8,0,2,2,12,0,2,2,2,4,18,10,8,8,6,4,18,4,18,0,0,2,0,6,6,2,0,4,0,4,0,0,0,0,0,0,10,0,0,0,0,0,0,0,36,0,0,2,6,0,4,0,0,0,2,2,0,0,0,0,0,0,0,0,0,0,0,0,0,0,0,0,0,0,0,0,0
0,2,0,0,0,0,0,0,10,0,0,0,6,0,0,0,0,6,18,2,6,2,8,6,10,4,0,0,0,2,6,0,2,12,28,4,2,4,0,0,12,0,4,4,4,4,0,2,0,40,4,0,6,2,6,4,24,6,6,2,4,18,0,34,6,2,4,20,12,12,0,2,4,4,6,12,0,0,0,0,0,0,12,4,8,2,0,0,0,0,0,0,0,14,0,0,0,2,0,0,0,30,4,8,2,2,0,4,0,0,0,2,0,0,0,0,0,0,0,0,0,0,0,0,0,0,0,0,0,0,0,0,0,0
0,4,0,0,0,0,0,0,12,0,0,0,10,0,0,0,0,2,40,8,4,4,2,4,4,6,0,0,0,2,0,6,0,6,12,0,2,0,0,0,10,0,2,0,0,0,0,4,6,44,0,12,6,4,12,4,22,8,4,8,6,12,0,24,6,16,6,26,4,14,8,10,0,8,6,16,0,0,0,0,8,6,10,16,22,0,2,0,0,0,0,0,0,14,0,0,0,2,0,0,0,8,2,0,4,0,0,2,0,0,0,6,0,0,0,4,0,0,0,0,0,0,0,0,0,0,0,0,0,0,0,0,0,0
0,6,0,0,0,0,0,0,20,0,0,0,2,0,0,0,0,6,2,4,6,0,2,2,2,4,0,0,0,4,8,14,8,10,22,0,4,0,0,0,6,0,0,4,0,0,4,2,2,22,0,0,6,2,20,14,14,4,12,0,4,16,0,24,12,12,12,4,8,10,6,8,10,0,2,12,0,2,0,0,10,2,6,0,10,4,0,0,0,0,0,0,0,2,0,0,0,4,0,0,0,20,0,0,0,0,0,0,0,0,0,2,10,0,0,0,0,0,0,0,0,0,0,0,0,0,0,0,0,0,0,0,0,0
0,2,0,0,0,0,0,0,8,0,0,0,2,0,0,0,0,22,10,2,0,2,0,4,0,6,0,0,0,0,4,8,0,40,8,0,0,0,0,0,28,0,0,0,0,0,2,10,8,16,0,2,0,10,0,0,0,8,12,8,6,36,0,0,6,26,14,14,0,36,2,8,0,4,0,20,4,2,0,0,2,14,0,4,0,6,6,0,0,0,0,0,0,0,0,0,0,0,0,0,0,0,0,0,0,0,0,0,0,0,0,0,0,0,0,0,0,0,0,0,0,0,0,0,0,0,0,0,0,0,0,0,0,0
0,0,0,0,0,0,0,0,0,0,0,0,6,0,0,0,0,8,6,2,0,4,0,0,4,4,0,0,0,2,0,0,0,2,16,2,0,0,0,0,0,0,0,0,0,2,4,8,18,42,6,2,12,10,8,2,0,4,8,2,4,28,0,0,10,20,8,36,8,12,0,0,2,0,0,6,0,2,10,2,2,4,0,0,16,0,6,0,0,0,0,0,0,0,0,0,0,0,0,0,0,0,0,0,0,0,0,0,0,0,0,0,0,0,0,0,0,0,0,0,0,0,0,0,0,0,0,0,0,0,0,0,0,0
0,0,0,0,0,0,0,0,0,0,0,4,6,2,0,0,0,8,4,0,10,4,2,2,2,2,0,0,0,0,2,2,0,10,14,6,0,4,0,0,8,0,16,2,2,8,4,0,14,14,8,0,4,2,8,4,0,2,12,2,4,16,0,0,0,14,12,40,10,14,2,6,0,10,0,14,0,10,0,0,8,6,10,2,0,6,8,0,0,0,0,0,0,0,0,0,0,0,0,0,0,0,0,0,0,0,0,0,0,0,0,0,0,0,0,0,0,0,0,0,0,0,0,0,0,0,0,0,0,0,0,0,0,0
0,4,0,0,0,0,0,0,0,0,0,0,2,0,0,0,0,6,22,2,2,0,0,0,4,6,0,0,0,8,16,10,4,8,12,8,0,6,0,0,6,0,0,0,0,0,0,2,2,6,0,0,0,0,0,2,0,6,8,4,8,22,0,0,2,16,10,36,4,18,0,0,4,24,0,0,0,6,0,0,8,4,42,0,0,0,4,0,0,0,0,0,0,0,0,0,0,0,0,0,0,0,0,0,0,0,0,0,0,0,0,0,0,0,0,0,0,0,0,0,0,0,0,0,0,0,0,0,0,0,0,0,0,0
0,0,0,0,0,2,6,2,14,0,30,8,0,2,0,0,72,6,16,2,18,8,0,4,0,0,6,6,20,0,2,2,0,8,0,24,2,2,2,0,12,0,0,0,0,2,6,6,4,0,2,0,0,0,2,0,28,0,0,2,10,14,2,0,2,10,4,10,0,10,0,2,2,6,0,0,2,2,0,0,20,0,0,0,4,4,6,8,2,2,16,0,0,32,0,0,8,0,0,6,62,8,2,0,2,0,0,0,6,28,0,0,2,0,0,2,0,0,8,0,0,12,8,4,2,0,0,4,2,2,2,66,2,12
0,0,0,0,0,0,2,6,2,0,22,10,2,0,2,0,70,0,8,0,2,4,2,6,0,0,12,4,8,6,8,0,8,6,20,12,0,2,4,0,4,2,0,0,2,0,4,2,6,16,0,0,0,0,0,0,8,2,0,2,2,12,4,0,6,12,0,20,2,6,2,4,4,4,0,6,0,0,0,2,8,2,6,0,0,4,0,4,4,0,10,0,0,18,0,4,2,4,0,14,30,6,6,0,0,4,0,2,6,10,0,2,8,2,0,2,16,2,24,0,0,6,2,0,4,4,2,4,2,16,12,62,4,10
2,0,0,0,0,8,8,2,6,0,28,2,2,2,0,0,56,2,12,0,0,0,0,0,0,2,12,16,14,2,0,4,6,12,16,10,4,0,4,0,4,0,0,2,0,2,4,4,2,6,0,0,0,0,0,0,18,0,0,4,0,6,6,0,2,6,2,14,6,6,0,8,0,4,2,14,0,0,0,0,12,0,2,4,4,8,0,4,4,0,6,0,4,22,2,2,2,12,0,26,46,6,4,0,0,2,0,2,6,10,0,4,8,4,6,2,16,12,18,4,0,8,12,14,2,2,2,20,10,2,8,92,4,6
0,0,0,0,0,0,2,8,0,8,10,10,2,0,0,0,54,4,0,4,12,0,0,0,2,8,4,2,6,0,0,0,2,6,26,6,6,0,8,8,2,0,0,0,0,2,0,6,4,30,2,0,0,0,0,0,10,0,0,4,10,12,8,0,10,10,12,24,4,8,0,0,2,0,2,20,0,10,2,2,12,0,2,0,2,2,4,6,10,2,16,2,0,38,0,2,0,0,2,16,16,2,2,0,0,0,0,4,4,10,0,6,2,20,8,0,14,0,8,0,0,8,8,6,6,2,0,0,10,0,10,58,12,6
0,0,0,0,0,4,0,2,10,0,34,4,8,0,0,0,74,2,16,2,0,0,0,2,2,0,16,4,10,2,6,2,4,2,18,2,6,0,10,2,2,0,4,8,0,6,6,16,10,16,0,0,0,2,4,0,12,2,2,0,20,20,4,8,4,24,4,34,2,6,0,2,2,14,0,6,0,6,0,0,10,0,6,0,10,2,2,2,12,0,6,2,2,40,0,2,20,0,0,22,30,32,4,0,0,0,0,6,8,16,0,2,2,0,16,6,10,2,8,2,2,18,6,2,4,10,0,2,8,10,8,98,2,8
0,10,0,2,0,6,4,0,6,4,22,18,4,0,0,4,68,4,8,0,0,6,0,2,4,0,16,2,16,0,8,8,4,2,16,4,0,8,24,4,0,0,0,2,0,2,10,2,16,4,0,0,0,4,0,0,10,0,0,8,8,20,2,16,4,18,6,24,6,8,0,0,6,14,0,10,0,6,4,0,10,2,0,2,6,6,2,8,6,0,8,2,2,46,0,2,2,0,2,38,32,8,4,0,0,0,0,6,16,4,0,2,12,4,0,0,0,8,26,0,6,6,26,12,4,0,0,6,2,0,12,50,2,2
0,0,0,0,0,4,10,0,2,0,26,6,2,0,0,0,48,12,6,2,0,6,2,4,2,0,6,0,6,0,0,2,4,12,34,0,2,2,2,0,0,0,0,0,0,2,2,4,2,0,0,24,4,6,0,2,14,0,0,2,2,26,4,4,2,2,12,0,6,6,2,4,2,6,0,4,0,0,0,0,10,0,6,2,16,6,4,4,2,2,6,0,0,34,4,4,2,2,0,36,18,8,4,0,6,0,0,2,2,4,0,2,0,8,0,2,0,4,12,0,2,10,8,10,2,8,0,4,4,10,12,88,8,6
0,0,2,0,0,0,0,2,4,0,2,6,4,0,0,0,76,2,24,6,0,8,0,0,0,2,0,4,26,4,2,4,2,10,22,0,6,4,16,8,2,0,4,0,0,2,0,0,2,12,0,2,2,0,0,2,12,0,0,12,16,28,0,2,2,2,18,26,6,12,4,2,4,12,2,16,0,4,0,2,8,2,0,0,8,6,2,8,0,0,16,4,0,28,0,4,14,12,0,46,14,24,8,0,2,0,0,4,4,6,6,8,4,20,14,0,0,4,28,4,0,10,8,4,2,2,0,4,8,4,6,82,8,8
0,0,0,0,0,2,8,10,28,0,16,10,8,0,0,0,76,16,34,0,4,8,0,4,2,2,14,8,12,0,6,6,6,2,10,0,4,8,4,0,4,0,0,0,0,0,0,2,8,34,4,10,0,4,0,2,6,0,0,4,8,12,4,6,12,8,12,12,4,12,2,6,0,4,2,12,4,10,4,4,8,6,2,0,14,2,0,2,4,0,6,0,0,36,2,12,6,2,2,50,8,32,4,0,8,4,0,6,8,0,0,6,4,16,0,0,0,4,8,2,2,14,8,4,8,2,0,2,10,10,4,60,4,6
0,0,2,6,0,8,20,0,8,0,20,0,2,0,0,0,50,4,2,4,4,4,2,0,8,4,4,2,6,8,6,8,4,4,10,14,0,2,16,0,0,2,0,0,0,2,6,10,8,8,0,0,2,8,0,0,6,0,0,0,4,24,2,6,2,10,26,30,8,10,0,6,0,0,2,10,0,4,0,0,2,0,8,6,16,6,0,2,2,2,12,0,2,26,0,2,4,4,0,38,10,42,10,8,4,8,2,8,0,2,8,4,0,10,10,8,0,10,24,0,4,12,8,6,0,8,2,32,4,6,12,76,4,10
0,0,0,2,0,2,2,0,8,2,38,4,6,0,0,0,56,10,2,6,6,6,2,4,2,4,14,0,4,2,6,14,8,6,12,12,0,0,2,0,0,0,0,2,0,6,10,16,14,22,2,0,4,0,2,0,10,0,0,2,6,36,0,6,4,24,12,16,10,10,0,8,6,6,0,16,0,0,0,0,12,0,2,2,10,0,2,0,4,0,6,0,0,34,2,0,8,0,2,20,18,18,0,0,2,18,0,2,4,4,0,10,4,18,8,4,0,6,16,0,0,4,12,8,2,0,0,4,0,2,2,70,8,16
0,8,0,0,0,0,10,10,14,0,28,10,4,2,0,0,62,8,22,2,0,14,0,2,0,2,6,6,0,2,2,8,8,4,12,2,2,0,10,0,0,0,0,0,0,0,0,2,4,52,2,2,8,6,2,2,10,2,0,2,4,18,2,10,0,12,8,34,2,14,8,4,2,2,0,6,0,0,0,2,8,0,6,0,14,0,2,4,12,0,22,2,4,42,0,0,10,0,0,32,8,56,2,0,10,0,0,6,6,4,22,2,0,20,6,6,0,6,24,0,2,18,8,12,6,4,4,6,6,10,8,92,12,12
2,8,0,0,0,0,34,20,6,0,0,0,2,0,0,0,0,0,10,10,2,4,2,0,2,2,0,0,0,0,0,4,0,6,8,4,2,0,0,0,2,0,4,10,0,0,0,6,10,4,2,0,0,0,4,0,6,2,0,4,2,26,0,10,0,8,8,26,6,16,8,8,6,6,2,8,2,0,0,0,6,0,10,2,6,0,0,0,0,0,0,0,0,10,0,0,0,0,0,0,0,6,2,4,0,12,2,2,0,0,0,4,6,0,0,4,0,0,0,0,0,0,0,0,0,0,0,0,0,0,0,0,0,0
4,2,0,0,0,0,14,20,20,0,0,6,2,2,0,0,0,20,4,0,2,4,0,4,10,12,0,0,0,4,6,4,10,6,10,6,2,0,0,0,0,0,0,0,0,0,0,2,2,28,0,0,2,0,4,2,0,12,8,4,4,32,0,10,6,2,4,22,10,12,2,2,6,0,2,18,0,2,2,2,6,0,2,2,4,0,10,0,0,0,0,0,0,4,0,0,0,0,0,0,0,22,2,0,8,0,0,6,0,0,0,10,4,0,0,0,0,0,0,0,0,0,0,0,0,0,0,0,0,0,0,0,0,0
2,2,0,0,0,0,0,0,6,0,0,6,0,2,0,0,0,12,30,0,4,8,2,0,2,0,0,0,0,0,2,4,10,8,18,2,2,4,0,0,0,0,0,2,0,4,6,6,8,16,2,0,6,2,2,0,26,0,2,0,12,20,0,10,2,16,10,0,12,8,4,0,4,18,4,18,6,4,2,4,8,6,0,0,6,0,2,0,0,0,0,0,0,22,0,0,0,2,0,0,0,38,0,2,4,0,0,6,0,0,0,2,8,0,0,2,0,0,0,0,0,0,0,0,0,0,0,0,0,0,0,0,0,0
0,12,0,0,0,0,0,0,8,0,0,2,6,0,0,0,0,0,16,2,4,4,0,2,6,10,0,0,0,0,8,16,10,12,18,0,0,6,0,0,0,0,6,0,0,0,4,4,10,58,2,10,0,0,0,2,6,0,0,0,4,14,0,10,12,12,14,40,8,10,2,4,6,6,6,6,4,4,6,4,6,0,0,2,6,2,2,0,0,0,0,0,0,6,0,0,0,10,0,0,0,18,0,0,0,2,0,4,0,0,0,0,2,0,0,0,0,0,0,0,0,0,0,0,0,0,0,0,0,0,0,0,0,0
0,0,0,0,0,0,0,0,0,0,0,2,8,0,0,0,0,2,0,0,4,4,0,6,14,14,0,0,0,2,0,6,2,0,24,8,0,4,0,2,4,0,0,2,0,0,0,10,12,10,0,0,4,0,0,0,0,0,2,2,0,38,0,2,4,10,4,4,14,20,2,2,2,0,0,0,0,2,2,0,8,16,10,12,0,0,2,0,0,0,0,0,0,0,0,0,0,0,0,0,0,0,0,0,0,0,0,0,0,0,0,0,0,0,0,0,0,0,0,0,0,0,0,0,0,0,0,0,0,0,0,0,0,0
0,10,0,0,0,0,0,0,0,0,0,4,8,0,0,0,0,4,4,0,4,0,0,0,16,12,0,0,0,0,8,10,22,14,8,4,2,0,0,2,2,0,2,0,0,2,14,8,8,26,2,2,0,12,0,0,0,0,4,2,2,28,0,0,0,14,12,2,4,18,0,2,6,20,0,20,4,0,0,0,6,2,0,6,0,2,2,0,0,0,0,0,0,0,0,0,0,0,0,0,0,0,0,0,0,0,0,0,0,0,0,0,0,0,0,0,0,0,0,0,0,0,0,0,0,0,0,0,0,0,0,0,0,0
0,0,0,0,0,0,0,0,0,0,0,0,4,0,0,0,0,12,4,0,2,0,0,8,2,2,0,0,0,2,14,12,4,0,4,2,8,0,0,0,0,0,0,0,0,0,4,4,4,54,2,0,14,4,4,4,0,0,0,2,6,20,0,0,0,2,8,4,8,18,0,4,10,0,10,4,0,4,10,0,2,2,20,2,0,0,10,0,0,0,0,0,0,0,0,0,0,0,0,0,0,0,0,0,0,0,0,0,0,0,0,0,0,0,0,0,0,0,0,0,0,0,0,0,0,0,0,0,0,0,0,0,0,0
0,0,0,0,0,0,0,0,0,0,0,0,2,0,0,0,0,6,6,0,2,0,0,4,2,4,0,0,0,6,2,10,6,6,28,8,0,2,0,0,2,0,0,2,0,6,0,8,8,10,8,0,0,4,4,8,0,0,0,2,2,22,0,0,2,6,8,24,10,10,0,2,6,22,0,0,2,0,4,2,4,0,4,6,0,0,6,0,0,0,0,0,0,0,0,0,0,0,0,0,0,0,0,0,0,0,0,0,0,0,0,0,0,0,0,0,0,0,0,0,0,0,0,0,0,0,0,0,0,0,0,0,0,0
0,0,0,0,0,0,4,0,16,0,24,10,4,0,8,2,88,2,4,2,0,4,0,2,0,0,12,8,0,2,0,0,0,0,2,10,2,0,12,0,4,8,0,4,2,6,10,12,20,2,0,4,2,0,4,0,26,0,0,2,12,10,4,0,0,20,10,0,0,4,8,0,2,0,0,2,0,0,0,4,16,0,0,2,4,0,4,20,6,0,20,0,0,28,2,0,24,0,0,2,26,18,8,4,10,18,2,2,4,4,0,4,6,6,18,0,4,2,24,0,2,10,6,6,4,0,0,4,2,6,2,84,6,10
2,0,0,2,0,2,8,4,0,4,26,4,14,0,8,2,58,2,0,0,4,2,0,0,0,0,4,6,0,0,6,2,0,4,10,4,0,2,8,0,2,2,0,0,2,2,4,8,4,4,0,0,6,2,0,2,0,0,2,2,14,8,6,0,4,18,2,38,0,6,0,0,2,8,0,0,0,0,2,0,2,0,0,6,2,4,4,2,4,0,10,2,2,22,0,2,0,0,0,12,22,18,8,2,6,14,0,2,2,16,0,6,8,8,6,6,6,6,16,2,0,6,8,4,2,0,0,6,12,20,10,76,10,10
0,0,0,0,0,6,20,6,12,0,18,2,10,0,0,6,82,20,20,0,0,4,2,0,0,0,12,0,20,4,0,0,0,0,16,10,4,0,8,2,8,4,0,2,0,0,2,2,6,4,2,0,0,0,0,0,12,2,0,4,12,16,2,0,6,22,8,38,4,4,2,2,0,0,0,6,0,2,4,0,4,2,2,0,10,8,0,2,2,0,16,0,0,36,0,2,0,4,2,22,16,2,4,0,0,2,0,4,18,6,2,4,0,16,16,0,12,2,16,0,4,24,8,10,6,0,0,10,6,8,0,102,8,2
2,2,0,0,0,0,6,0,10,0,14,10,8,2,0,0,78,6,10,2,4,6,0,4,0,0,4,16,0,0,4,10,8,0,18,4,0,0,10,0,4,4,0,0,0,0,0,18,6,24,0,10,2,2,6,2,14,2,0,0,8,22,4,0,8,20,10,18,4,10,0,0,4,10,0,4,0,0,0,0,8,2,0,2,4,10,0,0,6,2,8,0,0,38,2,2,12,2,0,24,20,20,0,4,12,4,0,2,14,0,14,2,0,6,10,6,0,6,28,0,2,14,6,18,6,2,0,0,0,2,6,68,0,8
0,0,0,0,0,12,50,4,4,2,12,4,6,0,0,0,56,4,4,2,16,0,0,0,2,8,2,0,4,4,4,0,4,0,10,4,4,2,2,0,2,2,0,0,0,2,0,2,6,12,0,0,2,2,2,0,20,0,0,4,10,16,4,6,6,18,14,18,8,12,2,2,4,4,0,8,4,2,0,6,10,2,0,0,6,2,6,2,6,0,6,0,2,32,6,2,4,8,0,16,8,28,4,2,2,2,0,4,14,4,0,8,10,0,2,2,6,2,22,0,6,14,18,2,6,0,2,2,6,16,14,76,14,12
0,2,0,0,0,0,16,2,10,0,20,6,0,2,0,0,74,2,8,4,0,6,0,0,22,8,2,8,6,0,2,6,2,0,8,4,0,4,14,0,8,0,0,0,0,0,0,4,8,40,2,10,4,8,4,6,10,0,0,6,16,12,2,2,0,4,8,6,6,10,2,2,4,0,0,30,6,0,0,0,4,0,0,0,6,12,0,2,4,0,22,0,0,42,2,6,4,6,2,28,12,12,4,0,0,10,0,10,0,2,2,4,2,0,0,2,6,8,12,0,8,12,8,22,2,2,8,8,4,14,22,98,6,6
0,2,0,0,0,0,8,0,6,0,36,14,12,0,0,0,48,2,0,10,2,2,0,0,2,2,6,6,24,6,4,2,0,4,10,0,8,0,4,0,0,0,0,4,0,2,2,4,2,44,16,0,2,2,0,0,16,0,0,8,6,8,2,2,4,44,6,2,8,10,2,0,6,10,0,10,0,0,2,8,20,0,0,2,8,2,0,4,2,2,20,2,0,48,0,10,4,2,6,36,14,10,4,0,0,0,0,6,4,12,0,2,6,8,0,0,0,4,12,2,0,16,10,14,4,2,8,10,12,8,16,118,10,0
0,2,0,0,0,4,6,10,0,0,10,0,14,0,0,0,84,4,0,2,6,4,0,0,12,18,2,6,4,0,4,0,2,0,10,0,2,0,6,0,0,4,0,2,2,6,2,2,10,14,2,0,2,2,0,0,14,0,0,2,8,18,2,0,2,12,12,4,6,8,2,0,0,0,4,0,0,2,4,4,10,4,8,4,16,6,0,2,16,6,10,0,0,40,0,2,4,2,2,48,30,0,6,6,8,6,2,10,4,4,0,4,10,8,0,0,0,8,10,0,4,22,12,6,2,2,0,6,8,10,12,62,6,0
0,4,0,0,0,4,8,2,18,0,10,6,20,6,0,2,74,2,6,2,0,4,2,2,0,0,6,2,2,0,10,12,0,12,2,0,2,0,10,8,2,0,0,0,2,2,2,2,10,16,2,0,2,6,0,0,6,0,2,0,12,10,4,0,10,30,8,12,2,10,4,4,2,2,0,14,0,0,0,4,4,2,2,2,8,0,4,6,2,4,8,2,0,34,0,4,8,6,0,50,22,20,20,0,6,6,0,6,4,0,4,2,4,22,0,0,0,4,30,0,2,10,28,10,0,4,0,0,2,8,8,104,6,0
0,8,0,0,0,4,4,4,10,0,14,0,18,0,0,4,82,12,8,0,8,0,2,4,2,6,0,8,8,4,0,2,2,2,24,6,0,6,10,4,4,0,0,0,0,0,0,2,6,22,0,0,8,6,0,0,10,0,0,0,4,40,10,4,2,8,0,12,6,12,4,4,6,0,2,0,2,2,0,0,12,0,10,0,4,0,0,0,6,2,8,0,0,24,0,4,0,0,2,40,10,4,8,0,4,12,0,2,2,8,0,8,8,4,0,0,0,6,28,2,2,4,6,28,8,2,0,2,6,28,12,88,10,0
0,2,2,0,2,2,16,0,16,0,28,0,4,2,0,6,66,10,20,2,2,2,0,2,0,0,4,4,2,6,14,14,2,2,6,0,0,0,6,2,0,0,0,0,0,0,6,4,12,20,0,2,8,2,0,0,6,0,2,0,10,6,2,10,12,14,0,0,6,10,0,2,2,0,0,4,6,2,2,0,4,4,4,6,2,12,0,2,12,6,2,0,0,28,0,0,2,2,0,32,4,30,6,0,0,2,2,4,8,8,0,6,12,40,8,10,0,12,26,2,4,36,16,8,2,8,0,4,4,10,0,102,8,0
0,6,0,0,0,6,24,4,4,2,36,8,0,0,0,0,60,6,2,2,2,2,0,2,2,2,10,8,6,0,4,8,0,0,2,4,6,2,14,10,0,0,0,2,0,2,2,2,0,2,0,0,2,0,0,0,8,0,4,2,4,20,0,4,0,0,8,24,4,10,8,4,6,0,0,2,24,0,2,0,2,2,0,0,2,4,0,4,2,0,12,0,0,16,2,0,10,6,0,16,2,26,10,16,20,16,6,12,12,2,0,8,0,32,8,2,0,10,14,0,8,20,12,8,4,2,2,2,2,14,4,32,8,0
0,8,0,0,0,8,72,0,10,0,0,2,6,0,0,0,0,2,4,0,8,2,0,2,6,6,0,0,0,0,12,18,12,2,2,0,6,0,0,4,2,0,0,0,0,0,2,4,4,26,0,2,4,0,0,0,2,0,0,0,4,16,0,2,0,8,8,2,8,10,2,0,6,8,0,2,6,6,2,0,2,0,2,2,8,0,10,0,0,0,0,0,0,12,0,0,0,4,0,0,0,26,4,0,6,0,0,4,0,0,0,8,0,22,0,0,0,0,0,0,0,0,0,0,0,0,0,0,0,0,0,0,0,0
0,4,0,0,0,0,0,0,10,0,0,0,4,0,0,0,0,16,22,4,4,8,2,4,6,12,0,0,0,0,6,4,0,4,18,6,2,0,0,0,0,0,0,0,0,0,2,4,2,20,0,0,6,2,2,6,8,2,0,0,0,4,0,2,2,10,6,10,14,20,2,6,2,32,0,2,2,0,6,4,4,2,14,2,8,8,6,0,0,0,0,0,2,12,0,0,0,12,0,0,0,24,18,0,26,22,0,16,0,0,0,6,2,0,0,6,0,0,0,0,0,0,0,0,0,0,0,0,0,0,0,0,0,0
0,0,0,0,0,0,0,0,8,0,0,2,0,0,0,0,0,14,24,2,8,4,0,0,4,2,0,0,0,0,2,0,0,0,16,2,0,8,0,4,0,0,0,0,0,0,0,4,8,48,2,2,8,8,0,0,20,0,4,2,0,4,0,10,2,4,4,14,10,10,6,2,4,0,0,0,2,6,2,0,4,8,14,8,4,2,6,0,0,0,0,0,2,14,0,0,0,2,0,0,0,26,4,0,6,10,0,4,0,0,0,4,0,0,0,0,0,0,0,0,0,0,0,0,0,0,0,0,0,0,0,0,0,0
0,2,0,0,0,0,0,0,14,0,0,0,2,4,0,0,0,10,10,4,4,2,4,0,0,0,0,0,0,4,8,10,10,2,14,4,4,0,0,0,0,0,4,2,0,20,8,2,10,2,4,10,6,0,6,6,10,6,2,4,6,10,0,10,8,32,14,0,8,14,6,2,2,0,4,0,2,6,2,0,2,6,24,2,8,4,2,0,0,0,0,0,0,2,0,0,0,4,0,0,0,26,16,14,10,8,0,10,0,0,0,4,0,0,0,6,0,0,0,0,0,0,0,0,0,0,0,0,0,0,0,0,0,0
0,0,0,0,0,0,0,0,0,0,0,0,4,0,0,0,0,4,10,0,8,14,0,2,20,10,0,0,0,2,6,12,0,0,12,6,0,0,0,2,2,0,2,2,2,2,8,10,10,34,0,0,8,10,2,0,0,2,0,0,4,10,0,0,6,0,4,28,6,12,14,2,6,0,0,2,0,4,10,0,6,4,4,2,0,2,0,0,0,0,0,0,0,0,0,0,0,0,0,0,0,0,0,0,0,0,0,0,0,0,0,0,0,0,0,0,0,0,0,0,0,0,0,0,0,0,0,0,0,0,0,0,0,0
0,0,0,0,0,0,0,0,0,0,0,0,14,4,0,0,0,4,26,0,2,0,0,2,4,4,0,0,0,8,8,4,0,0,2,0,0,4,0,0,2,0,2,0,0,4,2,2,0,14,0,16,6,2,10,8,0,0,0,2,6,40,0,0,12,16,18,12,10,10,0,0,14,4,0,2,0,2,4,0,2,0,6,2,0,0,2,0,0,0,0,0,0,0,0,0,0,0,0,0,0,0,0,0,0,0,0,0,0,0,0,0,0,0,0,0,0,0,0,0,0,0,0,0,0,0,0,0,0,0,0,0,0,0
0,0,0,0,0,0,0,0,0,0,0,0,0,0,0,0,0,4,0,2,0,4,2,0,2,2,0,0,0,2,10,6,6,0,4,8,0,2,0,0,0,0,4,4,0,8,0,2,4,22,0,0,0,2,0,2,0,0,0,8,2,12,0,0,0,8,4,0,12,12,0,8,6,0,2,2,0,2,2,6,12,0,4,4,0,0,0,0,0,0,0,0,0,0,0,0,0,0,0,0,0,0,0,0,0,0,0,0,0,0,0,0,0,0,0,0,0,0,0,0,0,0,0,0,0,0,0,0,0,0,0,0,0,0
0,0,0,0,0,0,0,0,0,0,0,0,0,0,0,0,0,0,14,8,2,0,0,4,8,10,0,0,0,0,2,6,0,0,8,0,0,2,0,2,0,0,2,2,0,0,2,2,0,20,2,0,0,0,2,10,0,0,0,0,0,20,0,0,6,8,0,10,16,10,0,0,12,8,2,0,4,0,10,6,4,2,10,4,0,0,6,0,0,0,0,0,0,0,0,0,0,0,0,0,0,0,0,0,0,0,0,0,0,0,0,0,0,0,0,0,0,0,0,0,0,0,0,0,0,0,0,0,0,0,0,0,0,0
10,0,0,0,0,0,10,0,10,0,8,8,0,2,0,0,60,2,0,0,0,2,0,4,0,0,10,16,4,0,4,6,0,8,4,4,2,0,6,0,4,32,0,0,0,2,4,4,6,2,0,0,0,0,0,0,18,0,2,0,4,12,0,2,6,8,8,0,2,4,2,4,4,6,0,2,0,0,0,0,12,4,0,2,2,10,4,12,2,2,18,2,0,8,2,6,8,0,2,6,46,20,28,4,12,20,2,16,2,10,6,0,2,20,6,0,2,2,14,0,2,6,4,8,2,4,12,4,8,0,2,124,6,6
2,0,0,2,0,8,22,0,16,0,24,6,4,0,0,4,48,4,6,0,6,0,0,6,0,2,8,10,8,2,4,0,6,18,10,0,2,0,2,0,0,2,0,0,0,2,6,2,0,52,2,0,14,0,0,0,4,0,0,6,2,14,0,0,0,8,10,0,0,6,0,4,2,30,0,0,0,6,0,0,6,16,2,0,6,2,2,0,2,0,20,6,0,12,0,8,4,0,4,12,32,0,14,0,34,34,6,26,6,10,4,8,26,14,10,4,0,2,14,2,0,14,10,16,4,2,0,0,14,4,2,50,14,4
0,0,0,0,0,2,16,6,8,0,12,12,4,0,0,0,84,8,0,0,2,0,0,0,4,2,12,20,4,0,4,0,4,0,0,2,0,0,16,0,2,0,0,0,0,0,2,2,0,46,2,4,6,6,6,0,12,0,0,0,6,12,0,2,0,6,10,0,2,4,2,2,0,16,0,0,0,2,0,0,14,0,0,0,0,8,4,12,8,2,20,0,2,26,4,6,14,0,0,12,20,4,14,2,10,24,6,14,10,6,4,0,2,36,0,0,0,2,12,2,2,16,12,8,0,2,6,14,8,4,0,104,22,6
0,2,0,0,0,0,0,10,0,0,16,10,2,0,0,0,62,4,6,4,0,0,0,2,4,2,6,0,10,2,4,8,0,10,10,2,0,0,4,0,4,0,0,0,0,2,0,4,4,4,4,0,8,6,2,0,16,0,2,6,14,14,2,2,2,4,8,10,0,10,0,0,2,2,0,0,0,2,0,0,8,2,0,2,6,6,2,4,6,2,18,0,4,10,2,16,10,0,0,10,46,0,24,0,38,42,4,12,12,8,12,4,2,12,14,4,0,2,10,2,8,14,6,30,4,2,4,2,8,0,4,70,2,6
2,4,2,0,0,4,14,2,0,0,16,24,0,0,0,0,60,2,8,10,0,8,0,0,4,0,6,6,8,0,16,4,4,8,2,0,4,0,10,0,0,2,0,0,0,2,4,8,12,0,0,2,0,6,8,2,8,2,4,6,6,26,4,2,10,4,8,0,6,6,0,0,4,28,0,4,0,6,2,0,12,0,0,2,8,2,2,2,0,0,16,2,0,48,2,14,8,2,0,14,10,18,30,6,16,34,8,12,6,6,18,6,4,8,2,4,0,4,10,2,18,18,12,30,4,2,0,6,2,0,2,92,12,10
4,0,0,0,0,0,14,0,0,0,14,12,6,0,0,2,72,4,4,0,6,8,0,6,0,2,10,16,10,2,4,6,0,2,14,8,4,0,0,0,0,0,4,8,4,6,4,2,10,64,0,0,0,0,6,0,36,0,0,12,16,18,4,0,8,10,4,4,6,12,10,8,4,30,0,0,4,2,2,0,18,6,2,0,10,0,0,2,12,0,26,10,0,22,0,10,10,2,2,10,16,34,24,24,30,36,8,20,8,4,8,6,2,20,18,0,0,0,18,4,4,14,14,18,4,2,0,0,10,2,2,86,24,14
0,4,0,0,0,6,16,8,4,2,10,6,0,0,0,0,66,2,4,14,4,6,2,2,0,12,8,14,6,2,4,0,0,4,8,4,2,4,2,0,0,0,0,2,0,0,2,8,4,24,0,2,6,0,2,2,4,0,4,4,4,8,2,6,4,12,14,8,2,12,6,4,0,44,0,2,0,10,10,0,10,2,0,4,6,6,6,0,4,0,22,0,0,28,6,20,30,0,0,12,10,6,14,16,12,36,20,18,4,8,16,4,4,18,0,8,0,4,8,0,0,30,18,42,2,4,0,4,4,6,6,66,10,14
2,4,0,0,0,4,22,0,4,2,8,8,14,0,0,0,70,10,2,0,0,0,2,2,0,0,4,8,0,0,0,2,6,0,8,4,0,2,16,2,8,0,2,0,0,0,8,2,4,18,0,2,8,6,2,4,14,2,2,2,12,12,2,4,16,6,16,2,8,8,2,2,0,0,0,0,2,0,2,0,16,6,2,2,8,6,0,0,4,2,8,0,0,26,2,18,12,4,0,18,16,0,6,2,38,8,0,10,4,4,24,12,12,14,2,0,0,2,18,4,0,8,14,36,2,2,20,18,16,0,6,106,10,20
0,4,0,0,0,8,14,6,12,2,22,6,14,2,0,0,60,12,2,6,0,4,0,6,10,4,4,6,0,0,4,6,0,0,8,0,2,2,8,4,2,2,0,2,2,0,4,4,12,40,0,2,2,10,4,2,10,2,6,10,14,10,6,2,2,26,14,24,6,10,2,0,4,0,0,0,2,2,4,2,10,8,0,0,16,2,0,4,2,0,16,2,2,28,2,28,4,6,2,28,8,6,18,16,22,30,10,14,26,18,10,2,0,14,0,0,0,0,0,0,2,20,12,44,4,0,0,2,4,0,0,80,6,0
0,0,0,0,0,6,18,0,6,0,20,8,12,0,0,0,58,16,18,2,2,2,0,4,4,2,0,6,10,2,0,4,2,0,12,0,2,0,10,2,2,0,0,0,0,2,8,10,8,54,2,0,0,0,2,0,4,2,0,2,6,8,2,2,6,16,4,0,14,4,4,6,6,30,0,0,4,0,8,6,2,2,4,2,4,0,0,2,0,0,26,4,0,26,12,36,4,8,0,12,10,18,22,26,18,46,2,6,6,2,6,12,4,20,0,2,0,8,18,0,6,24,4,22,0,2,0,2,2,0,0,66,4,0
0,0,0,0,0,2,18,4,18,4,16,4,4,0,0,8,54,8,2,0,4,6,0,2,2,2,4,12,18,2,6,8,14,6,4,4,2,0,6,0,0,4,0,0,0,0,0,0,2,10,2,0,4,0,0,2,8,2,2,2,8,16,6,0,12,48,8,2,4,12,0,6,4,26,0,2,8,2,10,0,14,4,20,2,0,10,2,2,0,0,12,2,0,22,4,36,12,2,2,22,10,8,22,18,12,28,4,18,4,2,14,14,14,42,0,0,0,6,28,0,6,12,20,14,4,2,0,6,6,6,12,66,8,0
0,0,0,0,0,8,8,6,12,0,16,2,6,0,0,2,56,0,2,0,6,2,0,10,6,2,4,10,2,2,10,12,16,8,0,4,0,2,2,0,0,0,0,0,0,0,2,0,6,28,0,2,0,2,0,0,2,4,0,4,8,10,0,14,8,32,12,0,4,10,12,4,4,2,0,6,2,0,0,0,2,6,8,4,8,0,0,2,4,0,4,0,2,32,0,18,18,4,0,0,0,30,26,12,34,24,4,14,12,6,6,8,4,22,0,4,0,14,20,0,4,20,4,44,8,0,0,6,4,0,0,92,8,0
6,0,0,0,0,0,0,0,4,0,0,6,2,0,2,0,0,4,10,8,6,4,4,4,0,2,0,0,0,2,6,6,24,6,14,0,2,0,0,0,2,0,2,4,0,6,6,8,14,0,0,0,2,2,0,0,0,12,14,2,4,8,0,6,0,10,0,2,6,12,12,2,4,16,0,6,6,2,6,0,6,2,12,6,6,0,4,0,0,0,0,0,0,18,0,0,0,0,0,0,0,20,32,22,30,50,4,12,0,0,0,4,4,0,0,2,0,0,0,0,0,0,0,0,0,0,0,0,0,0,0,0,0,0
0,8,0,0,0,0,0,0,2,0,0,2,20,2,0,0,0,14,16,0,0,4,0,2,12,12,0,0,0,4,8,14,14,12,6,2,0,2,0,0,0,0,6,6,2,4,10,16,14,0,2,4,0,4,6,2,10,0,6,0,6,8,0,8,2,12,8,20,14,12,6,8,6,26,2,4,2,2,2,2,4,0,6,14,12,2,0,0,0,0,0,0,2,24,0,0,0,4,0,0,0,24,50,22,18,28,2,14,0,0,0,8,10,0,0,10,0,0,0,0,0,0,0,0,0,0,0,0,0,0,0,0,0,0
0,4,0,0,0,0,0,0,24,0,0,0,12,0,0,0,0,10,8,10,4,10,0,4,0,0,0,0,0,0,0,10,0,6,2,0,2,0,0,0,0,0,0,0,0,2,0,4,16,4,0,0,2,0,0,0,8,0,8,2,0,4,0,14,4,28,4,2,12,10,6,6,4,10,2,6,8,2,4,0,8,2,4,0,0,2,4,0,0,0,0,0,0,10,0,0,0,0,0,0,0,24,24,12,36,12,0,6,0,0,0,8,2,0,0,4,0,0,0,0,0,0,0,0,0,0,0,0,0,0,0,0,0,0
2,0,0,0,0,0,0,0,32,0,0,6,8,4,0,0,0,12,18,4,10,2,0,6,0,4,0,0,0,0,2,6,8,8,10,4,0,2,0,4,0,0,6,8,4,14,2,8,8,26,0,0,2,4,8,4,4,0,0,2,0,18,0,6,4,20,4,8,8,12,6,8,12,34,0,6,2,0,0,0,10,0,0,0,2,8,2,0,0,0,0,0,0,4,0,0,0,22,0,0,0,4,26,50,0,44,12,14,0,0,0,2,4,0,0,0,0,0,0,0,0,0,0,0,0,0,0,0,0,0,0,0,0,0
0,0,0,0,0,0,0,0,0,0,0,0,6,0,0,0,0,10,12,4,4,2,0,4,0,2,0,0,0,2,8,4,2,14,8,2,4,0,0,0,0,0,0,0,0,0,0,4,2,72,4,0,0,2,2,0,0,0,0,4,8,18,0,0,14,12,10,0,6,12,2,2,8,16,0,0,0,6,0,0,8,0,14,8,4,2,0,0,0,0,0,0,0,0,0,0,0,0,0,0,0,0,0,0,0,0,0,0,0,0,0,0,0,0,0,0,0,0,0,0,0,0,0,0,0,0,0,0,0,0,0,0,0,0
2,2,0,0,0,0,0,0,0,0,0,0,28,4,0,0,0,0,30,4,2,18,6,2,0,0,0,0,0,2,8,2,2,6,10,10,0,0,0,0,2,0,0,0,0,4,8,8,4,80,0,0,2,0,2,2,0,0,0,2,2,16,0,0,6,8,16,4,8,20,2,0,8,0,0,2,4,8,2,0,18,0,2,2,0,2,8,0,0,0,0,0,0,0,0,0,0,0,0,0,0,0,0,0,0,0,0,0,0,0,0,0,0,0,0,0,0,0,0,0,0,0,0,0,0,0,0,0,0,0,0,0,0,0
0,0,0,0,0,0,0,0,0,0,0,0,16,2,0,0,0,8,10,0,6,8,0,0,2,2,0,0,0,2,2,10,2,4,12,2,0,4,0,2,0,0,0,0,0,0,26,10,12,70,2,2,2,2,2,6,0,0,4,0,6,16,0,0,6,20,30,12,8,14,4,4,8,2,2,6,0,0,2,2,2,0,14,4,0,0,10,0,0,0,0,0,0,0,0,0,0,0,0,0,0,0,0,0,0,0,0,0,0,0,0,0,0,0,0,0,0,0,0,0,0,0,0,0,0,0,0,0,0,0,0,0,0,0
0,0,0,0,0,0,0,0,0,0,0,0,6,0,0,0,0,20,10,0,0,0,0,2,2,4,0,0,0,0,8,4,0,6,18,0,0,2,0,0,0,0,0,0,2,2,2,4,6,16,2,6,0,12,2,2,0,0,0,2,4,12,0,0,0,0,26,16,10,12,0,6,4,2,0,8,0,2,4,4,4,0,2,0,0,0,2,0,0,0,0,0,0,0,0,0,0,0,0,0,0,0,0,0,0,0,0,0,0,0,0,0,0,0,0,0,0,0,0,0,0,0,0,0,0,0,0,0,0,0,0,0,0,0
8,2,0,0,0,0,10,2,20,2,28,2,10,4,0,0,78,8,10,0,0,6,0,8,0,0,4,14,0,4,2,2,2,10,6,6,0,2,14,0,4,4,0,0,0,0,0,8,12,0,0,0,0,0,2,0,10,4,0,4,14,16,4,0,2,2,6,20,2,12,0,0,6,24,0,0,0,18,2,0,6,0,0,2,2,8,0,6,0,0,8,0,0,18,2,0,0,2,0,10,10,4,4,0,16,12,2,2,0,4,0,10,2,0,2,0,10,0,14,0,0,12,12,26,4,0,2,12,10,12,2,116,4,10
6,2,0,0,0,0,6,4,16,0,18,8,8,2,0,0,74,2,6,0,2,0,0,0,0,0,8,8,0,0,2,2,4,4,2,0,2,0,12,2,4,16,2,8,0,2,2,4,6,10,0,0,0,0,0,0,8,2,0,0,10,10,2,0,6,8,8,0,0,6,0,12,0,24,0,0,0,26,4,2,4,0,2,6,6,2,8,12,4,0,12,0,0,22,0,2,8,6,2,16,10,10,12,2,0,24,0,8,2,4,6,2,2,2,0,2,4,0,16,4,2,14,0,38,0,2,0,2,4,6,4,106,4,0
2,4,0,0,0,2,14,0,4,0,28,8,18,0,0,0,60,12,2,4,6,10,0,4,0,0,2,22,0,4,2,8,0,8,4,2,4,2,2,4,2,0,0,0,0,2,8,0,6,52,2,8,12,8,0,0,10,0,0,0,12,18,6,2,2,16,14,8,6,4,0,2,6,2,0,0,2,8,0,0,8,0,2,0,0,8,0,6,2,0,6,0,4,14,0,4,6,6,0,12,8,6,4,0,12,0,0,0,10,6,0,2,2,0,2,4,16,10,14,2,2,8,22,68,4,0,2,6,6,2,0,84,2,18
0,4,0,0,0,0,12,0,12,0,18,10,8,0,0,0,54,0,4,0,4,8,0,2,8,2,2,10,10,0,4,10,2,0,10,2,4,2,12,2,2,2,4,0,0,0,4,2,8,34,0,0,0,0,0,0,8,0,0,6,28,8,0,2,2,8,8,0,6,18,6,4,2,18,0,0,0,0,6,4,4,0,0,2,8,8,2,2,2,2,10,0,0,18,0,0,8,10,2,14,12,4,2,0,0,6,2,6,6,2,8,2,4,2,4,2,12,2,2,2,10,6,18,28,2,4,12,16,10,0,4,68,8,14
4,0,0,0,0,4,8,0,12,0,28,12,16,0,0,6,50,6,0,0,2,4,0,0,0,0,14,2,8,0,4,0,0,16,26,0,4,2,10,2,2,18,0,4,0,0,0,0,4,24,2,0,0,0,2,0,12,4,0,0,12,20,0,0,8,6,2,0,0,8,12,2,2,4,0,10,4,10,6,4,4,0,4,2,8,4,2,10,0,0,2,0,2,26,0,6,4,4,2,28,4,2,0,0,6,0,0,0,4,6,8,0,0,14,4,4,10,6,8,0,6,12,24,24,6,2,2,16,14,2,2,94,8,0
4,0,0,0,0,2,16,4,2,0,22,20,4,0,0,0,58,8,2,4,4,8,0,2,8,4,6,10,16,4,2,0,0,4,6,0,4,0,10,0,2,0,2,2,0,0,4,12,14,16,2,0,6,0,0,0,12,0,0,4,8,14,2,6,10,36,0,6,12,6,2,2,6,14,0,2,0,0,0,4,6,0,8,6,0,2,0,4,6,6,6,0,0,32,2,4,6,14,0,16,4,4,8,2,2,8,0,12,4,0,4,10,6,2,4,6,0,18,12,4,2,4,38,32,8,0,0,2,12,0,8,78,4,0
2,6,0,0,0,4,8,24,14,0,18,6,6,2,0,0,46,4,34,8,6,2,0,0,0,0,2,2,10,0,0,6,0,12,14,2,0,2,4,2,2,2,0,0,0,4,2,0,18,22,2,0,0,0,0,2,4,0,0,4,14,20,4,6,2,8,22,14,6,6,6,16,8,46,0,2,10,8,0,0,10,2,2,2,10,2,2,4,2,0,6,0,0,34,2,2,6,8,0,22,8,2,6,4,6,6,0,6,2,4,0,4,4,14,0,0,0,2,14,0,2,16,24,26,6,0,2,0,8,0,0,94,10,0
2,4,0,0,0,2,8,0,6,2,30,2,22,2,0,0,60,24,2,4,6,12,0,0,0,4,4,4,10,2,0,2,8,10,8,8,4,6,8,0,2,2,0,0,0,2,6,8,10,8,0,0,0,0,2,2,2,0,0,0,10,14,6,2,6,14,4,20,2,8,12,0,4,24,0,0,8,0,0,0,2,2,4,10,14,6,2,4,4,4,10,0,4,32,2,8,12,12,0,14,6,0,2,2,8,4,0,0,0,0,0,8,2,8,0,0,0,8,12,0,0,4,26,0,2,10,0,6,2,0,2,94,4,0
0,0,0,0,0,2,6,4,2,2,36,0,24,2,0,0,42,8,2,16,6,4,0,0,6,4,10,4,18,4,2,10,22,0,8,4,12,2,8,0,2,0,8,4,0,16,6,10,12,34,2,0,2,0,0,2,2,0,0,6,12,8,4,2,6,30,10,8,6,14,4,2,4,2,0,2,0,6,2,2,10,0,0,0,4,4,2,8,10,4,2,0,2,34,0,16,10,6,2,14,2,4,4,0,2,2,0,6,2,0,10,0,2,6,6,2,0,2,8,0,4,4,2,30,12,0,0,2,4,4,4,56,12,0
0,6,0,2,0,2,28,4,2,8,24,2,4,2,0,0,68,6,2,4,2,6,2,0,0,2,0,4,16,4,2,10,4,12,20,4,4,0,10,0,0,18,0,2,0,4,10,12,10,26,6,0,0,0,2,0,10,0,2,2,4,6,2,0,10,24,6,8,8,8,4,0,6,0,0,2,6,4,4,2,6,0,8,2,0,10,0,6,0,0,4,0,0,26,2,0,12,10,2,10,8,6,4,2,6,2,0,4,0,2,12,2,4,10,10,0,0,2,14,4,0,12,16,32,0,2,10,26,30,4,2,78,8,0
2,2,2,6,0,18,8,2,6,2,32,12,10,2,0,0,78,6,14,4,2,4,0,4,4,12,2,8,0,4,2,6,14,2,12,0,0,4,2,0,0,12,4,0,2,0,10,16,22,6,2,0,4,2,10,12,18,8,20,2,20,6,0,12,4,20,10,10,8,12,2,10,4,2,0,6,2,6,2,4,12,0,0,0,6,2,0,4,4,2,2,4,4,24,0,0,6,24,4,20,12,0,8,2,24,18,2,16,4,2,6,0,2,6,6,0,0,2,8,0,0,6,12,40,4,2,4,2,12,0,4,82,8,0
8,2,0,2,0,4,28,0,6,2,28,8,8,0,0,0,80,10,0,14,4,0,0,0,12,6,2,8,8,2,2,8,2,4,2,0,4,2,10,0,0,0,2,2,2,0,2,6,14,54,0,0,2,14,0,0,0,0,0,4,4,14,2,6,10,4,6,42,10,8,6,6,2,4,0,0,2,6,0,8,12,2,2,2,18,0,8,0,8,4,2,0,0,16,0,0,18,2,2,18,4,0,18,26,16,22,4,6,2,2,4,10,8,14,0,4,0,2,12,0,0,12,8,12,0,4,2,0,10,2,0,84,6,0
0,6,0,0,0,0,0,0,10,0,0,0,14,2,0,0,0,16,18,4,6,0,0,2,4,6,0,0,0,4,2,2,2,12,34,4,4,2,0,2,0,0,2,0,0,0,2,4,4,10,2,0,0,0,0,0,18,0,2,10,12,6,0,12,2,4,2,0,16,16,0,6,4,2,0,0,2,8,0,4,6,4,10,6,0,0,2,0,0,0,0,0,4,22,0,0,0,8,0,0,0,20,10,16,0,20,2,6,0,0,0,12,6,0,0,4,0,0,0,0,0,0,0,0,0,0,0,0,0,0,0,0,0,0
4,6,0,0,0,0,0,0,22,0,0,0,2,0,0,0,0,12,2,6,6,8,2,4,2,0,0,0,0,2,2,6,2,4,26,4,8,2,0,0,0,0,2,4,0,0,2,12,4,46,0,0,2,0,0,0,18,2,6,2,6,30,0,8,0,4,6,6,12,14,4,2,0,6,2,2,8,0,8,2,4,2,2,12,0,4,0,0,0,0,0,0,0,22,0,0,0,8,0,0,0,18,10,2,4,0,0,2,0,0,0,4,4,0,0,0,0,0,0,0,0,0,0,0,0,0,0,0,0,0,0,0,0,0
0,0,0,0,0,0,0,0,20,0,0,4,4,0,0,0,0,10,8,0,0,8,0,2,0,0,0,0,0,0,4,2,0,4,6,2,4,4,0,2,2,0,0,0,0,0,2,4,6,38,0,0,2,4,6,4,2,0,0,0,0,14,0,2,0,18,6,14,2,6,10,2,2,6,2,6,10,14,6,2,12,0,0,8,0,2,2,0,0,0,0,0,0,16,0,0,0,4,0,0,0,10,8,0,14,4,0,4,0,0,0,12,4,0,0,6,0,0,0,0,0,0,0,0,0,0,0,0,0,0,0,0,0,0
0,0,0,0,0,0,0,0,18,0,0,6,14,0,0,0,0,2,14,0,6,8,2,8,4,6,0,0,0,0,12,12,4,6,12,0,2,0,0,0,0,0,0,0,0,0,2,2,2,80,0,0,4,4,0,0,14,0,0,4,4,6,0,12,4,4,6,26,8,14,6,6,2,12,0,0,4,4,0,2,8,2,20,2,2,10,6,0,0,0,0,0,0,18,0,0,0,2,0,0,0,8,4,4,0,22,2,0,0,0,0,12,6,0,0,2,0,0,0,0,0,0,0,0,0,0,0,0,0,0,0,0,0,0
0,6,0,0,0,0,0,0,0,0,0,2,18,0,0,0,0,6,0,2,0,2,0,2,4,0,0,0,0,0,8,4,0,0,6,4,6,2,0,0,0,0,2,2,0,4,2,6,10,34,0,0,8,0,0,0,0,2,0,2,6,38,0,0,6,12,20,18,14,18,2,4,6,24,0,0,4,6,2,0,10,2,0,0,2,4,0,0,0,0,0,0,0,0,0,0,0,0,0,0,0,0,0,0,0,0,0,0,0,0,0,0,0,0,0,0,0,0,0,0,0,0,0,0,0,0,0,0,0,0,0,0,0,0
0,2,0,0,0,0,0,0,0,0,0,4,2,0,0,0,0,16,20,26,14,4,0,10,12,4,0,0,0,2,6,4,2,0,0,10,2,2,0,0,2,0,8,6,0,18,4,0,8,14,0,0,0,2,0,0,0,0,0,2,2,10,0,0,6,10,4,12,4,10,6,12,6,6,0,2,6,10,6,2,6,8,10,12,0,0,2,0,0,0,0,0,0,0,0,0,0,0,0,0,0,0,0,0,0,0,0,0,0,0,0,0,0,0,0,0,0,0,0,0,0,0,0,0,0,0,0,0,0,0,0,0,0,0
0,2,0,0,0,0,0,0,0,0,0,0,8,0,0,0,0,4,2,2,0,0,2,0,2,2,0,0,0,2,6,4,0,0,16,2,0,2,0,0,0,0,4,0,0,6,6,8,16,32,0,0,2,4,10,2,0,2,4,0,0,16,0,0,0,0,10,6,12,12,14,0,8,16,0,0,4,4,6,0,4,0,14,6,0,0,0,0,0,0,0,0,0,0,0,0,0,0,0,0,0,0,0,0,0,0,0,0,0,0,0,0,0,0,0,0,0,0,0,0,0,0,0,0,0,0,0,0,0,0,0,0,0,0
2,2,0,0,0,0,0,0,0,0,0,0,6,4,0,0,0,14,8,4,2,0,0,2,2,2,0,0,0,10,20,14,8,2,4,2,0,0,0,0,0,0,6,10,6,6,10,10,50,44,0,2,16,20,0,4,0,0,0,4,6,2,0,0,6,12,6,8,6,10,0,2,12,0,0,0,0,6,4,0,6,2,6,10,0,0,8,0,0,0,0,0,0,0,0,0,0,0,0,0,0,0,0,0,0,0,0,0,0,0,0,0,0,0,0,0,0,0,0,0,0,0,0,0,0,0,0,0,0,0,0,0,0,0
12,4,4,14,4,0,10,0,8,2,10,12,2,2,0,0,60,4,2,2,0,0,0,2,6,4,12,12,2,0,4,6,22,20,4,22,0,2,2,0,6,8,0,2,2,2,8,4,12,26,2,4,0,0,0,4,18,0,4,0,0,12,2,0,2,4,8,14,0,8,0,6,4,44,0,0,6,4,0,0,6,0,4,8,10,6,2,0,10,0,16,2,2,38,0,0,0,6,12,18,20,0,0,0,0,6,0,0,2,4,0,4,2,0,4,0,22,6,8,2,6,14,28,12,10,6,8,12,2,0,4,110,2,8
10,2,0,12,6,0,14,2,24,6,10,12,6,0,0,0,70,2,14,12,0,4,0,0,0,8,6,6,8,0,4,4,4,4,4,0,2,0,12,10,4,18,10,2,4,2,8,12,8,6,0,2,4,0,4,2,12,0,2,0,2,10,4,2,2,4,4,12,0,10,0,2,4,10,0,0,0,10,0,2,20,0,0,2,18,16,2,8,4,0,4,0,0,16,0,4,0,4,8,8,22,0,0,0,0,2,0,0,0,0,0,0,0,4,0,0,14,10,20,4,6,18,30,22,0,0,6,18,8,0,0,96,4,2
0,4,0,6,10,8,4,4,6,2,22,2,0,0,0,2,66,8,24,2,2,0,0,0,4,4,12,12,0,2,8,4,4,18,10,0,0,0,6,2,2,0,16,12,0,14,4,12,12,24,4,0,0,0,2,2,22,2,0,2,8,16,2,0,4,2,16,2,0,10,0,4,0,8,2,0,0,12,0,2,6,0,2,6,2,8,2,0,2,0,10,0,0,14,0,4,2,0,16,28,42,4,0,0,0,0,0,0,0,4,0,0,2,10,18,2,14,4,8,2,26,24,36,30,8,2,0,2,16,6,0,76,0,10
8,6,2,8,10,0,6,0,6,4,18,4,12,2,0,0,62,6,14,0,2,0,0,0,2,2,4,2,12,2,0,0,0,0,2,2,8,2,14,0,2,2,4,12,6,12,4,6,6,32,2,0,0,2,2,2,6,0,0,4,12,10,6,0,2,6,12,20,6,12,2,0,4,2,0,0,0,2,2,0,4,0,2,4,20,8,4,8,0,0,10,0,0,22,0,0,10,2,18,24,18,0,0,0,4,0,0,0,2,2,0,2,0,8,6,4,14,8,20,2,24,30,18,32,8,4,0,12,4,0,2,92,4,4
0,2,2,26,8,4,54,4,8,4,26,8,2,0,0,0,58,4,0,0,0,8,0,0,0,4,2,26,8,4,6,0,8,8,8,0,6,2,4,0,8,2,0,8,6,4,6,6,6,24,4,0,2,0,4,2,16,2,0,4,18,16,0,2,2,4,8,6,2,10,2,2,0,26,0,0,2,8,4,4,12,4,2,0,14,2,0,0,4,2,6,0,2,32,0,2,0,4,4,8,4,0,12,0,0,2,0,10,2,4,14,4,0,18,0,4,0,0,10,0,14,36,20,36,6,4,12,22,6,0,0,98,10,6
0,8,4,16,4,4,22,2,10,4,16,6,8,0,0,4,62,2,0,14,4,8,0,4,16,8,6,0,16,4,0,8,8,0,10,2,4,14,8,18,0,10,2,2,2,6,8,14,12,24,2,12,8,6,10,0,12,0,0,2,10,20,0,6,6,6,4,0,4,6,10,2,2,26,0,2,0,0,4,4,6,0,0,0,6,8,4,4,2,4,0,0,2,44,0,0,0,4,6,28,12,0,0,0,2,6,0,2,2,0,0,2,0,10,4,2,0,2,12,8,16,34,18,14,4,4,0,4,8,2,6,86,6,4
0,8,6,10,10,4,8,0,20,2,2,10,6,0,0,6,50,0,0,10,2,8,0,8,4,6,4,4,8,6,6,4,2,0,8,0,0,2,6,4,2,2,18,8,10,10,8,8,32,40,0,2,2,4,24,8,6,2,2,2,8,14,6,8,4,6,4,14,10,8,6,10,0,20,0,4,0,4,0,0,6,0,0,0,12,2,0,16,8,0,0,0,0,22,0,0,4,2,10,20,12,4,0,0,0,0,0,2,4,4,2,6,0,4,6,2,0,22,20,0,26,24,20,38,2,0,2,0,4,6,8,110,6,8
0,4,10,22,6,0,2,0,12,14,32,6,6,0,0,0,56,6,0,2,10,6,0,0,0,0,8,18,28,2,4,8,0,12,12,0,0,0,12,6,0,4,18,12,4,20,6,10,12,44,4,0,6,0,4,4,16,0,0,0,8,20,0,2,8,8,2,0,4,8,4,12,0,40,0,0,0,2,2,0,14,8,0,2,4,2,0,4,0,0,6,0,0,24,0,4,4,8,8,36,12,4,4,0,2,6,0,4,6,2,6,0,0,8,0,0,0,4,12,0,26,18,16,4,0,2,6,4,12,0,0,110,4,8
0,0,0,26,2,0,26,14,30,4,34,6,6,0,0,16,66,2,14,0,2,6,6,0,8,8,2,8,12,8,14,6,12,2,10,4,4,2,6,8,0,0,22,10,2,12,4,10,28,28,2,0,2,8,12,2,24,0,0,0,2,2,0,6,2,2,12,18,6,6,0,6,2,2,0,2,8,0,2,0,6,0,6,2,10,2,2,0,14,6,2,0,4,32,0,2,0,4,2,34,10,2,6,18,22,10,0,4,8,0,2,8,12,2,2,2,0,6,14,2,8,16,20,12,4,4,0,2,18,2,0,114,8,10
0,12,20,16,6,2,8,0,16,4,16,8,0,0,0,4,50,4,14,46,0,4,4,0,2,2,4,14,8,6,10,14,12,6,10,0,4,0,2,0,4,4,0,2,2,2,8,16,14,52,4,0,0,0,2,4,24,0,0,2,0,14,2,8,0,2,2,2,2,12,2,2,0,20,0,4,18,2,0,0,6,0,0,2,10,6,0,2,6,0,0,0,0,24,2,0,0,4,6,40,8,2,0,0,6,10,0,0,24,12,8,6,2,56,18,4,0,6,16,2,8,36,20,12,0,6,2,26,22,8,0,98,16,0
4,16,18,16,16,6,6,4,24,0,22,4,18,6,0,10,62,10,0,32,2,12,0,2,6,2,2,2,8,0,4,6,8,6,0,0,6,2,12,8,0,24,12,8,0,8,8,8,12,10,10,2,4,4,10,10,6,0,2,8,4,12,6,4,0,2,6,22,4,12,0,0,2,0,0,0,6,10,2,0,2,4,2,2,18,8,2,8,6,0,4,0,0,14,0,0,2,0,6,50,10,4,0,0,0,0,0,0,6,4,16,2,4,8,0,0,0,6,18,0,8,38,12,14,0,2,2,4,8,0,0,102,4,0
0,4,10,28,2,0,6,2,20,8,22,6,8,0,0,4,72,4,6,0,2,0,2,0,0,6,6,10,12,8,6,8,4,0,2,8,4,2,0,0,2,0,6,4,4,2,0,6,12,60,4,0,2,6,4,6,12,4,0,2,4,20,4,4,0,4,2,4,8,14,8,4,2,0,2,0,0,0,2,2,12,8,0,8,12,4,2,4,2,0,0,0,0,22,0,0,4,6,12,50,20,8,12,12,30,28,10,4,6,2,4,4,6,10,10,4,0,4,8,0,4,42,2,16,6,2,0,0,0,0,0,92,8,0
2,10,0,0,0,12,18,0,8,8,32,0,8,0,0,0,0,8,18,6,0,2,0,6,2,4,0,0,0,2,2,12,2,8,6,0,2,4,0,0,2,0,4,6,0,4,4,6,20,24,2,24,6,2,14,4,4,0,0,6,2,22,0,6,4,4,2,8,6,12,4,4,4,16,0,0,2,2,2,0,2,0,0,2,22,0,4,0,0,0,0,0,0,18,0,0,0,6,0,0,0,0,0,0,4,2,2,2,0,0,0,2,0,0,0,2,0,0,0,0,0,0,0,0,0,0,0,0,0,0,0,0,0,0
0,2,0,0,0,14,4,0,14,0,0,4,6,0,0,0,0,2,14,20,4,4,2,0,2,0,0,0,0,0,6,10,8,10,4,0,4,4,0,2,2,0,8,4,2,10,8,10,14,58,10,2,4,12,12,6,8,0,2,6,8,6,0,4,14,0,6,0,6,12,2,4,6,10,0,4,10,0,6,4,8,2,4,4,20,0,0,0,0,0,0,0,2,18,0,0,0,8,0,0,0,0,2,0,4,2,0,4,0,0,0,6,2,0,0,0,0,0,0,0,0,0,0,0,0,0,0,0,0,0,0,0,0,0
0,10,0,0,0,0,0,0,20,0,0,0,8,4,0,0,0,6,2,8,8,2,0,4,4,0,0,0,0,2,12,18,6,8,6,0,2,4,0,0,0,0,0,6,4,4,2,4,24,34,12,2,6,2,8,2,12,2,2,0,2,32,0,10,10,6,8,16,10,10,14,2,4,22,0,2,0,0,8,2,8,2,6,0,10,6,2,0,0,0,0,0,0,18,0,0,0,4,0,0,0,6,4,0,2,0,0,0,0,0,0,2,4,0,0,8,0,0,0,0,0,0,0,0,0,0,0,0,0,0,0,0,0,0
0,2,0,0,0,0,0,0,12,0,0,2,0,0,0,0,0,2,16,0,6,2,0,0,4,0,0,0,0,0,18,18,10,2,8,0,2,4,0,0,2,0,0,4,0,12,6,6,22,12,0,0,2,6,6,2,26,0,2,4,8,28,0,12,0,4,18,14,10,12,0,2,6,4,0,0,0,0,2,0,12,2,6,24,24,8,2,0,0,0,0,0,0,14,0,0,0,2,0,0,0,14,2,2,2,2,0,2,0,0,0,2,4,0,0,0,0,0,0,0,0,0,0,0,0,0,0,0,0,0,0,0,0,0
0,2,0,0,0,0,0,0,0,0,0,4,4,0,0,0,0,20,46,4,6,8,0,2,6,10,0,0,0,0,4,8,0,4,2,2,2,6,0,0,2,0,4,8,2,6,14,6,28,4,6,6,8,10,22,10,0,0,0,0,4,18,0,10,2,4,4,16,8,10,10,6,10,24,2,2,2,0,0,0,12,0,6,8,0,0,6,0,0,0,0,0,0,0,0,0,0,0,0,0,0,0,0,0,0,0,0,0,0,0,0,0,0,0,0,0,0,0,0,0,0,0,0,0,0,0,0,0,0,0,0,0,0,0
0,6,0,0,0,0,0,0,0,0,0,0,6,0,0,0,0,14,8,0,2,8,2,2,4,4,0,0,0,6,18,14,2,18,0,0,0,2,0,4,0,0,12,6,4,20,4,0,36,70,6,4,2,0,16,4,0,0,0,4,6,22,0,0,10,4,8,32,8,14,6,2,0,34,0,0,4,0,0,0,8,4,8,14,0,2,4,0,0,0,0,0,0,0,0,0,0,0,0,0,0,0,0,0,0,0,0,0,0,0,0,0,0,0,0,0,0,0,0,0,0,0,0,0,0,0,0,0,0,0,0,0,0,0
2,0,0,0,0,0,0,0,0,0,0,8,4,2,0,0,0,2,34,0,6,6,8,8,4,10,0,0,0,0,4,10,2,10,2,8,0,0,0,0,0,0,6,0,4,0,2,8,18,38,0,0,10,8,4,2,0,0,0,0,8,20,0,0,8,6,18,12,8,8,4,6,2,36,0,0,8,2,2,0,10,0,0,4,0,0,4,0,0,0,0,0,0,0,0,0,0,0,0,0,0,0,0,0,0,0,0,0,0,0,0,0,0,0,0,0,0,0,0,0,0,0,0,0,0,0,0,0,0,0,0,0,0,0
0,4,0,0,0,0,0,0,0,0,0,0,2,0,0,0,0,6,20,10,12,0,6,2,0,4,0,0,0,0,8,6,2,2,16,2,0,2,0,0,0,0,0,0,0,2,2,0,12,36,0,0,0,4,6,14,0,2,0,0,22,16,0,0,4,2,6,28,6,14,0,2,8,10,0,4,2,0,6,0,6,4,12,2,0,0,4,0,0,0,0,0,0,0,0,0,0,0,0,0,0,0,0,0,0,0,0,0,0,0,0,0,0,0,0,0,0,0,0,0,0,0,0,0,0,0,0,0,0,0,0,0,0,0
0,0,0,0,0,8,10,0,36,14,20,2,6,0,0,6,72,4,20,0,2,0,2,8,0,0,18,12,8,2,2,2,6,8,10,12,2,2,2,18,0,0,16,8,2,20,6,14,2,2,0,8,8,0,2,0,10,0,6,0,10,10,6,2,6,4,6,22,2,4,2,2,4,2,2,0,0,6,0,0,16,2,0,2,14,10,0,6,0,0,0,2,0,30,0,6,8,0,0,2,24,8,0,0,0,2,0,0,2,4,4,6,6,2,2,0,2,0,8,6,0,8,0,2,2,0,0,2,2,12,8,96,8,2
2,0,0,0,0,2,6,4,10,24,22,10,4,0,0,0,70,4,2,2,2,2,0,2,8,8,10,4,6,4,0,2,2,6,10,2,0,2,2,16,4,0,6,12,2,8,6,8,16,6,2,20,4,10,4,2,26,0,0,2,4,10,0,0,4,4,0,8,6,6,0,0,4,14,0,0,2,4,6,0,16,0,2,4,2,12,2,12,6,0,0,2,0,34,2,2,10,0,0,12,42,20,0,0,0,6,0,0,4,4,2,6,2,2,0,0,10,4,10,6,0,6,10,12,2,6,0,0,4,4,4,114,2,2
0,2,0,0,0,2,6,2,18,10,28,4,10,0,0,6,70,6,8,2,2,6,0,6,2,4,8,8,10,2,2,2,10,2,6,0,2,6,8,18,8,0,20,8,8,10,16,16,12,2,6,14,20,14,14,10,40,2,0,0,14,10,0,0,8,22,16,18,2,4,2,10,4,4,0,0,2,4,0,0,14,4,0,0,4,10,0,4,4,0,2,0,4,52,2,4,4,0,0,16,22,4,0,0,0,0,0,0,2,2,2,14,12,8,0,0,8,2,12,6,2,6,16,2,4,0,0,4,2,8,0,82,4,6
0,0,0,0,0,0,8,2,14,10,18,4,6,2,0,0,66,2,20,2,4,4,0,2,8,4,10,8,12,2,8,2,4,6,2,0,4,8,12,10,6,0,4,4,14,8,2,8,8,4,0,2,4,2,0,2,24,0,0,0,10,12,2,0,2,8,12,12,6,6,2,2,0,4,0,12,0,0,2,0,14,2,0,2,14,12,2,4,4,2,2,0,0,18,6,4,10,4,6,36,34,4,4,2,0,8,2,2,10,2,4,4,4,0,0,0,4,12,16,8,4,16,26,0,6,8,2,0,4,0,0,78,0,2
0,4,0,2,0,2,14,2,22,16,44,10,8,0,0,0,58,4,2,0,0,12,0,4,2,8,6,8,30,4,8,0,0,2,12,2,2,4,14,14,0,0,24,8,0,20,4,10,14,2,0,2,0,0,4,8,30,0,0,0,4,12,2,6,14,16,4,36,0,12,0,0,8,0,0,0,2,12,4,2,8,6,0,6,12,4,0,2,10,2,4,0,0,14,2,0,6,6,0,30,28,4,8,2,16,4,0,22,2,6,4,4,6,0,12,4,0,6,12,0,4,12,6,10,4,2,2,2,4,0,0,70,0,14
0,2,0,0,0,4,12,4,14,28,34,12,2,0,0,0,64,4,14,6,12,10,0,0,2,6,6,4,14,2,4,2,2,2,2,8,2,4,20,10,2,0,8,6,2,16,2,6,14,4,12,20,4,10,8,2,20,0,0,8,6,12,0,2,6,14,0,14,10,6,2,16,4,2,0,0,6,4,0,0,8,8,8,2,6,2,0,2,0,4,0,0,0,30,0,2,8,2,0,22,24,10,0,0,2,2,0,2,6,2,2,10,6,2,2,2,0,4,2,4,6,22,4,6,2,2,0,2,0,8,18,58,4,0
0,0,0,0,0,0,10,8,16,22,40,10,4,0,0,8,70,8,6,2,6,6,4,0,12,4,6,6,14,2,2,0,0,12,16,2,2,6,0,18,4,0,4,10,6,12,4,6,16,12,2,4,10,2,10,12,46,0,2,4,8,8,8,2,14,6,2,6,6,6,2,6,8,10,0,0,6,2,0,0,8,6,6,2,10,0,2,6,0,4,0,0,2,20,0,10,4,0,2,42,38,18,0,0,0,0,0,0,2,2,4,4,10,12,22,0,0,10,24,0,6,10,18,14,4,6,6,6,10,0,0,106,16,8
2,0,0,0,0,6,20,4,20,22,34,8,6,0,0,0,58,6,16,12,2,8,0,0,4,6,8,8,22,8,6,4,8,2,8,0,4,4,12,14,0,0,2,10,6,12,8,6,4,4,6,0,0,4,8,2,18,0,0,4,6,6,0,8,20,22,6,20,2,6,2,2,4,18,0,2,14,0,6,2,8,2,2,0,10,8,6,2,4,0,0,0,0,12,0,4,4,0,2,26,22,36,4,2,4,16,0,2,14,6,6,0,2,6,26,0,0,6,26,2,2,14,16,6,2,2,0,6,12,2,2,110,12,0
0,0,0,0,0,2,48,4,10,8,46,4,2,0,0,0,68,12,20,8,2,6,2,2,2,0,12,16,26,6,8,8,2,8,4,4,6,4,10,28,0,2,16,12,6,14,2,10,16,10,6,22,8,10,0,0,28,4,4,0,6,24,4,6,6,16,6,20,6,8,6,6,2,20,0,0,4,2,6,0,10,0,2,2,24,0,0,2,8,0,0,0,2,14,0,8,0,0,2,50,14,22,0,0,0,0,0,0,8,4,4,8,4,2,8,0,0,14,6,4,2,10,38,10,0,0,4,4,6,2,2,100,2,0
0,0,0,0,0,0,80,2,14,28,34,0,32,4,0,0,88,10,24,0,4,6,2,0,8,16,4,6,12,2,4,2,0,4,10,12,0,8,16,24,2,0,12,10,4,18,2,10,16,4,0,0,4,6,4,10,20,0,0,4,6,2,4,4,6,22,12,14,4,4,0,4,4,0,0,0,4,2,8,0,10,2,2,2,8,6,6,4,0,0,4,0,0,34,4,0,0,6,4,34,8,8,2,0,2,0,0,2,6,2,2,4,14,6,24,2,0,6,28,0,10,8,16,4,4,2,0,0,6,0,2,124,10,0
0,4,0,0,0,0,10,4,36,22,34,2,12,2,0,2,48,0,20,0,14,10,4,4,0,0,4,4,16,0,2,10,4,12,16,4,6,8,4,30,0,0,28,6,4,28,14,12,60,2,2,6,6,24,8,2,18,6,6,2,4,18,4,6,0,4,4,18,8,12,0,4,6,14,0,0,4,6,4,0,4,0,2,10,30,2,8,0,2,0,0,0,0,14,2,12,4,2,0,52,18,2,12,8,2,2,0,2,0,2,4,12,0,2,0,0,0,10,12,8,0,2,14,2,4,0,0,6,4,6,2,84,0,0
0,0,0,2,0,8,16,2,24,12,30,4,16,4,0,4,78,8,12,2,4,10,0,2,4,2,2,0,4,6,2,0,6,6,20,2,8,0,4,16,2,0,8,12,2,8,6,12,14,2,0,14,8,6,6,2,30,0,2,2,4,6,4,6,0,2,4,2,4,8,4,6,2,6,0,0,2,4,0,0,8,2,0,8,24,2,4,4,2,0,0,0,0,12,2,0,16,4,10,32,6,14,0,0,0,4,0,0,4,0,10,6,6,18,4,0,0,4,12,2,4,10,12,6,4,8,8,2,6,4,2,58,8,0
0,2,0,0,0,8,32,0,48,0,0,2,8,0,0,0,0,22,8,2,2,10,2,8,4,4,0,0,0,2,2,8,4,10,4,14,4,12,0,22,2,0,18,10,6,8,10,8,10,0,2,22,12,16,0,2,12,0,4,2,4,12,0,10,2,8,4,16,6,14,6,0,10,2,0,2,0,2,6,6,2,2,2,8,22,6,26,0,0,0,0,0,0,18,0,0,0,0,0,0,0,26,0,0,4,0,0,0,0,0,0,16,6,22,0,6,0,0,0,0,0,0,0,0,0,0,0,0,0,0,0,0,0,0
0,6,0,0,0,0,0,0,22,0,0,2,16,0,0,0,0,2,16,8,2,0,0,4,0,6,0,0,0,0,16,16,16,6,28,0,6,2,0,2,0,0,10,4,8,8,4,16,10,0,0,0,6,0,6,6,22,0,0,2,2,12,0,8,2,2,18,38,12,10,2,8,6,4,0,0,10,4,6,0,6,0,0,2,36,2,4,0,0,0,0,0,4,6,0,0,0,0,0,0,0,46,2,0,0,2,0,0,0,0,0,6,8,16,0,0,0,0,0,0,0,0,0,0,0,0,0,0,0,0,0,0,0,0
2,0,0,0,0,0,0,0,14,0,0,0,30,6,0,0,0,4,18,0,0,4,4,2,8,0,0,0,0,0,8,4,2,6,10,2,8,4,0,0,0,0,6,4,8,12,4,6,12,4,0,0,2,8,2,2,16,0,2,2,6,14,0,6,4,12,12,18,12,14,8,6,0,14,2,6,4,4,0,2,6,0,28,6,18,4,2,0,0,0,0,0,0,6,0,0,0,0,0,0,0,12,4,0,0,10,0,8,0,0,0,2,10,0,0,8,0,0,0,0,0,0,0,0,0,0,0,0,0,0,0,0,0,0
0,4,0,0,0,0,0,0,60,0,0,2,4,0,0,0,0,8,16,0,4,10,0,4,10,0,0,0,0,0,0,6,0,14,2,2,10,6,0,0,0,0,8,8,0,10,2,14,20,0,2,6,10,22,12,10,16,2,2,2,10,8,0,12,2,30,12,24,14,16,10,4,4,4,0,0,2,0,0,2,8,6,2,4,24,10,0,0,0,0,0,0,0,14,0,0,0,0,0,0,0,18,2,0,0,2,0,0,0,0,0,10,4,0,0,0,0,0,0,0,0,0,0,0,0,0,0,0,0,0,0,0,0,0
0,0,0,0,0,0,0,0,0,0,0,4,8,0,0,0,0,22,36,0,6,0,0,2,10,14,0,0,0,2,0,4,6,2,4,4,10,6,0,0,6,0,24,4,12,10,6,6,18,4,2,8,8,20,12,2,0,0,0,2,6,10,0,0,12,18,8,44,10,8,4,8,4,0,0,0,4,0,4,0,12,8,6,8,0,10,4,0,0,0,0,0,0,0,0,0,0,0,0,0,0,0,0,0,0,0,0,0,0,0,0,0,0,0,0,0,0,0,0,0,0,0,0,0,0,0,0,0,0,0,0,0,0,0
0,2,0,0,0,0,0,0,0,0,0,2,4,0,0,0,0,4,12,0,6,8,2,2,2,2,0,0,0,0,2,6,0,6,6,6,0,4,0,4,0,0,20,10,4,12,0,12,10,4,4,2,10,0,6,8,0,0,4,2,10,26,0,0,4,2,10,12,6,14,6,4,4,2,0,0,4,10,4,2,10,6,4,12,0,2,4,0,0,0,0,0,0,0,0,0,0,0,0,0,0,0,0,0,0,0,0,0,0,0,0,0,0,0,0,0,0,0,0,0,0,0,0,0,0,0,0,0,0,0,0,0,0,0
0,0,0,0,0,0,0,0,0,0,0,2,14,6,0,0,0,10,4,10,12,14,0,2,4,14,0,0,0,0,4,2,0,4,2,6,0,2,0,4,0,0,2,20,8,10,6,12,22,14,2,8,8,8,14,2,0,0,2,6,8,4,0,0,14,14,18,42,10,12,4,0,6,16,0,0,4,6,0,0,6,0,2,14,0,0,0,0,0,0,0,0,0,0,0,0,0,0,0,0,0,0,0,0,0,0,0,0,0,0,0,0,0,0,0,0,0,0,0,0,0,0,0,0,0,0,0,0,0,0,0,0,0,0
0,4,0,0,0,0,0,0,0,0,0,0,10,2,0,0,0,2,6,16,4,0,2,2,6,10,0,0,0,0,4,8,0,2,2,6,0,20,0,2,0,0,14,18,8,30,10,20,28,6,0,0,12,8,10,2,0,0,2,4,2,14,0,0,0,10,2,20,8,12,8,8,6,0,4,0,6,0,2,0,4,4,6,10,0,0,4,0,0,0,0,0,0,0,0,0,0,0,0,0,0,0,0,0,0,0,0,0,0,0,0,0,0,0,0,0,0,0,0,0,0,0,0,0,0,0,0,0,0,0,0,0,0,0
0,2,0,0,0,6,0,2,20,0,14,10,2,0,0,12,48,4,2,8,4,12,0,0,18,14,16,2,30,2,4,0,4,14,0,30,2,0,12,2,4,28,0,0,0,0,6,0,4,18,0,0,0,0,0,0,18,0,0,4,6,10,2,2,8,4,16,0,0,6,4,8,2,44,0,0,0,2,0,0,6,0,0,8,4,10,6,4,10,0,14,0,0,26,0,0,18,0,0,18,24,16,10,0,0,20,2,2,18,8,4,4,2,8,0,6,0,4,2,12,2,8,6,4,0,0,0,4,2,2,0,76,0,8
0,0,0,0,0,4,6,4,8,0,20,10,10,10,0,10,42,0,8,0,4,12,6,2,18,20,4,2,32,0,0,4,0,2,0,16,0,0,12,0,4,6,0,2,0,2,2,0,4,18,0,0,0,2,0,0,30,0,0,4,8,8,2,0,18,12,6,6,4,14,0,4,2,12,0,0,0,4,2,2,4,2,2,0,4,16,6,8,8,2,8,4,0,30,2,2,2,4,4,16,30,10,2,0,2,0,0,0,16,10,0,16,6,4,0,2,2,14,12,14,0,2,4,0,2,2,4,6,10,4,0,70,4,4
0,0,0,0,0,4,34,0,8,0,18,0,4,0,0,18,82,12,0,12,8,8,0,2,22,16,6,2,46,4,6,14,0,2,12,8,2,0,2,0,8,2,0,0,0,0,2,6,2,18,0,2,0,2,0,0,4,0,0,10,16,20,0,6,12,12,6,16,6,6,4,4,2,2,0,0,0,4,2,2,8,0,4,2,8,4,8,2,4,0,8,0,2,24,0,0,16,0,0,4,10,12,14,4,2,36,6,10,14,16,2,0,0,12,0,4,2,12,8,6,6,12,16,6,2,0,0,2,4,0,2,70,2,10
0,0,0,0,0,4,4,2,6,2,10,6,2,0,0,20,78,6,2,2,8,12,2,0,18,18,6,2,42,2,10,2,0,8,18,0,2,0,14,0,0,24,0,0,0,0,2,2,2,0,2,0,4,0,0,0,12,0,0,0,4,18,6,0,14,6,4,0,6,8,8,6,0,26,0,0,4,2,4,0,14,0,0,0,8,2,2,4,4,0,2,0,0,34,0,0,18,0,0,38,42,4,2,0,0,2,0,6,6,4,6,0,0,4,0,0,2,12,14,8,8,4,28,8,8,0,0,4,4,4,8,74,2,18
0,4,0,2,0,2,12,0,16,0,24,12,4,0,0,6,56,10,4,2,4,4,0,0,24,12,4,6,26,6,8,0,0,4,12,2,10,2,12,0,0,6,0,0,2,2,6,12,6,30,6,0,0,0,0,0,8,0,2,2,2,12,0,0,12,12,8,12,4,6,12,8,4,20,0,0,2,0,2,0,10,2,0,2,6,8,8,2,6,4,12,0,2,16,0,0,30,0,0,10,14,26,4,0,0,0,0,2,8,4,0,2,0,6,22,2,4,16,24,4,0,14,28,4,2,4,0,2,6,14,16,90,6,2
0,2,0,0,0,2,18,0,14,0,18,0,4,0,0,6,70,0,12,0,18,8,4,4,28,24,4,2,24,4,6,6,0,4,14,2,2,2,32,4,0,6,4,6,0,0,16,30,42,12,4,0,0,0,0,0,14,0,0,4,18,18,6,8,14,14,10,22,0,6,6,0,2,32,0,0,8,0,2,0,14,0,0,2,8,8,6,2,18,0,10,4,2,22,0,6,24,0,0,54,22,22,8,2,4,4,0,10,8,6,6,8,4,22,0,0,0,14,16,4,6,12,12,4,6,10,0,2,4,0,10,54,2,4
0,2,0,0,0,4,4,0,30,2,28,12,2,0,0,32,74,0,0,0,18,18,2,0,22,18,4,4,28,4,4,0,4,4,12,12,6,6,14,0,0,0,0,0,0,2,0,8,4,50,6,0,2,2,4,4,8,0,0,6,16,12,2,6,6,8,8,0,6,12,2,4,0,0,2,4,6,4,0,2,10,2,4,4,20,6,2,2,4,2,4,2,0,30,2,4,26,0,4,30,14,14,2,0,4,2,0,10,10,2,0,8,4,8,4,4,0,4,6,6,0,10,14,10,4,4,8,2,2,4,4,94,8,8
0,0,0,0,0,0,16,8,10,0,10,6,4,0,0,10,56,2,4,20,18,2,0,2,16,30,12,2,48,0,0,10,0,0,8,0,2,4,26,6,6,30,0,0,0,0,0,8,0,10,0,4,2,4,0,0,6,0,0,4,12,6,2,6,12,12,4,8,4,8,8,0,0,32,0,0,4,10,0,0,12,0,0,2,8,2,2,2,4,2,10,0,2,26,0,0,4,8,0,18,8,8,4,18,0,10,0,10,8,10,6,0,0,0,0,0,0,6,16,6,0,14,32,4,2,12,6,2,2,8,4,104,4,12
0,4,0,0,0,4,22,2,8,0,20,22,6,0,0,2,72,4,10,4,2,14,0,6,16,22,6,0,42,4,12,6,0,6,6,0,6,2,14,0,0,20,0,0,0,0,0,0,2,6,0,0,2,8,0,2,2,0,0,8,2,14,2,2,18,2,8,24,8,8,10,4,6,18,0,0,4,8,2,4,8,0,0,4,6,6,2,8,6,4,0,0,0,16,0,2,4,0,0,30,8,12,14,4,2,10,0,10,24,14,2,12,6,6,8,2,0,2,22,4,0,16,14,16,0,10,0,2,2,2,0,88,6,0
0,0,0,0,0,14,32,0,20,0,22,2,8,2,0,38,70,12,4,0,6,8,0,0,24,16,12,6,34,4,6,8,4,0,8,0,2,0,12,0,6,10,0,2,0,0,0,10,10,6,2,2,4,0,0,2,6,6,6,12,6,16,4,0,6,2,12,18,6,8,10,6,6,0,0,0,8,0,2,2,6,4,2,2,8,4,2,6,4,0,6,0,2,16,0,2,20,0,2,20,12,16,6,6,2,2,2,4,4,0,8,14,12,8,12,0,0,10,12,10,4,22,20,4,2,2,2,4,8,18,12,66,10,0
0,0,0,2,0,4,34,4,10,0,12,2,10,4,0,8,62,6,6,0,4,2,0,0,12,28,2,2,24,2,4,12,2,0,14,8,0,2,12,10,4,10,4,2,2,2,6,14,12,8,0,0,0,4,0,4,6,4,6,6,8,36,6,4,10,6,4,24,8,8,2,0,2,8,0,6,4,4,0,0,6,4,16,2,6,2,4,2,8,2,2,0,2,8,4,0,34,2,0,24,14,28,0,2,4,4,0,6,12,8,8,12,2,4,0,10,0,16,8,16,0,14,10,6,0,6,2,4,4,2,0,72,12,0
0,0,0,4,0,6,18,0,10,14,34,4,0,0,0,6,68,10,8,2,12,12,0,2,18,18,2,4,28,4,12,8,4,2,8,4,2,0,20,0,0,4,2,8,2,4,4,6,6,28,4,0,4,14,0,2,10,0,0,10,14,26,0,4,2,2,2,14,8,4,0,2,2,28,0,2,0,0,0,0,8,2,8,0,2,2,0,2,2,0,6,0,0,24,2,0,14,10,0,34,6,42,6,0,0,0,0,12,22,6,2,8,8,4,0,4,0,0,24,4,6,4,14,24,8,8,2,4,12,0,2,76,8,0
0,0,0,0,0,4,8,0,14,0,0,0,10,0,0,0,0,12,4,2,8,4,0,2,14,26,0,0,0,0,0,12,0,2,6,0,6,2,0,2,0,0,0,0,0,0,2,2,4,18,2,2,2,2,2,2,8,0,2,8,8,14,0,8,0,4,14,0,16,8,8,2,4,0,0,0,8,2,4,4,6,0,2,4,4,0,6,0,0,0,0,0,0,26,0,0,0,6,0,0,0,10,4,2,2,0,0,16,0,0,0,2,10,0,0,6,0,0,0,0,0,0,0,0,0,0,0,0,0,0,0,0,0,0
0,0,0,0,0,0,0,0,8,0,0,2,10,0,0,0,0,2,18,4,6,6,0,0,20,20,0,0,0,6,16,6,2,0,0,0,0,12,0,0,0,0,0,0,0,0,4,0,12,64,2,4,0,6,2,0,10,0,0,2,8,14,0,8,0,18,8,18,16,6,4,12,2,8,0,24,14,2,2,2,10,10,2,6,0,0,2,0,0,0,0,0,2,8,0,0,0,0,0,0,0,44,0,2,2,0,0,4,0,0,0,8,12,0,0,6,0,0,0,0,0,0,0,0,0,0,0,0,0,0,0,0,0,0
0,6,0,0,0,0,0,0,4,0,0,0,6,4,0,0,0,10,14,2,6,4,0,2,14,24,0,0,0,4,0,6,0,2,10,2,4,0,0,2,0,0,0,0,0,2,12,10,16,30,0,0,6,4,0,2,4,2,0,4,2,12,0,6,12,8,2,16,6,10,12,2,4,26,0,2,4,2,4,0,14,0,8,0,4,0,6,0,0,0,0,0,4,4,0,0,0,6,0,0,0,6,0,0,0,0,0,4,0,0,0,8,8,0,0,0,0,0,0,0,0,0,0,0,0,0,0,0,0,0,0,0,0,0
2,0,0,0,0,0,0,0,26,0,0,0,8,0,0,0,0,22,22,4,0,22,2,0,34,22,0,0,0,8,4,12,0,2,0,6,0,0,0,0,0,0,0,0,0,2,0,8,8,18,0,0,0,0,2,0,8,0,0,6,6,22,0,12,8,2,6,30,10,14,6,6,6,36,0,0,0,0,2,0,6,0,2,0,6,4,0,0,0,0,0,0,0,8,0,0,0,6,0,0,0,36,4,4,2,4,2,4,0,0,0,12,0,0,0,16,0,0,0,0,0,0,0,0,0,0,0,0,0,0,0,0,0,0
0,0,0,0,0,0,0,0,0,0,0,2,2,0,0,0,0,0,14,8,12,6,6,0,30,14,0,0,0,8,12,6,8,2,8,8,6,2,0,0,2,0,0,0,0,0,4,6,4,24,0,0,0,0,4,0,0,4,2,4,6,16,0,0,2,6,6,10,4,12,8,8,4,2,0,0,2,0,2,0,10,0,12,0,4,2,6,0,0,0,0,0,0,0,0,0,0,0,0,0,0,0,0,0,0,0,0,0,0,0,0,0,0,0,0,0,0,0,0,0,0,0,0,0,0,0,0,0,0,0,0,0,0,0
2,8,0,0,0,0,0,0,0,0,0,0,2,0,0,0,0,6,10,2,4,18,2,0,14,22,0,0,0,2,0,18,0,10,12,8,2,2,0,0,4,0,0,0,0,0,0,2,0,14,2,2,2,8,4,4,0,0,2,6,12,20,0,0,14,2,6,24,10,12,8,16,2,2,4,4,4,2,0,0,12,4,2,8,0,4,0,0,0,0,0,0,0,0,0,0,0,0,0,0,0,0,0,0,0,0,0,0,0,0,0,0,0,0,0,0,0,0,0,0,0,0,0,0,0,0,0,0,0,0,0,0,0,0
0,0,0,0,0,0,0,0,0,0,0,0,2,0,0,0,0,6,2,0,10,8,4,10,16,38,0,0,0,2,18,8,6,8,8,0,0,6,0,0,2,0,4,0,6,4,6,2,14,28,2,2,10,6,0,0,0,0,0,4,4,16,0,0,6,12,8,12,10,20,2,6,4,2,2,0,0,0,0,0,10,4,2,2,0,8,4,0,0,0,0,0,0,0,0,0,0,0,0,0,0,0,0,0,0,0,0,0,0,0,0,0,0,0,0,0,0,0,0,0,0,0,0,0,0,0,0,0,0,0,0,0,0,0
0,0,0,0,0,0,0,0,0,0,0,0,0,0,0,0,0,4,12,0,6,0,2,0,22,18,0,0,0,2,10,0,0,12,4,8,0,4,0,0,0,0,0,0,4,0,8,8,8,14,0,4,0,0,0,0,0,0,0,2,16,18,0,0,0,14,12,26,18,14,0,8,8,30,0,0,0,0,0,0,12,2,18,0,0,2,6,0,0,0,0,0,0,0,0,0,0,0,0,0,0,0,0,0,0,0,0,0,0,0,0,0,0,0,0,0,0,0,0,0,0,0,0,0,0,0,0,0,0,0,0,0,0,0
